gene	population	piN	piS	piN_piS	sites_used	ref_fasta	genetic_code
aars2	THE	0.000865388	0.00100924	0.857464	2834	/work/cyu/stickleback_nuclear_only.fa	1
aars2	JOE	0.000433839	0.000212338	2.04315	2834	/work/cyu/stickleback_nuclear_only.fa	1
aars2	BEA	0.000460452	0.000524289	0.87824	2834	/work/cyu/stickleback_nuclear_only.fa	1
aars2	MUC	0.000257411	0.00015226	1.6906	2834	/work/cyu/stickleback_nuclear_only.fa	1
aars2	PYE	0.000593407	0.00106664	0.556333	2834	/work/cyu/stickleback_nuclear_only.fa	1
aars2	AMO	0.000634637	0.000994025	0.638452	2834	/work/cyu/stickleback_nuclear_only.fa	1
aars2	SAY	0.000892743	0.0009494	0.940323	2834	/work/cyu/stickleback_nuclear_only.fa	1
aars2	GOS	0.000352106	0.000737887	0.477181	2834	/work/cyu/stickleback_nuclear_only.fa	1
aars2	ROB	0.000711833	0.000751012	0.947832	2834	/work/cyu/stickleback_nuclear_only.fa	1
aars2	FG	0.00085473	0.000903786	0.945722	2834	/work/cyu/stickleback_nuclear_only.fa	1
aars2	BOOT	0.000466682	0.000464316	1.0051	2834	/work/cyu/stickleback_nuclear_only.fa	1
aars2	ECHO	0.000304479	0.00039424	0.772318	2834	/work/cyu/stickleback_nuclear_only.fa	1
aars2	FRED	0.00124437	0.000609786	2.04066	2834	/work/cyu/stickleback_nuclear_only.fa	1
aars2	LAW	0.00065683	0.000822562	0.798518	2834	/work/cyu/stickleback_nuclear_only.fa	1
aars2	PACH	0.000690903	0.000404908	1.70632	2834	/work/cyu/stickleback_nuclear_only.fa	1
aars2	RS	0.001467	0.0012989	1.12942	2834	/work/cyu/stickleback_nuclear_only.fa	1
aars2	SC	0.00091838	0.000973641	0.943244	2834	/work/cyu/stickleback_nuclear_only.fa	1
aars2	LB	0.00119173	0.00085437	1.39486	2834	/work/cyu/stickleback_nuclear_only.fa	1
aars2	CH	0.000886797	0.000958374	0.925314	2834	/work/cyu/stickleback_nuclear_only.fa	1
aars2	LG	0.000872773	0.00085181	1.02461	2834	/work/cyu/stickleback_nuclear_only.fa	1
aars2	SR	0.000777915	0.0005896	1.3194	2834	/work/cyu/stickleback_nuclear_only.fa	1
aars2	SL	0.000742936	0.000666258	1.11509	2834	/work/cyu/stickleback_nuclear_only.fa	1
aars2	TL	0.00134884	0.000642682	2.09877	2834	/work/cyu/stickleback_nuclear_only.fa	1
aars2	WB	0.000859914	0.000871995	0.986145	2834	/work/cyu/stickleback_nuclear_only.fa	1
aars2	WT	0.000826154	0.000674219	1.22535	2834	/work/cyu/stickleback_nuclear_only.fa	1
aars2	WK	0.000387213	0.000553916	0.699047	2834	/work/cyu/stickleback_nuclear_only.fa	1
aars2	SWA	0.000238728	0.000693853	0.344061	2834	/work/cyu/stickleback_nuclear_only.fa	1
acad9	THE	0.00218245	0.00123258	1.77063	1881	/work/cyu/stickleback_nuclear_only.fa	1
acad9	JOE	0.000654251	0.000308315	2.12202	1881	/work/cyu/stickleback_nuclear_only.fa	1
acad9	BEA	0.000957349	0.00079564	1.20324	1878	/work/cyu/stickleback_nuclear_only.fa	1
acad9	MUC	0.000226055	9.64449e-05	2.34388	1880	/work/cyu/stickleback_nuclear_only.fa	1
acad9	PYE	0.00205983	0.00124082	1.66006	1881	/work/cyu/stickleback_nuclear_only.fa	1
acad9	AMO	0.00221909	0.00070003	3.17	1881	/work/cyu/stickleback_nuclear_only.fa	1
acad9	SAY	0.00235399	0.00111636	2.10862	1881	/work/cyu/stickleback_nuclear_only.fa	1
acad9	GOS	0.00104758	0.000375726	2.78814	1880	/work/cyu/stickleback_nuclear_only.fa	1
acad9	ROB	0.00215694	0.000837888	2.57426	1881	/work/cyu/stickleback_nuclear_only.fa	1
acad9	FG	0.00193274	0.00093273	2.07213	1881	/work/cyu/stickleback_nuclear_only.fa	1
acad9	BOOT	0.00118805	0.000814365	1.45886	1881	/work/cyu/stickleback_nuclear_only.fa	1
acad9	ECHO	0.000954127	0.000514649	1.85394	1881	/work/cyu/stickleback_nuclear_only.fa	1
acad9	FRED	0.00182122	0.000863136	2.11001	1881	/work/cyu/stickleback_nuclear_only.fa	1
acad9	LAW	0.000871133	0.000477445	1.82457	1881	/work/cyu/stickleback_nuclear_only.fa	1
acad9	PACH	0.00216468	0.000516348	4.19229	1881	/work/cyu/stickleback_nuclear_only.fa	1
acad9	RS	0.00344317	0.00135435	2.5423	1881	/work/cyu/stickleback_nuclear_only.fa	1
acad9	SC	0.00242481	0.000943429	2.57021	1881	/work/cyu/stickleback_nuclear_only.fa	1
acad9	LB	0.00302651	0.00110895	2.72917	1881	/work/cyu/stickleback_nuclear_only.fa	1
acad9	CH	0.00241496	0.00110457	2.18633	1881	/work/cyu/stickleback_nuclear_only.fa	1
acad9	LG	0.00222259	0.000982286	2.26267	1881	/work/cyu/stickleback_nuclear_only.fa	1
acad9	SR	0.00120423	0.00132779	0.906941	1881	/work/cyu/stickleback_nuclear_only.fa	1
acad9	SL	0.00197803	0.00109949	1.79904	1881	/work/cyu/stickleback_nuclear_only.fa	1
acad9	TL	0.00176038	0.000512501	3.43488	1881	/work/cyu/stickleback_nuclear_only.fa	1
acad9	WB	0.00164847	0.00137305	1.20059	1881	/work/cyu/stickleback_nuclear_only.fa	1
acad9	WT	0.00230638	0.00102522	2.24964	1881	/work/cyu/stickleback_nuclear_only.fa	1
acad9	WK	0.00142816	0.00114249	1.25004	1881	/work/cyu/stickleback_nuclear_only.fa	1
acad9	SWA	0.00159215	0.000411911	3.86528	1880	/work/cyu/stickleback_nuclear_only.fa	1
aifm1	THE	0.000546869	0.000241602	2.26351	2070	/work/cyu/stickleback_nuclear_only.fa	1
aifm1	JOE	0.00216472	0.000785312	2.75651	2070	/work/cyu/stickleback_nuclear_only.fa	1
aifm1	BEA	0.00228757	0.000559725	4.08696	2070	/work/cyu/stickleback_nuclear_only.fa	1
aifm1	MUC	0.000479936	0.000496676	0.966296	2069	/work/cyu/stickleback_nuclear_only.fa	1
aifm1	PYE	0.00375424	0.00143433	2.61741	2070	/work/cyu/stickleback_nuclear_only.fa	1
aifm1	AMO	0.00261026	0.000874319	2.98547	2070	/work/cyu/stickleback_nuclear_only.fa	1
aifm1	SAY	0.00351501	0.000993005	3.53977	2070	/work/cyu/stickleback_nuclear_only.fa	1
aifm1	GOS	0.00191528	0.000778449	2.46038	2070	/work/cyu/stickleback_nuclear_only.fa	1
aifm1	ROB	0.00196484	0.000539071	3.64487	2069	/work/cyu/stickleback_nuclear_only.fa	1
aifm1	FG	0.00167281	0.000344393	4.85728	2070	/work/cyu/stickleback_nuclear_only.fa	1
aifm1	BOOT	0.00280118	0.00139646	2.00592	2070	/work/cyu/stickleback_nuclear_only.fa	1
aifm1	ECHO	0.00170109	0.000752955	2.25922	2070	/work/cyu/stickleback_nuclear_only.fa	1
aifm1	FRED	0.00151201	0.00028646	5.27826	2070	/work/cyu/stickleback_nuclear_only.fa	1
aifm1	LAW	0.00317942	0.00135366	2.34876	2070	/work/cyu/stickleback_nuclear_only.fa	1
aifm1	PACH	0.00112105	7.76592e-05	14.4356	2064	/work/cyu/stickleback_nuclear_only.fa	1
aifm1	RS	0.00225088	0.000581258	3.87242	2061	/work/cyu/stickleback_nuclear_only.fa	1
aifm1	SC	0.00319242	0.00120454	2.65031	2070	/work/cyu/stickleback_nuclear_only.fa	1
aifm1	LB	0.00178959	0.000433049	4.13254	2070	/work/cyu/stickleback_nuclear_only.fa	1
aifm1	CH	0.00330378	0.00119054	2.77502	2070	/work/cyu/stickleback_nuclear_only.fa	1
aifm1	LG	0.000783325	8.59567e-05	9.11302	2070	/work/cyu/stickleback_nuclear_only.fa	1
aifm1	SR	0.00094388	0.000170823	5.52548	2070	/work/cyu/stickleback_nuclear_only.fa	1
aifm1	SL	0.0010729	0.000421037	2.54823	2070	/work/cyu/stickleback_nuclear_only.fa	1
aifm1	TL	0.00307119	0.00115555	2.65777	2070	/work/cyu/stickleback_nuclear_only.fa	1
aifm1	WB	0.000835269	0.000127075	6.57305	2070	/work/cyu/stickleback_nuclear_only.fa	1
aifm1	WT	0.00269898	0.000833966	3.23632	2070	/work/cyu/stickleback_nuclear_only.fa	1
aifm1	WK	0.00107011	0.000319603	3.34824	2070	/work/cyu/stickleback_nuclear_only.fa	1
aifm1	SWA	0.00308491	0.00139217	2.2159	2070	/work/cyu/stickleback_nuclear_only.fa	1
aimp1	THE	0.00201415	0.00104604	1.9255	945	/work/cyu/stickleback_nuclear_only.fa	1
aimp1	JOE	0.00145119	0.000182272	7.96169	945	/work/cyu/stickleback_nuclear_only.fa	1
aimp1	BEA	0.00176195	0.000482239	3.65369	945	/work/cyu/stickleback_nuclear_only.fa	1
aimp1	MUC	0.00110044	0.00112721	0.976249	945	/work/cyu/stickleback_nuclear_only.fa	1
aimp1	PYE	0.00132559	0.00117399	1.12913	945	/work/cyu/stickleback_nuclear_only.fa	1
aimp1	AMO	0.00159572	0.000688222	2.31862	945	/work/cyu/stickleback_nuclear_only.fa	1
aimp1	SAY	0.00131235	0.00121359	1.08137	945	/work/cyu/stickleback_nuclear_only.fa	1
aimp1	GOS	0.00213373	0.00107385	1.98699	945	/work/cyu/stickleback_nuclear_only.fa	1
aimp1	ROB	0.00179318	0.00136939	1.30947	945	/work/cyu/stickleback_nuclear_only.fa	1
aimp1	FG	0.00102335	0.000926651	1.10436	945	/work/cyu/stickleback_nuclear_only.fa	1
aimp1	BOOT	0.00151759	0.000682518	2.22352	945	/work/cyu/stickleback_nuclear_only.fa	1
aimp1	ECHO	0.00220732	0.00108283	2.03847	945	/work/cyu/stickleback_nuclear_only.fa	1
aimp1	FRED	0.000373893	0.000607745	0.615213	945	/work/cyu/stickleback_nuclear_only.fa	1
aimp1	LAW	0.00122809	0.000688072	1.78483	945	/work/cyu/stickleback_nuclear_only.fa	1
aimp1	PACH	0.000736878	0.000514764	1.43149	945	/work/cyu/stickleback_nuclear_only.fa	1
aimp1	RS	0.00212826	0.00121187	1.75618	945	/work/cyu/stickleback_nuclear_only.fa	1
aimp1	SC	0.000897201	0.00112566	0.797046	945	/work/cyu/stickleback_nuclear_only.fa	1
aimp1	LB	0.00171896	0.000926131	1.85606	945	/work/cyu/stickleback_nuclear_only.fa	1
aimp1	CH	0.00185873	0.00120495	1.54259	945	/work/cyu/stickleback_nuclear_only.fa	1
aimp1	LG	0.00115769	0.00105184	1.10063	945	/work/cyu/stickleback_nuclear_only.fa	1
aimp1	SR	0.00152126	0.00125882	1.20848	945	/work/cyu/stickleback_nuclear_only.fa	1
aimp1	SL	0.00107526	0.000952815	1.12851	945	/work/cyu/stickleback_nuclear_only.fa	1
aimp1	TL	0.000626776	0.000209683	2.98916	945	/work/cyu/stickleback_nuclear_only.fa	1
aimp1	WB	0.00105162	0.000916869	1.14697	945	/work/cyu/stickleback_nuclear_only.fa	1
aimp1	WT	0.00144144	0.00177916	0.81018	945	/work/cyu/stickleback_nuclear_only.fa	1
aimp1	WK	0.00114155	0.00075012	1.52183	945	/work/cyu/stickleback_nuclear_only.fa	1
aimp1	SWA	0.000487904	0.000196231	2.48638	945	/work/cyu/stickleback_nuclear_only.fa	1
aimp2	THE	0.00184719	0.000928432	1.98958	948	/work/cyu/stickleback_nuclear_only.fa	1
aimp2	JOE	0.0014876	0.000505609	2.9422	948	/work/cyu/stickleback_nuclear_only.fa	1
aimp2	BEA	0.000322463	6.51807e-05	4.94722	948	/work/cyu/stickleback_nuclear_only.fa	1
aimp2	MUC	0.00027093	0.000143547	1.8874	948	/work/cyu/stickleback_nuclear_only.fa	1
aimp2	PYE	0.000772314	0.000934066	0.82683	948	/work/cyu/stickleback_nuclear_only.fa	1
aimp2	AMO	0.00211132	0.000483033	4.37096	948	/work/cyu/stickleback_nuclear_only.fa	1
aimp2	SAY	0.00111548	0.000488849	2.28185	948	/work/cyu/stickleback_nuclear_only.fa	1
aimp2	GOS	0.00108673	0.000527236	2.06118	948	/work/cyu/stickleback_nuclear_only.fa	1
aimp2	ROB	0.00150592	0.00102058	1.47555	948	/work/cyu/stickleback_nuclear_only.fa	1
aimp2	FG	0.000915633	7.21242e-05	12.6952	948	/work/cyu/stickleback_nuclear_only.fa	1
aimp2	BOOT	0.00149292	0.000570263	2.61795	948	/work/cyu/stickleback_nuclear_only.fa	1
aimp2	ECHO	9.5025e-05	3.98592e-05	2.38402	948	/work/cyu/stickleback_nuclear_only.fa	1
aimp2	FRED	0.00028778	0.00044928	0.640537	948	/work/cyu/stickleback_nuclear_only.fa	1
aimp2	LAW	0.00133387	0.000775459	1.7201	948	/work/cyu/stickleback_nuclear_only.fa	1
aimp2	PACH	0.000754142	0.000993922	0.758754	948	/work/cyu/stickleback_nuclear_only.fa	1
aimp2	RS	0.00180863	0.000756586	2.39051	948	/work/cyu/stickleback_nuclear_only.fa	1
aimp2	SC	0.000876834	0.00040009	2.19159	948	/work/cyu/stickleback_nuclear_only.fa	1
aimp2	LB	0.00105881	0.000176573	5.99643	948	/work/cyu/stickleback_nuclear_only.fa	1
aimp2	CH	0.000836742	0.000297789	2.80985	948	/work/cyu/stickleback_nuclear_only.fa	1
aimp2	LG	0.000529865	7.36366e-05	7.19567	948	/work/cyu/stickleback_nuclear_only.fa	1
aimp2	SR	0.00112155	0.000796585	1.40794	948	/work/cyu/stickleback_nuclear_only.fa	1
aimp2	SL	0.000685078	7.35014e-05	9.32062	948	/work/cyu/stickleback_nuclear_only.fa	1
aimp2	TL	0.000739241	0.00126092	0.586272	948	/work/cyu/stickleback_nuclear_only.fa	1
aimp2	WB	0.000842154	0.000354388	2.37636	948	/work/cyu/stickleback_nuclear_only.fa	1
aimp2	WT	0.000500427	0.00017919	2.79271	948	/work/cyu/stickleback_nuclear_only.fa	1
aimp2	WK	0.000773895	7.06681e-05	10.9511	948	/work/cyu/stickleback_nuclear_only.fa	1
aimp2	SWA	0.000254116	6.56555e-05	3.87045	948	/work/cyu/stickleback_nuclear_only.fa	1
atp5f1a	THE	0.00139009	0.000403918	3.44151	1650	/work/cyu/stickleback_nuclear_only.fa	1
atp5f1a	JOE	0.000476843	0.000137481	3.46843	1650	/work/cyu/stickleback_nuclear_only.fa	1
atp5f1a	BEA	0.00107153	0.000473592	2.26255	1650	/work/cyu/stickleback_nuclear_only.fa	1
atp5f1a	MUC	0.000917668	0.000508565	1.80442	1650	/work/cyu/stickleback_nuclear_only.fa	1
atp5f1a	PYE	0.00201012	0.00061882	3.24832	1650	/work/cyu/stickleback_nuclear_only.fa	1
atp5f1a	AMO	0.00116899	0.000539879	2.16529	1650	/work/cyu/stickleback_nuclear_only.fa	1
atp5f1a	SAY	0.00153798	0.000731749	2.10179	1650	/work/cyu/stickleback_nuclear_only.fa	1
atp5f1a	GOS	0.000720361	0.000229979	3.13229	1650	/work/cyu/stickleback_nuclear_only.fa	1
atp5f1a	ROB	0.0017128	0.000642782	2.66467	1650	/work/cyu/stickleback_nuclear_only.fa	1
atp5f1a	FG	0.00113117	0.000354526	3.19066	1650	/work/cyu/stickleback_nuclear_only.fa	1
atp5f1a	BOOT	0.00124501	0.000628967	1.97945	1650	/work/cyu/stickleback_nuclear_only.fa	1
atp5f1a	ECHO	0.000359064	0.000122941	2.92062	1650	/work/cyu/stickleback_nuclear_only.fa	1
atp5f1a	FRED	0.0008205	0.000427805	1.91793	1650	/work/cyu/stickleback_nuclear_only.fa	1
atp5f1a	LAW	0.00149038	0.000597439	2.49462	1650	/work/cyu/stickleback_nuclear_only.fa	1
atp5f1a	PACH	0.000608462	0.000152861	3.98048	1650	/work/cyu/stickleback_nuclear_only.fa	1
atp5f1a	RS	0.00236644	0.000907637	2.60726	1650	/work/cyu/stickleback_nuclear_only.fa	1
atp5f1a	SC	0.00153549	0.000559447	2.74466	1650	/work/cyu/stickleback_nuclear_only.fa	1
atp5f1a	LB	0.00182854	0.000918144	1.99156	1650	/work/cyu/stickleback_nuclear_only.fa	1
atp5f1a	CH	0.00153101	0.000575556	2.66005	1650	/work/cyu/stickleback_nuclear_only.fa	1
atp5f1a	LG	0.00174712	0.000760927	2.29604	1650	/work/cyu/stickleback_nuclear_only.fa	1
atp5f1a	SR	0.00127486	0.0001244	10.2481	1650	/work/cyu/stickleback_nuclear_only.fa	1
atp5f1a	SL	0.00129843	0.000701818	1.8501	1650	/work/cyu/stickleback_nuclear_only.fa	1
atp5f1a	TL	0.000730298	0.000116205	6.28459	1650	/work/cyu/stickleback_nuclear_only.fa	1
atp5f1a	WB	0.00163383	0.000640328	2.55155	1650	/work/cyu/stickleback_nuclear_only.fa	1
atp5f1a	WT	0.00112507	0.000520692	2.16073	1650	/work/cyu/stickleback_nuclear_only.fa	1
atp5f1a	WK	0.000746271	8.25353e-05	9.04184	1650	/work/cyu/stickleback_nuclear_only.fa	1
atp5f1a	SWA	0.00133133	0.000217755	6.11387	1650	/work/cyu/stickleback_nuclear_only.fa	1
atp5f1b	THE	0.000550597	0.00365203	0.150765	1584	/work/cyu/stickleback_nuclear_only.fa	1
atp5f1b	JOE	0.000375393	0.000475711	0.789121	1584	/work/cyu/stickleback_nuclear_only.fa	1
atp5f1b	BEA	0.000477566	0.00218573	0.218493	1584	/work/cyu/stickleback_nuclear_only.fa	1
atp5f1b	MUC	0.000291757	0.00164474	0.177388	1584	/work/cyu/stickleback_nuclear_only.fa	1
atp5f1b	PYE	0.000504431	0.00256552	0.196619	1584	/work/cyu/stickleback_nuclear_only.fa	1
atp5f1b	AMO	0.000592413	0.00285145	0.207759	1584	/work/cyu/stickleback_nuclear_only.fa	1
atp5f1b	SAY	0.00044239	0.00369085	0.119861	1584	/work/cyu/stickleback_nuclear_only.fa	1
atp5f1b	GOS	0.000185889	0.00185245	0.100348	1584	/work/cyu/stickleback_nuclear_only.fa	1
atp5f1b	ROB	0.00049885	0.0033454	0.149115	1584	/work/cyu/stickleback_nuclear_only.fa	1
atp5f1b	FG	0.00017408	0.00334234	0.0520833	1584	/work/cyu/stickleback_nuclear_only.fa	1
atp5f1b	BOOT	0.000357544	0.00160007	0.223455	1584	/work/cyu/stickleback_nuclear_only.fa	1
atp5f1b	ECHO	0.000102965	0.0017714	0.058126	1584	/work/cyu/stickleback_nuclear_only.fa	1
atp5f1b	FRED	0.000228455	0.00164532	0.138851	1584	/work/cyu/stickleback_nuclear_only.fa	1
atp5f1b	LAW	0.000448302	0.00293453	0.152768	1584	/work/cyu/stickleback_nuclear_only.fa	1
atp5f1b	PACH	0.000217122	0.000976545	0.222337	1584	/work/cyu/stickleback_nuclear_only.fa	1
atp5f1b	RS	0.00104963	0.0035399	0.296514	1584	/work/cyu/stickleback_nuclear_only.fa	1
atp5f1b	SC	0.000433805	0.00301304	0.143976	1584	/work/cyu/stickleback_nuclear_only.fa	1
atp5f1b	LB	0.000756726	0.00218954	0.345609	1584	/work/cyu/stickleback_nuclear_only.fa	1
atp5f1b	CH	0.000291047	0.00327345	0.0889112	1584	/work/cyu/stickleback_nuclear_only.fa	1
atp5f1b	LG	0.000241081	0.00343254	0.070234	1584	/work/cyu/stickleback_nuclear_only.fa	1
atp5f1b	SR	0.000503881	0.00293071	0.171932	1584	/work/cyu/stickleback_nuclear_only.fa	1
atp5f1b	SL	0.000363088	0.00247579	0.146655	1584	/work/cyu/stickleback_nuclear_only.fa	1
atp5f1b	TL	0.000254839	0.00183822	0.138633	1584	/work/cyu/stickleback_nuclear_only.fa	1
atp5f1b	WB	0.000275865	0.00300422	0.0918259	1584	/work/cyu/stickleback_nuclear_only.fa	1
atp5f1b	WT	0.000318196	0.00276349	0.115143	1584	/work/cyu/stickleback_nuclear_only.fa	1
atp5f1b	WK	0.00081495	0.00328809	0.247849	1584	/work/cyu/stickleback_nuclear_only.fa	1
atp5f1b	SWA	0.000173613	0.0014578	0.119092	1584	/work/cyu/stickleback_nuclear_only.fa	1
atp5f1c	THE	0.00126623	0.0008717	1.45259	870	/work/cyu/stickleback_nuclear_only.fa	1
atp5f1c	JOE	0.000992484	0.000168923	5.87538	870	/work/cyu/stickleback_nuclear_only.fa	1
atp5f1c	BEA	0.000783452	0.000471056	1.66318	870	/work/cyu/stickleback_nuclear_only.fa	1
atp5f1c	MUC	0.000672608	4.13942e-05	16.2488	870	/work/cyu/stickleback_nuclear_only.fa	1
atp5f1c	PYE	0.000826275	0.0011336	0.728894	870	/work/cyu/stickleback_nuclear_only.fa	1
atp5f1c	AMO	0.000842568	0.000822332	1.02461	870	/work/cyu/stickleback_nuclear_only.fa	1
atp5f1c	SAY	0.00100037	0.00120896	0.827466	870	/work/cyu/stickleback_nuclear_only.fa	1
atp5f1c	GOS	0.000539628	0.000642599	0.839758	870	/work/cyu/stickleback_nuclear_only.fa	1
atp5f1c	ROB	0.000824796	0.000952184	0.866215	870	/work/cyu/stickleback_nuclear_only.fa	1
atp5f1c	FG	0.00112187	0.000409903	2.73693	870	/work/cyu/stickleback_nuclear_only.fa	1
atp5f1c	BOOT	0.000859312	0.000730989	1.17555	870	/work/cyu/stickleback_nuclear_only.fa	1
atp5f1c	ECHO	0.00046471	0.00044303	1.04894	870	/work/cyu/stickleback_nuclear_only.fa	1
atp5f1c	FRED	0.000588857	0.000284121	2.07255	870	/work/cyu/stickleback_nuclear_only.fa	1
atp5f1c	LAW	0.000522709	0.000458426	1.14023	870	/work/cyu/stickleback_nuclear_only.fa	1
atp5f1c	PACH	0.000367897	0.000298219	1.23365	870	/work/cyu/stickleback_nuclear_only.fa	1
atp5f1c	RS	0.00156209	0.00122499	1.27518	870	/work/cyu/stickleback_nuclear_only.fa	1
atp5f1c	SC	0.00107348	0.000864438	1.24182	870	/work/cyu/stickleback_nuclear_only.fa	1
atp5f1c	LB	0.00141233	0.000604511	2.33632	870	/work/cyu/stickleback_nuclear_only.fa	1
atp5f1c	CH	0.0010351	0.00105749	0.97882	870	/work/cyu/stickleback_nuclear_only.fa	1
atp5f1c	LG	0.000976749	0.00132427	0.737574	870	/work/cyu/stickleback_nuclear_only.fa	1
atp5f1c	SR	0.000410723	0.000808303	0.50813	870	/work/cyu/stickleback_nuclear_only.fa	1
atp5f1c	SL	0.000827331	0.00117642	0.703265	870	/work/cyu/stickleback_nuclear_only.fa	1
atp5f1c	TL	0.000268986	0.000643865	0.417768	870	/work/cyu/stickleback_nuclear_only.fa	1
atp5f1c	WB	0.000838927	0.00100518	0.834605	870	/work/cyu/stickleback_nuclear_only.fa	1
atp5f1c	WT	0.000943096	0.00122162	0.772002	870	/work/cyu/stickleback_nuclear_only.fa	1
atp5f1c	WK	0.00076581	0.000789545	0.969938	870	/work/cyu/stickleback_nuclear_only.fa	1
atp5f1c	SWA	0.000696348	0.00076109	0.914934	870	/work/cyu/stickleback_nuclear_only.fa	1
atp5f1d	THE	0.00270135	8.07997e-05	33.4327	477	/work/cyu/stickleback_nuclear_only.fa	1
atp5f1d	JOE	0.00029909	0.00019939	1.50002	477	/work/cyu/stickleback_nuclear_only.fa	1
atp5f1d	BEA	0.00149869	2.78365e-05	53.8389	477	/work/cyu/stickleback_nuclear_only.fa	1
atp5f1d	MUC	0.000840108	7.31804e-05	11.48	477	/work/cyu/stickleback_nuclear_only.fa	1
atp5f1d	PYE	0.00339362	0.00105237	3.22475	477	/work/cyu/stickleback_nuclear_only.fa	1
atp5f1d	AMO	0.00152987	0.000280761	5.449	477	/work/cyu/stickleback_nuclear_only.fa	1
atp5f1d	SAY	0.00230254	0.000180571	12.7515	477	/work/cyu/stickleback_nuclear_only.fa	1
atp5f1d	GOS	0.00123227	9.88456e-05	12.4666	477	/work/cyu/stickleback_nuclear_only.fa	1
atp5f1d	ROB	0.00215941	9.13327e-05	23.6433	477	/work/cyu/stickleback_nuclear_only.fa	1
atp5f1d	FG	0.00126735	0.000914429	1.38595	477	/work/cyu/stickleback_nuclear_only.fa	1
atp5f1d	BOOT	0.00115861	4.19464e-05	27.6212	477	/work/cyu/stickleback_nuclear_only.fa	1
atp5f1d	ECHO	0.00118281	0.00012755	9.27327	477	/work/cyu/stickleback_nuclear_only.fa	1
atp5f1d	FRED	0.00150661	0.000131837	11.4278	477	/work/cyu/stickleback_nuclear_only.fa	1
atp5f1d	LAW	0.00113458	5.43114e-05	20.8902	477	/work/cyu/stickleback_nuclear_only.fa	1
atp5f1d	PACH	0.00447655	0	NA	477	/work/cyu/stickleback_nuclear_only.fa	1
atp5f1d	RS	0.00288582	0.000638054	4.52284	477	/work/cyu/stickleback_nuclear_only.fa	1
atp5f1d	SC	0.00151527	0.000843346	1.79674	477	/work/cyu/stickleback_nuclear_only.fa	1
atp5f1d	LB	0.00166312	0.00107341	1.54938	477	/work/cyu/stickleback_nuclear_only.fa	1
atp5f1d	CH	0.00168915	0.000497876	3.3927	477	/work/cyu/stickleback_nuclear_only.fa	1
atp5f1d	LG	0.00206468	0.000997467	2.06993	477	/work/cyu/stickleback_nuclear_only.fa	1
atp5f1d	SR	0.00149427	0.000892565	1.67413	477	/work/cyu/stickleback_nuclear_only.fa	1
atp5f1d	SL	0.00119735	0.00102917	1.16342	477	/work/cyu/stickleback_nuclear_only.fa	1
atp5f1d	TL	0.000430684	0.000193046	2.23099	477	/work/cyu/stickleback_nuclear_only.fa	1
atp5f1d	WB	0.00208231	0.000311931	6.67556	477	/work/cyu/stickleback_nuclear_only.fa	1
atp5f1d	WT	0.00329314	0.00101365	3.2488	477	/work/cyu/stickleback_nuclear_only.fa	1
atp5f1d	WK	0.000961385	0.00111589	0.861541	477	/work/cyu/stickleback_nuclear_only.fa	1
atp5f1d	SWA	0.00148005	0.000206798	7.15697	477	/work/cyu/stickleback_nuclear_only.fa	1
atp5if1b	THE	0.000164666	0.000161076	1.02229	327	/work/cyu/stickleback_nuclear_only.fa	1
atp5if1b	JOE	0.000294689	0.000185444	1.5891	327	/work/cyu/stickleback_nuclear_only.fa	1
atp5if1b	BEA	0.00166911	6.17169e-05	27.0447	327	/work/cyu/stickleback_nuclear_only.fa	1
atp5if1b	MUC	0.00037437	0.000172837	2.16603	327	/work/cyu/stickleback_nuclear_only.fa	1
atp5if1b	PYE	0.000266958	0.000628876	0.424501	327	/work/cyu/stickleback_nuclear_only.fa	1
atp5if1b	AMO	0.000113308	0.00313468	0.0361465	327	/work/cyu/stickleback_nuclear_only.fa	1
atp5if1b	SAY	0.000402092	0.00130001	0.3093	327	/work/cyu/stickleback_nuclear_only.fa	1
atp5if1b	GOS	0.000326379	0.00138458	0.235725	327	/work/cyu/stickleback_nuclear_only.fa	1
atp5if1b	ROB	9.43083e-05	0.000271075	0.347905	327	/work/cyu/stickleback_nuclear_only.fa	1
atp5if1b	FG	0.000349938	0.000144497	2.42176	327	/work/cyu/stickleback_nuclear_only.fa	1
atp5if1b	BOOT	0	0.00170448	0	327	/work/cyu/stickleback_nuclear_only.fa	1
atp5if1b	ECHO	0.000351515	0	NA	327	/work/cyu/stickleback_nuclear_only.fa	1
atp5if1b	FRED	0.000565071	0.000287856	1.96304	327	/work/cyu/stickleback_nuclear_only.fa	1
atp5if1b	LAW	0.000197739	0.00160316	0.123343	327	/work/cyu/stickleback_nuclear_only.fa	1
atp5if1b	PACH	0.000315749	9.49685e-05	3.32478	327	/work/cyu/stickleback_nuclear_only.fa	1
atp5if1b	RS	0.000999149	0.000669545	1.49228	327	/work/cyu/stickleback_nuclear_only.fa	1
atp5if1b	SC	0.000297976	0.000118096	2.52316	327	/work/cyu/stickleback_nuclear_only.fa	1
atp5if1b	LB	0.000505588	7.64037e-05	6.61732	327	/work/cyu/stickleback_nuclear_only.fa	1
atp5if1b	CH	0.000451671	9.18787e-05	4.91595	327	/work/cyu/stickleback_nuclear_only.fa	1
atp5if1b	LG	0.000686874	7.57715e-05	9.06507	327	/work/cyu/stickleback_nuclear_only.fa	1
atp5if1b	SR	0.000599771	0.00030711	1.95295	327	/work/cyu/stickleback_nuclear_only.fa	1
atp5if1b	SL	0.000892545	5.4976e-05	16.2352	327	/work/cyu/stickleback_nuclear_only.fa	1
atp5if1b	TL	0.000197209	0	NA	327	/work/cyu/stickleback_nuclear_only.fa	1
atp5if1b	WB	0.000271554	0.000360705	0.752841	327	/work/cyu/stickleback_nuclear_only.fa	1
atp5if1b	WT	0.000326848	0.000112371	2.90865	327	/work/cyu/stickleback_nuclear_only.fa	1
atp5if1b	WK	0.000516804	5.69141e-05	9.08044	327	/work/cyu/stickleback_nuclear_only.fa	1
atp5if1b	SWA	0.00042669	0.00271179	0.157346	327	/work/cyu/stickleback_nuclear_only.fa	1
atp5l	THE	0.000219571	0	NA	306	/work/cyu/stickleback_nuclear_only.fa	1
atp5l	JOE	0.000101596	0.000115406	0.880338	306	/work/cyu/stickleback_nuclear_only.fa	1
atp5l	BEA	0.000293674	4.92204e-05	5.9665	306	/work/cyu/stickleback_nuclear_only.fa	1
atp5l	MUC	0.000123315	0	NA	306	/work/cyu/stickleback_nuclear_only.fa	1
atp5l	PYE	0.00161136	0.000109908	14.6609	306	/work/cyu/stickleback_nuclear_only.fa	1
atp5l	AMO	0.00175425	0	NA	306	/work/cyu/stickleback_nuclear_only.fa	1
atp5l	SAY	0.000494069	0.000145126	3.40441	306	/work/cyu/stickleback_nuclear_only.fa	1
atp5l	GOS	0.0014379	0	NA	306	/work/cyu/stickleback_nuclear_only.fa	1
atp5l	ROB	0.000949604	8.73484e-05	10.8715	306	/work/cyu/stickleback_nuclear_only.fa	1
atp5l	FG	0.00138444	0.000147652	9.3764	306	/work/cyu/stickleback_nuclear_only.fa	1
atp5l	BOOT	0.000935894	0.000185445	5.04675	306	/work/cyu/stickleback_nuclear_only.fa	1
atp5l	ECHO	0.00141884	9.30056e-05	15.2554	306	/work/cyu/stickleback_nuclear_only.fa	1
atp5l	FRED	8.05703e-05	0	NA	306	/work/cyu/stickleback_nuclear_only.fa	1
atp5l	LAW	0.00179032	0	NA	306	/work/cyu/stickleback_nuclear_only.fa	1
atp5l	PACH	0.00108092	0	NA	306	/work/cyu/stickleback_nuclear_only.fa	1
atp5l	RS	0.00111145	0.000363749	3.05553	306	/work/cyu/stickleback_nuclear_only.fa	1
atp5l	SC	0.000843236	0.000128222	6.57637	306	/work/cyu/stickleback_nuclear_only.fa	1
atp5l	LB	0.0010656	5.61794e-05	18.9677	306	/work/cyu/stickleback_nuclear_only.fa	1
atp5l	CH	0.000866318	8.94955e-05	9.68003	306	/work/cyu/stickleback_nuclear_only.fa	1
atp5l	LG	0.000806993	0	NA	306	/work/cyu/stickleback_nuclear_only.fa	1
atp5l	SR	0.000174154	8.64438e-05	2.01465	306	/work/cyu/stickleback_nuclear_only.fa	1
atp5l	SL	0.00184419	0	NA	306	/work/cyu/stickleback_nuclear_only.fa	1
atp5l	TL	7.75752e-05	6.10579e-05	1.27052	306	/work/cyu/stickleback_nuclear_only.fa	1
atp5l	WB	0.000135813	7.72851e-05	1.7573	306	/work/cyu/stickleback_nuclear_only.fa	1
atp5l	WT	0.00126276	0	NA	306	/work/cyu/stickleback_nuclear_only.fa	1
atp5l	WK	0.00150481	0	NA	306	/work/cyu/stickleback_nuclear_only.fa	1
atp5l	SWA	0.000238109	5.48432e-05	4.34162	306	/work/cyu/stickleback_nuclear_only.fa	1
atp5mc1	THE	0.000219472	0.000197359	1.11205	408	/work/cyu/stickleback_nuclear_only.fa	1
atp5mc1	JOE	0.000298405	0.00141988	0.210162	408	/work/cyu/stickleback_nuclear_only.fa	1
atp5mc1	BEA	0.00013743	0.000122947	1.1178	408	/work/cyu/stickleback_nuclear_only.fa	1
atp5mc1	MUC	0.000276787	6.529e-05	4.23936	408	/work/cyu/stickleback_nuclear_only.fa	1
atp5mc1	PYE	0.000409681	0.00131961	0.310456	408	/work/cyu/stickleback_nuclear_only.fa	1
atp5mc1	AMO	0.00112228	0.00117656	0.953864	408	/work/cyu/stickleback_nuclear_only.fa	1
atp5mc1	SAY	0.000476425	0.00164883	0.288946	408	/work/cyu/stickleback_nuclear_only.fa	1
atp5mc1	GOS	0.000172596	0.00127302	0.13558	408	/work/cyu/stickleback_nuclear_only.fa	1
atp5mc1	ROB	0.000233776	0.000575402	0.406283	408	/work/cyu/stickleback_nuclear_only.fa	1
atp5mc1	FG	0.000132762	0.000333898	0.397614	408	/work/cyu/stickleback_nuclear_only.fa	1
atp5mc1	BOOT	0.000302184	0.000933974	0.323546	408	/work/cyu/stickleback_nuclear_only.fa	1
atp5mc1	ECHO	0.00042025	0.00105911	0.396796	408	/work/cyu/stickleback_nuclear_only.fa	1
atp5mc1	FRED	0.000347513	0.00159732	0.21756	408	/work/cyu/stickleback_nuclear_only.fa	1
atp5mc1	LAW	0.000370989	0.0013914	0.26663	408	/work/cyu/stickleback_nuclear_only.fa	1
atp5mc1	PACH	0.000256055	0.000256038	1.00007	408	/work/cyu/stickleback_nuclear_only.fa	1
atp5mc1	RS	0.00102003	0.00126755	0.804723	408	/work/cyu/stickleback_nuclear_only.fa	1
atp5mc1	SC	0.000285915	0.00134411	0.212717	408	/work/cyu/stickleback_nuclear_only.fa	1
atp5mc1	LB	0.00137665	0.000159722	8.61906	408	/work/cyu/stickleback_nuclear_only.fa	1
atp5mc1	CH	7.29461e-05	0.000499402	0.146067	408	/work/cyu/stickleback_nuclear_only.fa	1
atp5mc1	LG	0.000584097	0.000473519	1.23352	408	/work/cyu/stickleback_nuclear_only.fa	1
atp5mc1	SR	0.00012217	0.000637171	0.191738	408	/work/cyu/stickleback_nuclear_only.fa	1
atp5mc1	SL	0.000179921	8.08842e-05	2.22442	408	/work/cyu/stickleback_nuclear_only.fa	1
atp5mc1	TL	0.000151047	0.000329429	0.458513	408	/work/cyu/stickleback_nuclear_only.fa	1
atp5mc1	WB	0.000215911	0.000199444	1.08256	408	/work/cyu/stickleback_nuclear_only.fa	1
atp5mc1	WT	0.000170428	0.00123432	0.138075	408	/work/cyu/stickleback_nuclear_only.fa	1
atp5mc1	WK	0.000323488	0.000497063	0.650799	408	/work/cyu/stickleback_nuclear_only.fa	1
atp5mc1	SWA	7.77504e-05	0.000940654	0.0826558	408	/work/cyu/stickleback_nuclear_only.fa	1
atp5mf	THE	0.000990369	0	NA	273	/work/cyu/stickleback_nuclear_only.fa	1
atp5mf	JOE	0.000363326	0.000253557	1.43291	273	/work/cyu/stickleback_nuclear_only.fa	1
atp5mf	BEA	0.000500081	6.66001e-05	7.50872	273	/work/cyu/stickleback_nuclear_only.fa	1
atp5mf	MUC	0.000197049	0.000145105	1.35797	273	/work/cyu/stickleback_nuclear_only.fa	1
atp5mf	PYE	0.00138411	0.000111674	12.3942	273	/work/cyu/stickleback_nuclear_only.fa	1
atp5mf	AMO	0.00176815	0	NA	273	/work/cyu/stickleback_nuclear_only.fa	1
atp5mf	SAY	0.00112839	7.83188e-05	14.4077	273	/work/cyu/stickleback_nuclear_only.fa	1
atp5mf	GOS	0.000692078	0	NA	273	/work/cyu/stickleback_nuclear_only.fa	1
atp5mf	ROB	0.00207269	9.53649e-05	21.7343	273	/work/cyu/stickleback_nuclear_only.fa	1
atp5mf	FG	0.000253797	0.000123086	2.06196	273	/work/cyu/stickleback_nuclear_only.fa	1
atp5mf	BOOT	0.000188591	8.0459e-05	2.34394	273	/work/cyu/stickleback_nuclear_only.fa	1
atp5mf	ECHO	0.000238299	7.40237e-05	3.21922	273	/work/cyu/stickleback_nuclear_only.fa	1
atp5mf	FRED	0	0.00135465	0	273	/work/cyu/stickleback_nuclear_only.fa	1
atp5mf	LAW	0.000519505	6.85414e-05	7.57943	273	/work/cyu/stickleback_nuclear_only.fa	1
atp5mf	PACH	0.000174702	8.90925e-05	1.9609	273	/work/cyu/stickleback_nuclear_only.fa	1
atp5mf	RS	0.00129867	0.000229236	5.66522	273	/work/cyu/stickleback_nuclear_only.fa	1
atp5mf	SC	0.00055164	2.58341e-05	21.3531	273	/work/cyu/stickleback_nuclear_only.fa	1
atp5mf	LB	0.00018614	9.19344e-05	2.02471	273	/work/cyu/stickleback_nuclear_only.fa	1
atp5mf	CH	0.0013935	5.14883e-05	27.0644	273	/work/cyu/stickleback_nuclear_only.fa	1
atp5mf	LG	0.000214644	0	NA	273	/work/cyu/stickleback_nuclear_only.fa	1
atp5mf	SR	0.000235641	0	NA	273	/work/cyu/stickleback_nuclear_only.fa	1
atp5mf	SL	6.04536e-05	0	NA	273	/work/cyu/stickleback_nuclear_only.fa	1
atp5mf	TL	9.01327e-05	0	NA	273	/work/cyu/stickleback_nuclear_only.fa	1
atp5mf	WB	6.57479e-05	0	NA	273	/work/cyu/stickleback_nuclear_only.fa	1
atp5mf	WT	0.000314951	5.66584e-05	5.55876	273	/work/cyu/stickleback_nuclear_only.fa	1
atp5mf	WK	0.00142777	0	NA	273	/work/cyu/stickleback_nuclear_only.fa	1
atp5mf	SWA	0.000308476	0	NA	273	/work/cyu/stickleback_nuclear_only.fa	1
atp5pb	THE	0.000287836	4.4756e-05	6.43124	750	/work/cyu/stickleback_nuclear_only.fa	1
atp5pb	JOE	0.000337235	0.000132603	2.54319	750	/work/cyu/stickleback_nuclear_only.fa	1
atp5pb	BEA	0.00130432	0.000334272	3.90198	750	/work/cyu/stickleback_nuclear_only.fa	1
atp5pb	MUC	8.43113e-05	4.49057e-05	1.87752	750	/work/cyu/stickleback_nuclear_only.fa	1
atp5pb	PYE	0.00186155	8.64892e-05	21.5235	750	/work/cyu/stickleback_nuclear_only.fa	1
atp5pb	AMO	0.000329916	2.20371e-05	14.971	750	/work/cyu/stickleback_nuclear_only.fa	1
atp5pb	SAY	0.000679591	0.000109358	6.21438	750	/work/cyu/stickleback_nuclear_only.fa	1
atp5pb	GOS	0.000282205	8.8605e-05	3.18498	750	/work/cyu/stickleback_nuclear_only.fa	1
atp5pb	ROB	0.000273447	0.000735971	0.371546	750	/work/cyu/stickleback_nuclear_only.fa	1
atp5pb	FG	0.000226178	7.93658e-05	2.84981	750	/work/cyu/stickleback_nuclear_only.fa	1
atp5pb	BOOT	0.000289298	3.4105e-05	8.48257	750	/work/cyu/stickleback_nuclear_only.fa	1
atp5pb	ECHO	0.000117059	9.07159e-05	1.29039	750	/work/cyu/stickleback_nuclear_only.fa	1
atp5pb	FRED	0.000334577	0.000149771	2.23393	750	/work/cyu/stickleback_nuclear_only.fa	1
atp5pb	LAW	0.00181361	0.000145568	12.4588	750	/work/cyu/stickleback_nuclear_only.fa	1
atp5pb	PACH	5.15474e-05	0.000107924	0.477627	750	/work/cyu/stickleback_nuclear_only.fa	1
atp5pb	RS	0.000977065	0.000238641	4.09429	750	/work/cyu/stickleback_nuclear_only.fa	1
atp5pb	SC	0.000349434	0.000102302	3.41572	750	/work/cyu/stickleback_nuclear_only.fa	1
atp5pb	LB	0.000316303	0.00012859	2.45977	750	/work/cyu/stickleback_nuclear_only.fa	1
atp5pb	CH	0.000444402	6.54423e-05	6.79073	750	/work/cyu/stickleback_nuclear_only.fa	1
atp5pb	LG	0.000414171	2.07457e-05	19.9641	750	/work/cyu/stickleback_nuclear_only.fa	1
atp5pb	SR	0.000116472	9.70971e-05	1.19954	750	/work/cyu/stickleback_nuclear_only.fa	1
atp5pb	SL	0.000218207	9.39869e-05	2.32168	750	/work/cyu/stickleback_nuclear_only.fa	1
atp5pb	TL	0.000204019	0	NA	750	/work/cyu/stickleback_nuclear_only.fa	1
atp5pb	WB	0.000276575	0.000105484	2.62195	750	/work/cyu/stickleback_nuclear_only.fa	1
atp5pb	WT	0.000773117	9.70165e-05	7.96892	750	/work/cyu/stickleback_nuclear_only.fa	1
atp5pb	WK	0.000210641	0.000116161	1.81335	750	/work/cyu/stickleback_nuclear_only.fa	1
atp5pb	SWA	0.000944419	6.74864e-05	13.9942	750	/work/cyu/stickleback_nuclear_only.fa	1
atp5pd	THE	0.00127498	0	NA	480	/work/cyu/stickleback_nuclear_only.fa	1
atp5pd	JOE	0.00213512	5.74911e-05	37.1382	480	/work/cyu/stickleback_nuclear_only.fa	1
atp5pd	BEA	0.000989348	8.17098e-05	12.1081	480	/work/cyu/stickleback_nuclear_only.fa	1
atp5pd	MUC	4.56782e-05	3.78608e-05	1.20648	480	/work/cyu/stickleback_nuclear_only.fa	1
atp5pd	PYE	0.00102903	0.000119752	8.59295	480	/work/cyu/stickleback_nuclear_only.fa	1
atp5pd	AMO	0.00199646	0.000116675	17.1113	480	/work/cyu/stickleback_nuclear_only.fa	1
atp5pd	SAY	0.0016379	0.000280079	5.84802	480	/work/cyu/stickleback_nuclear_only.fa	1
atp5pd	GOS	0.00111276	5.09326e-05	21.8477	480	/work/cyu/stickleback_nuclear_only.fa	1
atp5pd	ROB	0.00260509	0.000147508	17.6606	480	/work/cyu/stickleback_nuclear_only.fa	1
atp5pd	FG	0.000130376	0	NA	480	/work/cyu/stickleback_nuclear_only.fa	1
atp5pd	BOOT	0.000522174	0.000301004	1.73477	480	/work/cyu/stickleback_nuclear_only.fa	1
atp5pd	ECHO	0.000944007	0	NA	480	/work/cyu/stickleback_nuclear_only.fa	1
atp5pd	FRED	0.00116241	0.000133625	8.69909	480	/work/cyu/stickleback_nuclear_only.fa	1
atp5pd	LAW	0.00231302	0.000154011	15.0185	480	/work/cyu/stickleback_nuclear_only.fa	1
atp5pd	PACH	8.54541e-05	5.46185e-05	1.56457	480	/work/cyu/stickleback_nuclear_only.fa	1
atp5pd	RS	0.00154986	0.00032949	4.7038	480	/work/cyu/stickleback_nuclear_only.fa	1
atp5pd	SC	0.00359615	0.000121787	29.5283	480	/work/cyu/stickleback_nuclear_only.fa	1
atp5pd	LB	0.000731031	8.64241e-05	8.45866	480	/work/cyu/stickleback_nuclear_only.fa	1
atp5pd	CH	0.00260829	5.61272e-05	46.471	480	/work/cyu/stickleback_nuclear_only.fa	1
atp5pd	LG	0.000512607	7.81647e-05	6.55804	480	/work/cyu/stickleback_nuclear_only.fa	1
atp5pd	SR	0.0013397	0.000111403	12.0258	480	/work/cyu/stickleback_nuclear_only.fa	1
atp5pd	SL	0.000535578	3.67955e-05	14.5556	480	/work/cyu/stickleback_nuclear_only.fa	1
atp5pd	TL	0.00219835	0	NA	480	/work/cyu/stickleback_nuclear_only.fa	1
atp5pd	WB	0.000276477	9.6267e-05	2.87199	480	/work/cyu/stickleback_nuclear_only.fa	1
atp5pd	WT	0.00020811	2.83057e-05	7.35222	480	/work/cyu/stickleback_nuclear_only.fa	1
atp5pd	WK	9.1298e-05	0.000168529	0.541735	480	/work/cyu/stickleback_nuclear_only.fa	1
atp5pd	SWA	0.00182527	6.58215e-05	27.7305	480	/work/cyu/stickleback_nuclear_only.fa	1
atp5pf	THE	0.000629691	0.00157074	0.400888	318	/work/cyu/stickleback_nuclear_only.fa	1
atp5pf	JOE	0.000259536	0.00160956	0.161246	318	/work/cyu/stickleback_nuclear_only.fa	1
atp5pf	BEA	0.00018639	0.00017524	1.06362	318	/work/cyu/stickleback_nuclear_only.fa	1
atp5pf	MUC	0.000239875	9.24837e-05	2.5937	318	/work/cyu/stickleback_nuclear_only.fa	1
atp5pf	PYE	0.000107618	0.00059921	0.179599	318	/work/cyu/stickleback_nuclear_only.fa	1
atp5pf	AMO	0.000145017	0.00153082	0.0947315	318	/work/cyu/stickleback_nuclear_only.fa	1
atp5pf	SAY	0.000400398	0.00152611	0.262365	318	/work/cyu/stickleback_nuclear_only.fa	1
atp5pf	GOS	0.000622533	0.00181502	0.34299	318	/work/cyu/stickleback_nuclear_only.fa	1
atp5pf	ROB	7.97979e-05	0.00056122	0.142187	318	/work/cyu/stickleback_nuclear_only.fa	1
atp5pf	FG	0.000231751	0.00118982	0.194778	318	/work/cyu/stickleback_nuclear_only.fa	1
atp5pf	BOOT	6.83308e-05	0.00159641	0.0428027	318	/work/cyu/stickleback_nuclear_only.fa	1
atp5pf	ECHO	0.000177061	0.00166688	0.106223	318	/work/cyu/stickleback_nuclear_only.fa	1
atp5pf	FRED	0.000238693	0.000269203	0.886668	318	/work/cyu/stickleback_nuclear_only.fa	1
atp5pf	LAW	7.06079e-05	0.000567816	0.12435	318	/work/cyu/stickleback_nuclear_only.fa	1
atp5pf	PACH	0.000295116	0.000223392	1.32107	318	/work/cyu/stickleback_nuclear_only.fa	1
atp5pf	RS	0.000870284	0.00152842	0.5694	318	/work/cyu/stickleback_nuclear_only.fa	1
atp5pf	SC	0.000166357	0.00141397	0.117652	318	/work/cyu/stickleback_nuclear_only.fa	1
atp5pf	LB	0.000198169	0.000661649	0.299508	318	/work/cyu/stickleback_nuclear_only.fa	1
atp5pf	CH	0.000230495	0.000687512	0.335259	318	/work/cyu/stickleback_nuclear_only.fa	1
atp5pf	LG	4.74573e-05	0.00140271	0.0338326	318	/work/cyu/stickleback_nuclear_only.fa	1
atp5pf	SR	0.000289778	0.000589101	0.4919	318	/work/cyu/stickleback_nuclear_only.fa	1
atp5pf	SL	0.000146955	0.000429703	0.341992	318	/work/cyu/stickleback_nuclear_only.fa	1
atp5pf	TL	0.000151949	0.00160604	0.094611	318	/work/cyu/stickleback_nuclear_only.fa	1
atp5pf	WB	5.26816e-05	0.00105216	0.0500701	318	/work/cyu/stickleback_nuclear_only.fa	1
atp5pf	WT	4.68394e-05	0.00110269	0.0424774	318	/work/cyu/stickleback_nuclear_only.fa	1
atp5pf	WK	0.000442404	0.000707186	0.625583	318	/work/cyu/stickleback_nuclear_only.fa	1
atp5pf	SWA	0.000147512	0	NA	318	/work/cyu/stickleback_nuclear_only.fa	1
atp5po	THE	0.000137547	0.000113866	1.20798	636	/work/cyu/stickleback_nuclear_only.fa	1
atp5po	JOE	0.000441547	0.00102849	0.429318	636	/work/cyu/stickleback_nuclear_only.fa	1
atp5po	BEA	0.00239556	0.00142158	1.68513	636	/work/cyu/stickleback_nuclear_only.fa	1
atp5po	MUC	0.000365179	0.000248107	1.47186	636	/work/cyu/stickleback_nuclear_only.fa	1
atp5po	PYE	0.000400183	0.000754636	0.5303	636	/work/cyu/stickleback_nuclear_only.fa	1
atp5po	AMO	0.000802579	0	NA	636	/work/cyu/stickleback_nuclear_only.fa	1
atp5po	SAY	0.000479916	0.000968901	0.49532	636	/work/cyu/stickleback_nuclear_only.fa	1
atp5po	GOS	0.000815263	0.00121964	0.668448	636	/work/cyu/stickleback_nuclear_only.fa	1
atp5po	ROB	0.00112728	0.000656411	1.71734	636	/work/cyu/stickleback_nuclear_only.fa	1
atp5po	FG	0.000100316	0.000179213	0.559759	636	/work/cyu/stickleback_nuclear_only.fa	1
atp5po	BOOT	0.000478423	0.000846333	0.56529	636	/work/cyu/stickleback_nuclear_only.fa	1
atp5po	ECHO	0.000552827	0.000343581	1.60901	636	/work/cyu/stickleback_nuclear_only.fa	1
atp5po	FRED	0.000383425	0.000570986	0.671514	636	/work/cyu/stickleback_nuclear_only.fa	1
atp5po	LAW	0.000463147	0.000968547	0.478187	636	/work/cyu/stickleback_nuclear_only.fa	1
atp5po	PACH	9.10966e-05	0.000385835	0.236103	636	/work/cyu/stickleback_nuclear_only.fa	1
atp5po	RS	0.000758967	0.00109238	0.694785	636	/work/cyu/stickleback_nuclear_only.fa	1
atp5po	SC	0.000877608	0.00068234	1.28617	636	/work/cyu/stickleback_nuclear_only.fa	1
atp5po	LB	0.00103876	0.000212561	4.88687	636	/work/cyu/stickleback_nuclear_only.fa	1
atp5po	CH	0.000175366	0.000817819	0.214432	636	/work/cyu/stickleback_nuclear_only.fa	1
atp5po	LG	0.000248635	0.000681381	0.364898	636	/work/cyu/stickleback_nuclear_only.fa	1
atp5po	SR	0.000129116	9.09039e-05	1.42036	636	/work/cyu/stickleback_nuclear_only.fa	1
atp5po	SL	0.00049007	0.000659682	0.742888	636	/work/cyu/stickleback_nuclear_only.fa	1
atp5po	TL	5.79478e-05	0.000118437	0.48927	636	/work/cyu/stickleback_nuclear_only.fa	1
atp5po	WB	0.000289915	0.000288668	1.00432	636	/work/cyu/stickleback_nuclear_only.fa	1
atp5po	WT	0.00150062	0.001022	1.46832	636	/work/cyu/stickleback_nuclear_only.fa	1
atp5po	WK	0.00151515	0.00086308	1.75552	636	/work/cyu/stickleback_nuclear_only.fa	1
atp5po	SWA	0.0012485	0.00154459	0.808306	636	/work/cyu/stickleback_nuclear_only.fa	1
atpaf1	THE	0.0014615	4.57413e-05	31.9514	897	/work/cyu/stickleback_nuclear_only.fa	1
atpaf1	JOE	0.000556349	0.000157828	3.52503	897	/work/cyu/stickleback_nuclear_only.fa	1
atpaf1	BEA	0.00116652	0.000441228	2.6438	897	/work/cyu/stickleback_nuclear_only.fa	1
atpaf1	MUC	0.000181827	0.000155014	1.17297	897	/work/cyu/stickleback_nuclear_only.fa	1
atpaf1	PYE	0.00192501	0.000568425	3.38658	897	/work/cyu/stickleback_nuclear_only.fa	1
atpaf1	AMO	0.000983839	0.000355087	2.7707	897	/work/cyu/stickleback_nuclear_only.fa	1
atpaf1	SAY	0.00183247	0.000608097	3.01345	897	/work/cyu/stickleback_nuclear_only.fa	1
atpaf1	GOS	0.00027576	7.2615e-05	3.79756	897	/work/cyu/stickleback_nuclear_only.fa	1
atpaf1	ROB	0.00158344	0.000498644	3.17549	897	/work/cyu/stickleback_nuclear_only.fa	1
atpaf1	FG	0.000770223	0.000408654	1.88478	897	/work/cyu/stickleback_nuclear_only.fa	1
atpaf1	BOOT	0.000522781	0.000286459	1.82497	897	/work/cyu/stickleback_nuclear_only.fa	1
atpaf1	ECHO	0.000423882	3.81772e-05	11.103	897	/work/cyu/stickleback_nuclear_only.fa	1
atpaf1	FRED	0.00081948	0.000136304	6.01217	897	/work/cyu/stickleback_nuclear_only.fa	1
atpaf1	LAW	0.00081133	0.000361279	2.24571	897	/work/cyu/stickleback_nuclear_only.fa	1
atpaf1	PACH	0.000128491	0.000251489	0.51092	897	/work/cyu/stickleback_nuclear_only.fa	1
atpaf1	RS	0.00257467	0.000614136	4.19235	897	/work/cyu/stickleback_nuclear_only.fa	1
atpaf1	SC	0.00164013	0.000579644	2.82955	897	/work/cyu/stickleback_nuclear_only.fa	1
atpaf1	LB	0.00130263	0.000566114	2.301	897	/work/cyu/stickleback_nuclear_only.fa	1
atpaf1	CH	0.00160801	0.000193032	8.33031	897	/work/cyu/stickleback_nuclear_only.fa	1
atpaf1	LG	0.00215296	0.000482995	4.45752	897	/work/cyu/stickleback_nuclear_only.fa	1
atpaf1	SR	0.00043586	7.23071e-05	6.0279	897	/work/cyu/stickleback_nuclear_only.fa	1
atpaf1	SL	0.00167682	0.000332929	5.03656	897	/work/cyu/stickleback_nuclear_only.fa	1
atpaf1	TL	0.000417306	0.000127453	3.27421	897	/work/cyu/stickleback_nuclear_only.fa	1
atpaf1	WB	0.00107162	0.000196267	5.46001	897	/work/cyu/stickleback_nuclear_only.fa	1
atpaf1	WT	0.00148594	0.000396171	3.75076	897	/work/cyu/stickleback_nuclear_only.fa	1
atpaf1	WK	0.000702938	0.000325704	2.15821	897	/work/cyu/stickleback_nuclear_only.fa	1
atpaf1	SWA	0.000221011	6.17806e-05	3.57735	897	/work/cyu/stickleback_nuclear_only.fa	1
atpaf2	THE	0.00182339	0.000425451	4.28577	825	/work/cyu/stickleback_nuclear_only.fa	1
atpaf2	JOE	0.000381084	0.000170872	2.23023	825	/work/cyu/stickleback_nuclear_only.fa	1
atpaf2	BEA	0.00144241	0.000132596	10.8782	825	/work/cyu/stickleback_nuclear_only.fa	1
atpaf2	MUC	0.000572328	7.12826e-05	8.02901	825	/work/cyu/stickleback_nuclear_only.fa	1
atpaf2	PYE	0.00164665	0.000502717	3.27549	825	/work/cyu/stickleback_nuclear_only.fa	1
atpaf2	AMO	0.00243833	0.000788233	3.09341	825	/work/cyu/stickleback_nuclear_only.fa	1
atpaf2	SAY	0.00193084	0.000879729	2.19481	825	/work/cyu/stickleback_nuclear_only.fa	1
atpaf2	GOS	0.000873689	0.00071767	1.2174	825	/work/cyu/stickleback_nuclear_only.fa	1
atpaf2	ROB	0.00241863	0.000643689	3.75745	825	/work/cyu/stickleback_nuclear_only.fa	1
atpaf2	FG	0.00148967	3.88469e-05	38.3472	825	/work/cyu/stickleback_nuclear_only.fa	1
atpaf2	BOOT	0.000401415	0.000319811	1.25516	825	/work/cyu/stickleback_nuclear_only.fa	1
atpaf2	ECHO	0.000657031	0.000663443	0.990335	825	/work/cyu/stickleback_nuclear_only.fa	1
atpaf2	FRED	0.000997588	0.000412994	2.4155	825	/work/cyu/stickleback_nuclear_only.fa	1
atpaf2	LAW	0.00114884	0.000528106	2.1754	825	/work/cyu/stickleback_nuclear_only.fa	1
atpaf2	PACH	0.00175475	0.00113191	1.55025	825	/work/cyu/stickleback_nuclear_only.fa	1
atpaf2	RS	0.00299222	0.000948968	3.15313	825	/work/cyu/stickleback_nuclear_only.fa	1
atpaf2	SC	0.00238855	0.000795835	3.00131	825	/work/cyu/stickleback_nuclear_only.fa	1
atpaf2	LB	0.00201455	0.000392453	5.13322	825	/work/cyu/stickleback_nuclear_only.fa	1
atpaf2	CH	0.00218273	0.000421166	5.18258	825	/work/cyu/stickleback_nuclear_only.fa	1
atpaf2	LG	0.00279206	0.000154746	18.0428	825	/work/cyu/stickleback_nuclear_only.fa	1
atpaf2	SR	0.000235475	4.30016e-05	5.47597	825	/work/cyu/stickleback_nuclear_only.fa	1
atpaf2	SL	0.00118277	0.000719777	1.64324	825	/work/cyu/stickleback_nuclear_only.fa	1
atpaf2	TL	0.00081135	0.000102336	7.92831	825	/work/cyu/stickleback_nuclear_only.fa	1
atpaf2	WB	0.00246524	0.000905784	2.72167	825	/work/cyu/stickleback_nuclear_only.fa	1
atpaf2	WT	0.00160437	0.00108277	1.48172	825	/work/cyu/stickleback_nuclear_only.fa	1
atpaf2	WK	0.00154812	7.13596e-05	21.6947	825	/work/cyu/stickleback_nuclear_only.fa	1
atpaf2	SWA	0.00022231	0.000430675	0.516189	825	/work/cyu/stickleback_nuclear_only.fa	1
aurkaip1	THE	0.00281522	0.000733761	3.8367	609	/work/cyu/stickleback_nuclear_only.fa	1
aurkaip1	JOE	0.00126398	6.59571e-05	19.1637	609	/work/cyu/stickleback_nuclear_only.fa	1
aurkaip1	BEA	0.000692273	0.000209273	3.308	609	/work/cyu/stickleback_nuclear_only.fa	1
aurkaip1	MUC	0.000159638	0	NA	609	/work/cyu/stickleback_nuclear_only.fa	1
aurkaip1	PYE	0.00364872	0.000471703	7.7352	609	/work/cyu/stickleback_nuclear_only.fa	1
aurkaip1	AMO	0.00240628	0.000915105	2.62951	609	/work/cyu/stickleback_nuclear_only.fa	1
aurkaip1	SAY	0.00193004	0.000309039	6.24531	609	/work/cyu/stickleback_nuclear_only.fa	1
aurkaip1	GOS	0.000944903	4.06394e-05	23.2509	609	/work/cyu/stickleback_nuclear_only.fa	1
aurkaip1	ROB	0.00257765	0.000676422	3.81071	609	/work/cyu/stickleback_nuclear_only.fa	1
aurkaip1	FG	0.0010137	7.84155e-05	12.9273	609	/work/cyu/stickleback_nuclear_only.fa	1
aurkaip1	BOOT	0.00134424	0.000155474	8.64611	609	/work/cyu/stickleback_nuclear_only.fa	1
aurkaip1	ECHO	0.00121887	0.000162265	7.51162	609	/work/cyu/stickleback_nuclear_only.fa	1
aurkaip1	FRED	0.000967586	7.76776e-05	12.4564	609	/work/cyu/stickleback_nuclear_only.fa	1
aurkaip1	LAW	0.0026359	0.00100539	2.62178	609	/work/cyu/stickleback_nuclear_only.fa	1
aurkaip1	PACH	0.000986743	9.55033e-05	10.332	609	/work/cyu/stickleback_nuclear_only.fa	1
aurkaip1	RS	0.00327775	0.000424083	7.72902	609	/work/cyu/stickleback_nuclear_only.fa	1
aurkaip1	SC	0.00203019	8.84997e-05	22.9401	609	/work/cyu/stickleback_nuclear_only.fa	1
aurkaip1	LB	0.00243221	0.000196357	12.3866	609	/work/cyu/stickleback_nuclear_only.fa	1
aurkaip1	CH	0.00216193	9.80783e-05	22.0429	609	/work/cyu/stickleback_nuclear_only.fa	1
aurkaip1	LG	0.00328702	0.000163752	20.0732	609	/work/cyu/stickleback_nuclear_only.fa	1
aurkaip1	SR	0.000259874	7.36816e-05	3.52698	609	/work/cyu/stickleback_nuclear_only.fa	1
aurkaip1	SL	0.00055643	0.000139785	3.98063	609	/work/cyu/stickleback_nuclear_only.fa	1
aurkaip1	TL	0.000700366	7.71142e-05	9.08219	609	/work/cyu/stickleback_nuclear_only.fa	1
aurkaip1	WB	0.00288831	8.35414e-05	34.5733	609	/work/cyu/stickleback_nuclear_only.fa	1
aurkaip1	WT	0.00205555	0.00011816	17.3964	609	/work/cyu/stickleback_nuclear_only.fa	1
aurkaip1	WK	0.00163545	0.000124209	13.167	609	/work/cyu/stickleback_nuclear_only.fa	1
aurkaip1	SWA	0.00154614	3.37417e-05	45.8228	609	/work/cyu/stickleback_nuclear_only.fa	1
cars	THE	0.00174598	0.000795195	2.19566	2451	/work/cyu/stickleback_nuclear_only.fa	1
cars	JOE	0.00152978	0.000307221	4.9794	2451	/work/cyu/stickleback_nuclear_only.fa	1
cars	BEA	0.00166125	0.00102167	1.62601	2451	/work/cyu/stickleback_nuclear_only.fa	1
cars	MUC	0.000373794	0.000134676	2.7755	2451	/work/cyu/stickleback_nuclear_only.fa	1
cars	PYE	0.00186654	0.000959726	1.94487	2451	/work/cyu/stickleback_nuclear_only.fa	1
cars	AMO	0.00139978	0.000980767	1.42723	2451	/work/cyu/stickleback_nuclear_only.fa	1
cars	SAY	0.00238488	0.00111357	2.14165	2451	/work/cyu/stickleback_nuclear_only.fa	1
cars	GOS	0.000634174	0.000504139	1.25794	2451	/work/cyu/stickleback_nuclear_only.fa	1
cars	ROB	0.00190044	0.000891198	2.13246	2451	/work/cyu/stickleback_nuclear_only.fa	1
cars	FG	0.00169084	0.0006195	2.72937	2451	/work/cyu/stickleback_nuclear_only.fa	1
cars	BOOT	0.000717306	0.000421837	1.70044	2451	/work/cyu/stickleback_nuclear_only.fa	1
cars	ECHO	0.000641166	0.000512866	1.25016	2451	/work/cyu/stickleback_nuclear_only.fa	1
cars	FRED	0.000750883	0.000542658	1.38371	2451	/work/cyu/stickleback_nuclear_only.fa	1
cars	LAW	0.00118453	0.000713444	1.6603	2451	/work/cyu/stickleback_nuclear_only.fa	1
cars	PACH	0.0017371	0.000964333	1.80135	2451	/work/cyu/stickleback_nuclear_only.fa	1
cars	RS	0.0027669	0.00121568	2.276	2451	/work/cyu/stickleback_nuclear_only.fa	1
cars	SC	0.00257755	0.00101029	2.55129	2451	/work/cyu/stickleback_nuclear_only.fa	1
cars	LB	0.00184546	0.000792929	2.32739	2451	/work/cyu/stickleback_nuclear_only.fa	1
cars	CH	0.0022453	0.0011865	1.89237	2451	/work/cyu/stickleback_nuclear_only.fa	1
cars	LG	0.00142372	0.000985288	1.44498	2451	/work/cyu/stickleback_nuclear_only.fa	1
cars	SR	0.00113882	0.000448515	2.53909	2451	/work/cyu/stickleback_nuclear_only.fa	1
cars	SL	0.0020368	0.000846552	2.406	2451	/work/cyu/stickleback_nuclear_only.fa	1
cars	TL	0.00060411	0.00079132	0.763421	2451	/work/cyu/stickleback_nuclear_only.fa	1
cars	WB	0.00208336	0.000754122	2.76262	2451	/work/cyu/stickleback_nuclear_only.fa	1
cars	WT	0.000949172	0.000737344	1.28728	2451	/work/cyu/stickleback_nuclear_only.fa	1
cars	WK	0.00186217	0.000559643	3.32742	2451	/work/cyu/stickleback_nuclear_only.fa	1
cars	SWA	0.00064457	0.000800915	0.804791	2451	/work/cyu/stickleback_nuclear_only.fa	1
cars2	THE	0.00122823	0.000653727	1.87881	1680	/work/cyu/stickleback_nuclear_only.fa	1
cars2	JOE	0.00048145	0.000244527	1.9689	1680	/work/cyu/stickleback_nuclear_only.fa	1
cars2	BEA	0.00133209	0.00100706	1.32275	1680	/work/cyu/stickleback_nuclear_only.fa	1
cars2	MUC	0.000505186	0.000534413	0.94531	1680	/work/cyu/stickleback_nuclear_only.fa	1
cars2	PYE	0.00115178	0.000610531	1.88653	1680	/work/cyu/stickleback_nuclear_only.fa	1
cars2	AMO	0.00153261	0.00101667	1.50748	1680	/work/cyu/stickleback_nuclear_only.fa	1
cars2	SAY	0.00113526	0.00102568	1.10684	1680	/work/cyu/stickleback_nuclear_only.fa	1
cars2	GOS	0.0010128	0.000548916	1.84508	1680	/work/cyu/stickleback_nuclear_only.fa	1
cars2	ROB	0.000901469	0.00131263	0.686767	1680	/work/cyu/stickleback_nuclear_only.fa	1
cars2	FG	0.000418023	0.000503964	0.829469	1680	/work/cyu/stickleback_nuclear_only.fa	1
cars2	BOOT	0.000781445	0.000189318	4.12768	1680	/work/cyu/stickleback_nuclear_only.fa	1
cars2	ECHO	0.000736976	0.000439142	1.67822	1680	/work/cyu/stickleback_nuclear_only.fa	1
cars2	FRED	0.000295862	0.000216934	1.36384	1680	/work/cyu/stickleback_nuclear_only.fa	1
cars2	LAW	0.000443179	0.00131074	0.338113	1680	/work/cyu/stickleback_nuclear_only.fa	1
cars2	PACH	0.000171422	4.46576e-05	3.83859	1680	/work/cyu/stickleback_nuclear_only.fa	1
cars2	RS	0.00186534	0.00124337	1.50023	1680	/work/cyu/stickleback_nuclear_only.fa	1
cars2	SC	0.00123189	0.000747117	1.64886	1680	/work/cyu/stickleback_nuclear_only.fa	1
cars2	LB	0.00128842	0.00111646	1.15401	1680	/work/cyu/stickleback_nuclear_only.fa	1
cars2	CH	0.00149032	0.000734378	2.02936	1680	/work/cyu/stickleback_nuclear_only.fa	1
cars2	LG	0.00168273	0.000907988	1.85325	1680	/work/cyu/stickleback_nuclear_only.fa	1
cars2	SR	0.000549794	0.000270276	2.03419	1680	/work/cyu/stickleback_nuclear_only.fa	1
cars2	SL	0.00133837	0.000784747	1.70548	1680	/work/cyu/stickleback_nuclear_only.fa	1
cars2	TL	0.000358374	0.000127678	2.80686	1680	/work/cyu/stickleback_nuclear_only.fa	1
cars2	WB	0.00138625	0.000915945	1.51347	1680	/work/cyu/stickleback_nuclear_only.fa	1
cars2	WT	0.00131004	0.000699891	1.87178	1680	/work/cyu/stickleback_nuclear_only.fa	1
cars2	WK	0.000485608	7.491e-05	6.48255	1680	/work/cyu/stickleback_nuclear_only.fa	1
cars2	SWA	0.000588961	0.000217099	2.71287	1680	/work/cyu/stickleback_nuclear_only.fa	1
cep89	THE	0.00219178	0.000286625	7.64686	1950	/work/cyu/stickleback_nuclear_only.fa	1
cep89	JOE	0.00139867	0.000271622	5.14932	1950	/work/cyu/stickleback_nuclear_only.fa	1
cep89	BEA	0.0015057	0.000359062	4.19342	1950	/work/cyu/stickleback_nuclear_only.fa	1
cep89	MUC	0.000718466	0.000151416	4.74497	1950	/work/cyu/stickleback_nuclear_only.fa	1
cep89	PYE	0.00266078	0.000573984	4.63563	1950	/work/cyu/stickleback_nuclear_only.fa	1
cep89	AMO	0.00284729	0.000371393	7.66653	1950	/work/cyu/stickleback_nuclear_only.fa	1
cep89	SAY	0.00272395	0.000543528	5.01162	1950	/work/cyu/stickleback_nuclear_only.fa	1
cep89	GOS	0.00155608	0.000220862	7.04552	1950	/work/cyu/stickleback_nuclear_only.fa	1
cep89	ROB	0.00212604	0.000326021	6.52117	1950	/work/cyu/stickleback_nuclear_only.fa	1
cep89	FG	0.00213148	0.000392259	5.43386	1950	/work/cyu/stickleback_nuclear_only.fa	1
cep89	BOOT	0.00180944	0.000197608	9.15672	1950	/work/cyu/stickleback_nuclear_only.fa	1
cep89	ECHO	0.00145752	0.000163831	8.89647	1950	/work/cyu/stickleback_nuclear_only.fa	1
cep89	FRED	0.002079	0.000201982	10.293	1950	/work/cyu/stickleback_nuclear_only.fa	1
cep89	LAW	0.00216544	0.000353132	6.13211	1950	/work/cyu/stickleback_nuclear_only.fa	1
cep89	PACH	0.00248622	0.000363374	6.84205	1950	/work/cyu/stickleback_nuclear_only.fa	1
cep89	RS	0.00356389	0.000644094	5.53318	1950	/work/cyu/stickleback_nuclear_only.fa	1
cep89	SC	0.00300441	0.00059669	5.03512	1950	/work/cyu/stickleback_nuclear_only.fa	1
cep89	LB	0.00234421	0.0005744	4.08114	1950	/work/cyu/stickleback_nuclear_only.fa	1
cep89	CH	0.00296088	0.000468347	6.32197	1950	/work/cyu/stickleback_nuclear_only.fa	1
cep89	LG	0.00328031	0.000387471	8.46595	1950	/work/cyu/stickleback_nuclear_only.fa	1
cep89	SR	0.00165571	0.000373699	4.43059	1950	/work/cyu/stickleback_nuclear_only.fa	1
cep89	SL	0.00243793	0.000341123	7.14677	1950	/work/cyu/stickleback_nuclear_only.fa	1
cep89	TL	0.00287049	0.000449312	6.38863	1950	/work/cyu/stickleback_nuclear_only.fa	1
cep89	WB	0.00289231	0.000351727	8.22315	1950	/work/cyu/stickleback_nuclear_only.fa	1
cep89	WT	0.0028205	0.000509045	5.54077	1950	/work/cyu/stickleback_nuclear_only.fa	1
cep89	WK	0.00271546	0.00042718	6.35671	1950	/work/cyu/stickleback_nuclear_only.fa	1
cep89	SWA	0.000878944	0.000118495	7.41759	1950	/work/cyu/stickleback_nuclear_only.fa	1
cmc1	THE	0.000224056	0.000964318	0.232347	318	/work/cyu/stickleback_nuclear_only.fa	1
cmc1	JOE	0.000487802	0.000215093	2.26787	318	/work/cyu/stickleback_nuclear_only.fa	1
cmc1	BEA	0.000150927	0.000142092	1.06218	318	/work/cyu/stickleback_nuclear_only.fa	1
cmc1	MUC	0.000396856	9.99984e-05	3.96862	318	/work/cyu/stickleback_nuclear_only.fa	1
cmc1	PYE	0.000598797	0.000403228	1.48501	318	/work/cyu/stickleback_nuclear_only.fa	1
cmc1	AMO	0.000289161	0.000175426	1.64834	318	/work/cyu/stickleback_nuclear_only.fa	1
cmc1	SAY	0.000500123	0.00126365	0.395777	318	/work/cyu/stickleback_nuclear_only.fa	1
cmc1	GOS	0.000189678	0.000188033	1.00875	318	/work/cyu/stickleback_nuclear_only.fa	1
cmc1	ROB	0.00162219	0.00150118	1.08061	318	/work/cyu/stickleback_nuclear_only.fa	1
cmc1	FG	0.000201148	0.00162869	0.123503	318	/work/cyu/stickleback_nuclear_only.fa	1
cmc1	BOOT	0.000102481	8.04363e-05	1.27406	318	/work/cyu/stickleback_nuclear_only.fa	1
cmc1	ECHO	0	6.90733e-05	0	318	/work/cyu/stickleback_nuclear_only.fa	1
cmc1	FRED	0.00023608	0.00130881	0.180378	318	/work/cyu/stickleback_nuclear_only.fa	1
cmc1	LAW	0.000403167	0.0005113	0.788513	318	/work/cyu/stickleback_nuclear_only.fa	1
cmc1	PACH	0.000777676	0.000415256	1.87276	318	/work/cyu/stickleback_nuclear_only.fa	1
cmc1	RS	0.00125398	0.00164264	0.763396	318	/work/cyu/stickleback_nuclear_only.fa	1
cmc1	SC	0.000687729	0.00131817	0.52173	318	/work/cyu/stickleback_nuclear_only.fa	1
cmc1	LB	0.00015663	0.000796624	0.196617	318	/work/cyu/stickleback_nuclear_only.fa	1
cmc1	CH	0.000539264	0.00113817	0.473799	318	/work/cyu/stickleback_nuclear_only.fa	1
cmc1	LG	0.000200035	0.00163246	0.122536	318	/work/cyu/stickleback_nuclear_only.fa	1
cmc1	SR	6.13819e-05	0.00160411	0.0382655	318	/work/cyu/stickleback_nuclear_only.fa	1
cmc1	SL	0.000217702	0.0011349	0.191825	318	/work/cyu/stickleback_nuclear_only.fa	1
cmc1	TL	0.000368931	0.000142531	2.58844	318	/work/cyu/stickleback_nuclear_only.fa	1
cmc1	WB	0.000104205	0.000451533	0.230782	318	/work/cyu/stickleback_nuclear_only.fa	1
cmc1	WT	0.000364761	0.00113581	0.321146	318	/work/cyu/stickleback_nuclear_only.fa	1
cmc1	WK	0.000388949	0	NA	318	/work/cyu/stickleback_nuclear_only.fa	1
cmc1	SWA	0.000161002	0.000133061	1.20999	318	/work/cyu/stickleback_nuclear_only.fa	1
cmc2	THE	0.000316835	0.00165012	0.192007	258	/work/cyu/stickleback_nuclear_only.fa	1
cmc2	JOE	0.00190488	0.0008235	2.31316	258	/work/cyu/stickleback_nuclear_only.fa	1
cmc2	BEA	0.0021888	0.000159585	13.7156	258	/work/cyu/stickleback_nuclear_only.fa	1
cmc2	MUC	0.000158756	0	NA	258	/work/cyu/stickleback_nuclear_only.fa	1
cmc2	PYE	0.000767115	0.00180839	0.424197	258	/work/cyu/stickleback_nuclear_only.fa	1
cmc2	AMO	0.00609215	0.0001754	34.733	258	/work/cyu/stickleback_nuclear_only.fa	1
cmc2	SAY	0.000677983	0.00209874	0.323042	258	/work/cyu/stickleback_nuclear_only.fa	1
cmc2	GOS	0.000552964	0.00063271	0.873961	258	/work/cyu/stickleback_nuclear_only.fa	1
cmc2	ROB	0.00222566	0.00166506	1.33668	258	/work/cyu/stickleback_nuclear_only.fa	1
cmc2	FG	0.000233922	0.00196261	0.119189	258	/work/cyu/stickleback_nuclear_only.fa	1
cmc2	BOOT	0.000195807	0.000108778	1.80007	258	/work/cyu/stickleback_nuclear_only.fa	1
cmc2	ECHO	0.000159077	7.32041e-05	2.17306	258	/work/cyu/stickleback_nuclear_only.fa	1
cmc2	FRED	0.000551116	0.00119837	0.459889	258	/work/cyu/stickleback_nuclear_only.fa	1
cmc2	LAW	0.00588539	0.00227614	2.58568	258	/work/cyu/stickleback_nuclear_only.fa	1
cmc2	PACH	0.000173182	8.23672e-05	2.10257	258	/work/cyu/stickleback_nuclear_only.fa	1
cmc2	RS	0.00141244	0.00214693	0.657886	258	/work/cyu/stickleback_nuclear_only.fa	1
cmc2	SC	0.00105646	0.00177182	0.596254	258	/work/cyu/stickleback_nuclear_only.fa	1
cmc2	LB	0.00286296	0.00146925	1.94859	258	/work/cyu/stickleback_nuclear_only.fa	1
cmc2	CH	0.000462041	0.00196551	0.235075	258	/work/cyu/stickleback_nuclear_only.fa	1
cmc2	LG	0.000326925	0.000825302	0.396128	258	/work/cyu/stickleback_nuclear_only.fa	1
cmc2	SR	0.000728652	0.00208452	0.349554	258	/work/cyu/stickleback_nuclear_only.fa	1
cmc2	SL	0.00198716	0.00151385	1.31266	258	/work/cyu/stickleback_nuclear_only.fa	1
cmc2	TL	5.83682e-05	0	NA	258	/work/cyu/stickleback_nuclear_only.fa	1
cmc2	WB	0.0016647	0.000452197	3.68137	258	/work/cyu/stickleback_nuclear_only.fa	1
cmc2	WT	0.00685766	0.0014545	4.7148	258	/work/cyu/stickleback_nuclear_only.fa	1
cmc2	WK	0.000948988	0.00187552	0.505986	258	/work/cyu/stickleback_nuclear_only.fa	1
cmc2	SWA	0.00340149	0.00184225	1.84638	258	/work/cyu/stickleback_nuclear_only.fa	1
coa6	THE	0.000122301	0.000120146	1.01794	243	/work/cyu/stickleback_nuclear_only.fa	1
coa6	JOE	0.000352583	6.96105e-05	5.06509	243	/work/cyu/stickleback_nuclear_only.fa	1
coa6	BEA	0.000206472	6.86395e-05	3.00806	243	/work/cyu/stickleback_nuclear_only.fa	1
coa6	MUC	0.000139678	6.58848e-05	2.12002	243	/work/cyu/stickleback_nuclear_only.fa	1
coa6	PYE	0.000158925	0	NA	243	/work/cyu/stickleback_nuclear_only.fa	1
coa6	AMO	0.000197645	0.000133354	1.48211	243	/work/cyu/stickleback_nuclear_only.fa	1
coa6	SAY	0.00011176	7.87719e-05	1.41878	243	/work/cyu/stickleback_nuclear_only.fa	1
coa6	GOS	0.00028915	0	NA	243	/work/cyu/stickleback_nuclear_only.fa	1
coa6	ROB	0.000195599	0.000133046	1.47016	243	/work/cyu/stickleback_nuclear_only.fa	1
coa6	FG	0.000183816	0	NA	243	/work/cyu/stickleback_nuclear_only.fa	1
coa6	BOOT	0.000480505	0.000105262	4.56484	243	/work/cyu/stickleback_nuclear_only.fa	1
coa6	ECHO	0.000256496	0.000101412	2.52923	243	/work/cyu/stickleback_nuclear_only.fa	1
coa6	FRED	9.7879e-05	0.000220304	0.444291	243	/work/cyu/stickleback_nuclear_only.fa	1
coa6	LAW	0.000865733	0.000577895	1.49808	243	/work/cyu/stickleback_nuclear_only.fa	1
coa6	PACH	0	0	NA	243	/work/cyu/stickleback_nuclear_only.fa	1
coa6	RS	0.000975453	0.000430723	2.26469	243	/work/cyu/stickleback_nuclear_only.fa	1
coa6	SC	0.000285403	0.000193014	1.47866	243	/work/cyu/stickleback_nuclear_only.fa	1
coa6	LB	0.000223273	9.8586e-05	2.26476	243	/work/cyu/stickleback_nuclear_only.fa	1
coa6	CH	0.000220602	0.000114979	1.91863	243	/work/cyu/stickleback_nuclear_only.fa	1
coa6	LG	0.00014201	6.66116e-05	2.13192	243	/work/cyu/stickleback_nuclear_only.fa	1
coa6	SR	0.000358034	6.78189e-05	5.27927	243	/work/cyu/stickleback_nuclear_only.fa	1
coa6	SL	7.74365e-05	0.000151492	0.511158	243	/work/cyu/stickleback_nuclear_only.fa	1
coa6	TL	0.000236872	0.000144515	1.63908	243	/work/cyu/stickleback_nuclear_only.fa	1
coa6	WB	0.000150614	0	NA	243	/work/cyu/stickleback_nuclear_only.fa	1
coa6	WT	0.00038378	0	NA	243	/work/cyu/stickleback_nuclear_only.fa	1
coa6	WK	7.45185e-05	0	NA	243	/work/cyu/stickleback_nuclear_only.fa	1
coa6	SWA	6.00548e-05	0.000128385	0.467771	243	/work/cyu/stickleback_nuclear_only.fa	1
coa7	THE	0.000324902	0.00117525	0.276454	684	/work/cyu/stickleback_nuclear_only.fa	1
coa7	JOE	0.000515696	0.00018416	2.80025	684	/work/cyu/stickleback_nuclear_only.fa	1
coa7	BEA	0.00101374	0.000475431	2.13226	684	/work/cyu/stickleback_nuclear_only.fa	1
coa7	MUC	0.000170957	0.000161919	1.05582	684	/work/cyu/stickleback_nuclear_only.fa	1
coa7	PYE	0.000553429	0.000350588	1.57857	684	/work/cyu/stickleback_nuclear_only.fa	1
coa7	AMO	0.00118566	0.00083677	1.41695	684	/work/cyu/stickleback_nuclear_only.fa	1
coa7	SAY	0.000366807	0.000743487	0.493361	684	/work/cyu/stickleback_nuclear_only.fa	1
coa7	GOS	0.000276544	3.48914e-05	7.92585	684	/work/cyu/stickleback_nuclear_only.fa	1
coa7	ROB	0.000554728	0.000750124	0.739514	684	/work/cyu/stickleback_nuclear_only.fa	1
coa7	FG	0.000386746	0.000680575	0.568264	684	/work/cyu/stickleback_nuclear_only.fa	1
coa7	BOOT	0.000361947	0.000841459	0.430142	684	/work/cyu/stickleback_nuclear_only.fa	1
coa7	ECHO	0.000269405	0.000151939	1.77312	684	/work/cyu/stickleback_nuclear_only.fa	1
coa7	FRED	0.000258002	3.11134e-05	8.2923	684	/work/cyu/stickleback_nuclear_only.fa	1
coa7	LAW	0.000433484	0.000733559	0.590933	684	/work/cyu/stickleback_nuclear_only.fa	1
coa7	PACH	0.000153927	8.6391e-05	1.78175	684	/work/cyu/stickleback_nuclear_only.fa	1
coa7	RS	0.00106743	0.0011227	0.950773	684	/work/cyu/stickleback_nuclear_only.fa	1
coa7	SC	0.000439895	0.000431577	1.01927	684	/work/cyu/stickleback_nuclear_only.fa	1
coa7	LB	0.00028163	0.00084547	0.333104	684	/work/cyu/stickleback_nuclear_only.fa	1
coa7	CH	0.000539313	0.000677113	0.796489	684	/work/cyu/stickleback_nuclear_only.fa	1
coa7	LG	0.000560183	0.000414332	1.35202	684	/work/cyu/stickleback_nuclear_only.fa	1
coa7	SR	0.00110498	0.000542979	2.03504	684	/work/cyu/stickleback_nuclear_only.fa	1
coa7	SL	0.000394957	0.000619596	0.637442	684	/work/cyu/stickleback_nuclear_only.fa	1
coa7	TL	0.000317528	0.000201492	1.57588	684	/work/cyu/stickleback_nuclear_only.fa	1
coa7	WB	0.000328646	0.000317398	1.03544	684	/work/cyu/stickleback_nuclear_only.fa	1
coa7	WT	0.000653132	0.000331629	1.96947	684	/work/cyu/stickleback_nuclear_only.fa	1
coa7	WK	0.00077396	0.000328234	2.35795	684	/work/cyu/stickleback_nuclear_only.fa	1
coa7	SWA	0.000640406	0.000110167	5.81307	684	/work/cyu/stickleback_nuclear_only.fa	1
cox10	THE	0.000696941	0.00189279	0.368209	1335	/work/cyu/stickleback_nuclear_only.fa	1
cox10	JOE	0.000876708	0.000708519	1.23738	1335	/work/cyu/stickleback_nuclear_only.fa	1
cox10	BEA	0.00125522	0.000576526	2.17722	1335	/work/cyu/stickleback_nuclear_only.fa	1
cox10	MUC	0.00118899	0.000515602	2.30603	1335	/work/cyu/stickleback_nuclear_only.fa	1
cox10	PYE	0.000986199	0.00149667	0.658929	1335	/work/cyu/stickleback_nuclear_only.fa	1
cox10	AMO	0.000829218	0.00182313	0.454831	1335	/work/cyu/stickleback_nuclear_only.fa	1
cox10	SAY	0.00170769	0.00209159	0.816456	1335	/work/cyu/stickleback_nuclear_only.fa	1
cox10	GOS	0.00128804	0.00102709	1.25408	1335	/work/cyu/stickleback_nuclear_only.fa	1
cox10	ROB	0.00120558	0.00208302	0.578765	1335	/work/cyu/stickleback_nuclear_only.fa	1
cox10	FG	0.00166268	0.00120039	1.38512	1335	/work/cyu/stickleback_nuclear_only.fa	1
cox10	BOOT	0.00161943	0.00222527	0.727746	1335	/work/cyu/stickleback_nuclear_only.fa	1
cox10	ECHO	0.00208767	0.000880291	2.37157	1335	/work/cyu/stickleback_nuclear_only.fa	1
cox10	FRED	0.00094719	0.000386421	2.45119	1335	/work/cyu/stickleback_nuclear_only.fa	1
cox10	LAW	0.00188114	0.00170703	1.102	1335	/work/cyu/stickleback_nuclear_only.fa	1
cox10	PACH	0.000531602	0.00023821	2.23165	1335	/work/cyu/stickleback_nuclear_only.fa	1
cox10	RS	0.00203398	0.00238672	0.852207	1335	/work/cyu/stickleback_nuclear_only.fa	1
cox10	SC	0.00150757	0.00201114	0.749611	1335	/work/cyu/stickleback_nuclear_only.fa	1
cox10	LB	0.00104993	0.00192214	0.546229	1335	/work/cyu/stickleback_nuclear_only.fa	1
cox10	CH	0.00130848	0.00209317	0.625118	1335	/work/cyu/stickleback_nuclear_only.fa	1
cox10	LG	0.00121154	0.00190707	0.635291	1335	/work/cyu/stickleback_nuclear_only.fa	1
cox10	SR	0.00120505	0.00156708	0.768973	1335	/work/cyu/stickleback_nuclear_only.fa	1
cox10	SL	0.0011388	0.00235719	0.483118	1335	/work/cyu/stickleback_nuclear_only.fa	1
cox10	TL	0.000804193	0.000642201	1.25225	1335	/work/cyu/stickleback_nuclear_only.fa	1
cox10	WB	0.00113223	0.00178085	0.635779	1335	/work/cyu/stickleback_nuclear_only.fa	1
cox10	WT	0.00130594	0.001269	1.02911	1335	/work/cyu/stickleback_nuclear_only.fa	1
cox10	WK	0.000624355	0.00125252	0.498479	1335	/work/cyu/stickleback_nuclear_only.fa	1
cox10	SWA	0.000343828	0.000807117	0.425996	1335	/work/cyu/stickleback_nuclear_only.fa	1
cox11	THE	0.000256483	0.000124677	2.05718	741	/work/cyu/stickleback_nuclear_only.fa	1
cox11	JOE	0.000462863	0.000334186	1.38505	741	/work/cyu/stickleback_nuclear_only.fa	1
cox11	BEA	0.000226349	6.52885e-05	3.46691	741	/work/cyu/stickleback_nuclear_only.fa	1
cox11	MUC	0.000186129	0.000433623	0.429241	741	/work/cyu/stickleback_nuclear_only.fa	1
cox11	PYE	0.000354914	8.13988e-05	4.36018	741	/work/cyu/stickleback_nuclear_only.fa	1
cox11	AMO	0.000303296	4.27386e-05	7.09655	741	/work/cyu/stickleback_nuclear_only.fa	1
cox11	SAY	0.000444752	2.71234e-05	16.3973	741	/work/cyu/stickleback_nuclear_only.fa	1
cox11	GOS	0.000360373	0.000158641	2.27163	741	/work/cyu/stickleback_nuclear_only.fa	1
cox11	ROB	0.000371139	0.00013011	2.85251	741	/work/cyu/stickleback_nuclear_only.fa	1
cox11	FG	0.000242728	7.70453e-05	3.15046	741	/work/cyu/stickleback_nuclear_only.fa	1
cox11	BOOT	0.000256056	3.84072e-05	6.66688	741	/work/cyu/stickleback_nuclear_only.fa	1
cox11	ECHO	0.000117619	0.000186392	0.631027	741	/work/cyu/stickleback_nuclear_only.fa	1
cox11	FRED	0.000156415	0.000190901	0.819349	741	/work/cyu/stickleback_nuclear_only.fa	1
cox11	LAW	0.00026396	0.000659467	0.400262	741	/work/cyu/stickleback_nuclear_only.fa	1
cox11	PACH	0.000150117	6.72675e-05	2.23165	741	/work/cyu/stickleback_nuclear_only.fa	1
cox11	RS	0.000798766	0.000491001	1.62681	741	/work/cyu/stickleback_nuclear_only.fa	1
cox11	SC	0.000386838	0.000171003	2.26217	741	/work/cyu/stickleback_nuclear_only.fa	1
cox11	LB	0.000358885	0.000268518	1.33654	741	/work/cyu/stickleback_nuclear_only.fa	1
cox11	CH	0.000326676	0.000101245	3.22659	741	/work/cyu/stickleback_nuclear_only.fa	1
cox11	LG	0.000348828	0.000267632	1.30339	741	/work/cyu/stickleback_nuclear_only.fa	1
cox11	SR	0.000320387	8.80753e-05	3.63765	741	/work/cyu/stickleback_nuclear_only.fa	1
cox11	SL	0.000444397	0.000231478	1.91982	741	/work/cyu/stickleback_nuclear_only.fa	1
cox11	TL	0.000220896	0.000167806	1.31638	741	/work/cyu/stickleback_nuclear_only.fa	1
cox11	WB	0.000369542	8.51167e-05	4.34159	741	/work/cyu/stickleback_nuclear_only.fa	1
cox11	WT	0.000283863	8.71647e-05	3.25663	741	/work/cyu/stickleback_nuclear_only.fa	1
cox11	WK	0.000315479	0.000139446	2.26238	741	/work/cyu/stickleback_nuclear_only.fa	1
cox11	SWA	0.000368213	0	NA	741	/work/cyu/stickleback_nuclear_only.fa	1
cox15	THE	0.0017154	7.45215e-05	23.0189	1227	/work/cyu/stickleback_nuclear_only.fa	1
cox15	JOE	0.000830688	0.000225745	3.67975	1227	/work/cyu/stickleback_nuclear_only.fa	1
cox15	BEA	0.000287736	0.000270883	1.06222	1227	/work/cyu/stickleback_nuclear_only.fa	1
cox15	MUC	0.000139021	0.000124763	1.11428	1227	/work/cyu/stickleback_nuclear_only.fa	1
cox15	PYE	0.000762757	0.000121111	6.29801	1227	/work/cyu/stickleback_nuclear_only.fa	1
cox15	AMO	0.000677704	0.000120536	5.6224	1227	/work/cyu/stickleback_nuclear_only.fa	1
cox15	SAY	0.000931183	0.000243963	3.81689	1227	/work/cyu/stickleback_nuclear_only.fa	1
cox15	GOS	0.00172845	4.15825e-05	41.5667	1227	/work/cyu/stickleback_nuclear_only.fa	1
cox15	ROB	0.00102616	0.00010571	9.70734	1227	/work/cyu/stickleback_nuclear_only.fa	1
cox15	FG	0.000269123	4.68824e-05	5.74037	1227	/work/cyu/stickleback_nuclear_only.fa	1
cox15	BOOT	0.00204514	4.2878e-05	47.6968	1227	/work/cyu/stickleback_nuclear_only.fa	1
cox15	ECHO	0.00105161	0.000100723	10.4406	1227	/work/cyu/stickleback_nuclear_only.fa	1
cox15	FRED	0.000645669	0.000156437	4.12734	1227	/work/cyu/stickleback_nuclear_only.fa	1
cox15	LAW	0.000756397	7.38094e-05	10.248	1227	/work/cyu/stickleback_nuclear_only.fa	1
cox15	PACH	0.000257596	0.000147457	1.74692	1227	/work/cyu/stickleback_nuclear_only.fa	1
cox15	RS	0.00121219	0.000453839	2.67097	1227	/work/cyu/stickleback_nuclear_only.fa	1
cox15	SC	0.000587803	0.000115445	5.09161	1227	/work/cyu/stickleback_nuclear_only.fa	1
cox15	LB	0.000562086	0.000103361	5.43807	1227	/work/cyu/stickleback_nuclear_only.fa	1
cox15	CH	0.000668586	0.000187599	3.56391	1227	/work/cyu/stickleback_nuclear_only.fa	1
cox15	LG	0.000306503	0.000335691	0.913052	1227	/work/cyu/stickleback_nuclear_only.fa	1
cox15	SR	0.000854021	3.94319e-05	21.6582	1227	/work/cyu/stickleback_nuclear_only.fa	1
cox15	SL	0.00100636	0.000112402	8.95318	1227	/work/cyu/stickleback_nuclear_only.fa	1
cox15	TL	0.000801604	0.000121832	6.57959	1227	/work/cyu/stickleback_nuclear_only.fa	1
cox15	WB	0.000235993	9.3448e-05	2.5254	1227	/work/cyu/stickleback_nuclear_only.fa	1
cox15	WT	0.00116173	0.000107817	10.7749	1227	/work/cyu/stickleback_nuclear_only.fa	1
cox15	WK	0.000750725	5.32484e-05	14.0985	1227	/work/cyu/stickleback_nuclear_only.fa	1
cox15	SWA	0.000875819	0.000316465	2.76751	1227	/work/cyu/stickleback_nuclear_only.fa	1
cox16	THE	0.000233091	0.00329002	0.070848	315	/work/cyu/stickleback_nuclear_only.fa	1
cox16	JOE	0.000371626	0.00118722	0.313021	315	/work/cyu/stickleback_nuclear_only.fa	1
cox16	BEA	0.000327523	9.57135e-05	3.42191	315	/work/cyu/stickleback_nuclear_only.fa	1
cox16	MUC	0.000220087	0.00144883	0.151907	315	/work/cyu/stickleback_nuclear_only.fa	1
cox16	PYE	0.000223913	0.00190048	0.117819	315	/work/cyu/stickleback_nuclear_only.fa	1
cox16	AMO	0.00165746	0.000305315	5.42868	315	/work/cyu/stickleback_nuclear_only.fa	1
cox16	SAY	0.000758562	0.00296062	0.256217	315	/work/cyu/stickleback_nuclear_only.fa	1
cox16	GOS	0.000148876	0.000829914	0.179387	315	/work/cyu/stickleback_nuclear_only.fa	1
cox16	ROB	0.00157268	0.00230601	0.681992	315	/work/cyu/stickleback_nuclear_only.fa	1
cox16	FG	8.8197e-05	0.00174452	0.0505565	315	/work/cyu/stickleback_nuclear_only.fa	1
cox16	BOOT	0.000716191	0.000330622	2.1662	315	/work/cyu/stickleback_nuclear_only.fa	1
cox16	ECHO	0.000455706	0.000141751	3.21485	315	/work/cyu/stickleback_nuclear_only.fa	1
cox16	FRED	0.000667614	0	NA	315	/work/cyu/stickleback_nuclear_only.fa	1
cox16	LAW	0.00127717	0.00139701	0.914216	315	/work/cyu/stickleback_nuclear_only.fa	1
cox16	PACH	0.000121962	0.00157587	0.0773934	315	/work/cyu/stickleback_nuclear_only.fa	1
cox16	RS	0.00146199	0.00296626	0.492873	315	/work/cyu/stickleback_nuclear_only.fa	1
cox16	SC	0.000762877	0.00267456	0.285234	315	/work/cyu/stickleback_nuclear_only.fa	1
cox16	LB	0.000722911	0.00185791	0.389098	315	/work/cyu/stickleback_nuclear_only.fa	1
cox16	CH	0.0006015	0.002387	0.25199	315	/work/cyu/stickleback_nuclear_only.fa	1
cox16	LG	0.000443028	0.00249045	0.177891	315	/work/cyu/stickleback_nuclear_only.fa	1
cox16	SR	0.000111236	0.000869706	0.127901	315	/work/cyu/stickleback_nuclear_only.fa	1
cox16	SL	0.000874375	0.00257712	0.339283	315	/work/cyu/stickleback_nuclear_only.fa	1
cox16	TL	0.000229214	0.00148395	0.154461	315	/work/cyu/stickleback_nuclear_only.fa	1
cox16	WB	0.00100724	0.00146544	0.687328	315	/work/cyu/stickleback_nuclear_only.fa	1
cox16	WT	0.000762146	0.00142229	0.535858	315	/work/cyu/stickleback_nuclear_only.fa	1
cox16	WK	0.000114451	0.00115438	0.0991451	315	/work/cyu/stickleback_nuclear_only.fa	1
cox16	SWA	0.000301186	0.00244207	0.123332	315	/work/cyu/stickleback_nuclear_only.fa	1
cox17	THE	0.0019468	0.000710743	2.7391	192	/work/cyu/stickleback_nuclear_only.fa	1
cox17	JOE	0.000369009	0.000170254	2.1674	192	/work/cyu/stickleback_nuclear_only.fa	1
cox17	BEA	0.00239015	0.00236114	1.01228	192	/work/cyu/stickleback_nuclear_only.fa	1
cox17	MUC	0.00137155	0.000570943	2.40225	192	/work/cyu/stickleback_nuclear_only.fa	1
cox17	PYE	0.00592421	0.000218718	27.0861	192	/work/cyu/stickleback_nuclear_only.fa	1
cox17	AMO	0.00468693	0.00156185	3.00088	192	/work/cyu/stickleback_nuclear_only.fa	1
cox17	SAY	0.00434134	0.000261553	16.5983	192	/work/cyu/stickleback_nuclear_only.fa	1
cox17	GOS	0.00466304	0	NA	192	/work/cyu/stickleback_nuclear_only.fa	1
cox17	ROB	0.00306435	0.00024557	12.4785	192	/work/cyu/stickleback_nuclear_only.fa	1
cox17	FG	0.00268904	0	NA	192	/work/cyu/stickleback_nuclear_only.fa	1
cox17	BOOT	0.00249751	0.000110791	22.5426	192	/work/cyu/stickleback_nuclear_only.fa	1
cox17	ECHO	0.00534466	0	NA	192	/work/cyu/stickleback_nuclear_only.fa	1
cox17	FRED	0.00161031	0.000243665	6.6087	192	/work/cyu/stickleback_nuclear_only.fa	1
cox17	LAW	0.00443501	0.000118258	37.5029	192	/work/cyu/stickleback_nuclear_only.fa	1
cox17	PACH	0.00529238	0.000120856	43.7909	192	/work/cyu/stickleback_nuclear_only.fa	1
cox17	RS	0.00515452	0.000950813	5.42117	192	/work/cyu/stickleback_nuclear_only.fa	1
cox17	SC	0.00550205	0.000218337	25.1998	192	/work/cyu/stickleback_nuclear_only.fa	1
cox17	LB	0.00357235	0	NA	192	/work/cyu/stickleback_nuclear_only.fa	1
cox17	CH	0.00635773	0.000185323	34.3063	192	/work/cyu/stickleback_nuclear_only.fa	1
cox17	LG	0.0041651	0.00111447	3.73728	192	/work/cyu/stickleback_nuclear_only.fa	1
cox17	SR	0.00383421	0.00058385	6.56712	192	/work/cyu/stickleback_nuclear_only.fa	1
cox17	SL	0.00354365	0.00228648	1.54983	192	/work/cyu/stickleback_nuclear_only.fa	1
cox17	TL	0.00136119	0	NA	192	/work/cyu/stickleback_nuclear_only.fa	1
cox17	WB	0.00304617	0	NA	192	/work/cyu/stickleback_nuclear_only.fa	1
cox17	WT	0.00340083	0.000246655	13.7878	192	/work/cyu/stickleback_nuclear_only.fa	1
cox17	WK	0.00183007	0.00106537	1.71778	192	/work/cyu/stickleback_nuclear_only.fa	1
cox17	SWA	0.00164845	0	NA	192	/work/cyu/stickleback_nuclear_only.fa	1
cox18	THE	0.000360567	0.000424853	0.848687	837	/work/cyu/stickleback_nuclear_only.fa	1
cox18	JOE	0.000331526	3.3297e-05	9.95665	837	/work/cyu/stickleback_nuclear_only.fa	1
cox18	BEA	0.000574828	1.4439e-05	39.8107	837	/work/cyu/stickleback_nuclear_only.fa	1
cox18	MUC	0.00016471	3.39405e-05	4.85292	837	/work/cyu/stickleback_nuclear_only.fa	1
cox18	PYE	0.000608536	0.000308237	1.97424	837	/work/cyu/stickleback_nuclear_only.fa	1
cox18	AMO	0.00105954	7.49706e-05	14.1327	837	/work/cyu/stickleback_nuclear_only.fa	1
cox18	SAY	0.00105476	0.000537283	1.96313	837	/work/cyu/stickleback_nuclear_only.fa	1
cox18	GOS	0.000218255	0.000133512	1.63472	837	/work/cyu/stickleback_nuclear_only.fa	1
cox18	ROB	0.000409018	8.86805e-05	4.61227	837	/work/cyu/stickleback_nuclear_only.fa	1
cox18	FG	0.000531293	8.55245e-05	6.21218	837	/work/cyu/stickleback_nuclear_only.fa	1
cox18	BOOT	0.000331308	0.000198581	1.66838	837	/work/cyu/stickleback_nuclear_only.fa	1
cox18	ECHO	4.80887e-05	4.94584e-05	0.972307	837	/work/cyu/stickleback_nuclear_only.fa	1
cox18	FRED	0.000202968	0.000110987	1.82875	837	/work/cyu/stickleback_nuclear_only.fa	1
cox18	LAW	0.000400076	5.1515e-05	7.76619	837	/work/cyu/stickleback_nuclear_only.fa	1
cox18	PACH	0.00017902	0.000309436	0.578534	837	/work/cyu/stickleback_nuclear_only.fa	1
cox18	RS	0.00103977	0.00080756	1.28755	837	/work/cyu/stickleback_nuclear_only.fa	1
cox18	SC	0.000861753	0.000425669	2.02446	837	/work/cyu/stickleback_nuclear_only.fa	1
cox18	LB	0.000469531	0.000229749	2.04367	837	/work/cyu/stickleback_nuclear_only.fa	1
cox18	CH	0.00043669	0.000519605	0.840427	837	/work/cyu/stickleback_nuclear_only.fa	1
cox18	LG	0.000666735	0.00033623	1.98297	837	/work/cyu/stickleback_nuclear_only.fa	1
cox18	SR	6.77943e-05	0.000131257	0.516501	837	/work/cyu/stickleback_nuclear_only.fa	1
cox18	SL	0.000643405	0.000102948	6.24981	837	/work/cyu/stickleback_nuclear_only.fa	1
cox18	TL	0.000139154	0.000135259	1.0288	837	/work/cyu/stickleback_nuclear_only.fa	1
cox18	WB	0.000290406	0.000353226	0.822155	837	/work/cyu/stickleback_nuclear_only.fa	1
cox18	WT	0.00069698	0.000188642	3.69472	837	/work/cyu/stickleback_nuclear_only.fa	1
cox18	WK	0.000161582	0	NA	837	/work/cyu/stickleback_nuclear_only.fa	1
cox18	SWA	0.000161975	0.000133225	1.2158	837	/work/cyu/stickleback_nuclear_only.fa	1
cox19	THE	0.00073341	0	NA	273	/work/cyu/stickleback_nuclear_only.fa	1
cox19	JOE	0.000262608	9.8644e-05	2.66218	273	/work/cyu/stickleback_nuclear_only.fa	1
cox19	BEA	0.00154618	0.00422675	0.365809	273	/work/cyu/stickleback_nuclear_only.fa	1
cox19	MUC	0.000329156	0.000190504	1.72781	273	/work/cyu/stickleback_nuclear_only.fa	1
cox19	PYE	0.00144972	5.40155e-05	26.839	273	/work/cyu/stickleback_nuclear_only.fa	1
cox19	AMO	0.000243167	0.00313766	0.0774994	273	/work/cyu/stickleback_nuclear_only.fa	1
cox19	SAY	0.00119742	0.000930922	1.28627	273	/work/cyu/stickleback_nuclear_only.fa	1
cox19	GOS	0.000430335	0.000256156	1.67997	273	/work/cyu/stickleback_nuclear_only.fa	1
cox19	ROB	0.00040801	0.000823641	0.495374	273	/work/cyu/stickleback_nuclear_only.fa	1
cox19	FG	0	0.000220943	0	273	/work/cyu/stickleback_nuclear_only.fa	1
cox19	BOOT	0.00103761	0.00620369	0.167257	273	/work/cyu/stickleback_nuclear_only.fa	1
cox19	ECHO	0.000153453	0	NA	273	/work/cyu/stickleback_nuclear_only.fa	1
cox19	FRED	0	0.000246113	0	273	/work/cyu/stickleback_nuclear_only.fa	1
cox19	LAW	0.000284802	0.0025112	0.113413	273	/work/cyu/stickleback_nuclear_only.fa	1
cox19	PACH	0.000272497	0.000331474	0.822076	273	/work/cyu/stickleback_nuclear_only.fa	1
cox19	RS	0.00103185	0.000414945	2.4867	273	/work/cyu/stickleback_nuclear_only.fa	1
cox19	SC	0.000400242	0.00054106	0.739736	273	/work/cyu/stickleback_nuclear_only.fa	1
cox19	LB	0.000162192	0.000327892	0.494652	273	/work/cyu/stickleback_nuclear_only.fa	1
cox19	CH	0.000564359	0.000646825	0.872506	273	/work/cyu/stickleback_nuclear_only.fa	1
cox19	LG	0.000371771	0.000185237	2.007	273	/work/cyu/stickleback_nuclear_only.fa	1
cox19	SR	0.000107126	0.00112241	0.0954426	273	/work/cyu/stickleback_nuclear_only.fa	1
cox19	SL	0.000252368	0.000138247	1.82549	273	/work/cyu/stickleback_nuclear_only.fa	1
cox19	TL	0.000268258	7.10703e-05	3.77454	273	/work/cyu/stickleback_nuclear_only.fa	1
cox19	WB	0.000139049	6.69431e-05	2.07712	273	/work/cyu/stickleback_nuclear_only.fa	1
cox19	WT	0.000773424	0.000115094	6.71991	273	/work/cyu/stickleback_nuclear_only.fa	1
cox19	WK	0.000445835	6.51558e-05	6.84259	273	/work/cyu/stickleback_nuclear_only.fa	1
cox19	SWA	0.00214651	0.00013831	15.5195	273	/work/cyu/stickleback_nuclear_only.fa	1
cox20	THE	0.000143719	0	NA	351	/work/cyu/stickleback_nuclear_only.fa	1
cox20	JOE	0.000102932	0.000184567	0.557694	351	/work/cyu/stickleback_nuclear_only.fa	1
cox20	BEA	0.00014376	0.000149	0.964834	351	/work/cyu/stickleback_nuclear_only.fa	1
cox20	MUC	0.000212302	0.000116734	1.81868	351	/work/cyu/stickleback_nuclear_only.fa	1
cox20	PYE	0.00089022	4.52938e-05	19.6543	351	/work/cyu/stickleback_nuclear_only.fa	1
cox20	AMO	0.000797643	0.000129853	6.14266	351	/work/cyu/stickleback_nuclear_only.fa	1
cox20	SAY	0.00124551	0.000670392	1.85789	351	/work/cyu/stickleback_nuclear_only.fa	1
cox20	GOS	0.000465672	0.000259708	1.79306	351	/work/cyu/stickleback_nuclear_only.fa	1
cox20	ROB	0.00188368	0.000967317	1.94732	351	/work/cyu/stickleback_nuclear_only.fa	1
cox20	FG	0.001015	0.000122763	8.26801	351	/work/cyu/stickleback_nuclear_only.fa	1
cox20	BOOT	0.000289945	0.000119327	2.42985	351	/work/cyu/stickleback_nuclear_only.fa	1
cox20	ECHO	5.43157e-05	0	NA	351	/work/cyu/stickleback_nuclear_only.fa	1
cox20	FRED	0.000217069	0	NA	351	/work/cyu/stickleback_nuclear_only.fa	1
cox20	LAW	0.000273139	6.61748e-05	4.12753	351	/work/cyu/stickleback_nuclear_only.fa	1
cox20	PACH	0.00159694	0	NA	351	/work/cyu/stickleback_nuclear_only.fa	1
cox20	RS	0.00215875	0.000918713	2.34975	351	/work/cyu/stickleback_nuclear_only.fa	1
cox20	SC	0.00169881	0.000186859	9.09143	351	/work/cyu/stickleback_nuclear_only.fa	1
cox20	LB	0.00123187	0.00103404	1.19132	351	/work/cyu/stickleback_nuclear_only.fa	1
cox20	CH	0.00139038	0.000529122	2.62772	351	/work/cyu/stickleback_nuclear_only.fa	1
cox20	LG	0.00149646	0.000160817	9.30531	351	/work/cyu/stickleback_nuclear_only.fa	1
cox20	SR	0.00130837	9.71759e-05	13.464	351	/work/cyu/stickleback_nuclear_only.fa	1
cox20	SL	0.00127943	0.000109908	11.641	351	/work/cyu/stickleback_nuclear_only.fa	1
cox20	TL	0.00022564	0	NA	351	/work/cyu/stickleback_nuclear_only.fa	1
cox20	WB	0.000895675	0.00046491	1.92656	351	/work/cyu/stickleback_nuclear_only.fa	1
cox20	WT	0.00154119	9.10871e-05	16.92	351	/work/cyu/stickleback_nuclear_only.fa	1
cox20	WK	0.00163277	0	NA	351	/work/cyu/stickleback_nuclear_only.fa	1
cox20	SWA	0.000293716	0.000697707	0.420973	351	/work/cyu/stickleback_nuclear_only.fa	1
cox4i1	THE	0.00598997	5.72748e-05	104.583	501	/work/cyu/stickleback_nuclear_only.fa	1
cox4i1	JOE	0.00117878	0.000199093	5.92074	501	/work/cyu/stickleback_nuclear_only.fa	1
cox4i1	BEA	0.0012102	3.05182e-05	39.6549	501	/work/cyu/stickleback_nuclear_only.fa	1
cox4i1	MUC	0.000212486	3.595e-05	5.91059	501	/work/cyu/stickleback_nuclear_only.fa	1
cox4i1	PYE	0.00379227	0.000165402	22.9276	501	/work/cyu/stickleback_nuclear_only.fa	1
cox4i1	AMO	0.00306364	5.63351e-05	54.3824	501	/work/cyu/stickleback_nuclear_only.fa	1
cox4i1	SAY	0.000907862	4.05218e-05	22.4043	501	/work/cyu/stickleback_nuclear_only.fa	1
cox4i1	GOS	0.00477732	0	NA	501	/work/cyu/stickleback_nuclear_only.fa	1
cox4i1	ROB	0.00582513	0.000170637	34.1375	501	/work/cyu/stickleback_nuclear_only.fa	1
cox4i1	FG	0.000209394	0.000312313	0.670461	501	/work/cyu/stickleback_nuclear_only.fa	1
cox4i1	BOOT	0.00482332	5.68058e-05	84.9089	501	/work/cyu/stickleback_nuclear_only.fa	1
cox4i1	ECHO	0.00458788	4.74525e-05	96.6836	501	/work/cyu/stickleback_nuclear_only.fa	1
cox4i1	FRED	0.000469632	0.00011645	4.03291	501	/work/cyu/stickleback_nuclear_only.fa	1
cox4i1	LAW	0.00512759	9.32878e-05	54.9652	501	/work/cyu/stickleback_nuclear_only.fa	1
cox4i1	PACH	0.000336055	0.000102009	3.29436	501	/work/cyu/stickleback_nuclear_only.fa	1
cox4i1	RS	0.000963885	0.000304346	3.16707	501	/work/cyu/stickleback_nuclear_only.fa	1
cox4i1	SC	0.0028359	6.21459e-05	45.6329	501	/work/cyu/stickleback_nuclear_only.fa	1
cox4i1	LB	0.00591559	0.000157791	37.4901	501	/work/cyu/stickleback_nuclear_only.fa	1
cox4i1	CH	0.00603921	2.89113e-05	208.887	501	/work/cyu/stickleback_nuclear_only.fa	1
cox4i1	LG	0.000266886	9.93403e-05	2.68658	501	/work/cyu/stickleback_nuclear_only.fa	1
cox4i1	SR	0.0019194	6.59478e-05	29.1049	501	/work/cyu/stickleback_nuclear_only.fa	1
cox4i1	SL	7.87317e-05	8.0367e-05	0.979652	501	/work/cyu/stickleback_nuclear_only.fa	1
cox4i1	TL	0.000614824	0	NA	501	/work/cyu/stickleback_nuclear_only.fa	1
cox4i1	WB	0.000485735	0.000105439	4.60679	501	/work/cyu/stickleback_nuclear_only.fa	1
cox4i1	WT	0.00338278	0.000145027	23.3252	501	/work/cyu/stickleback_nuclear_only.fa	1
cox4i1	WK	0.00126879	7.7967e-05	16.2735	501	/work/cyu/stickleback_nuclear_only.fa	1
cox4i1	SWA	0.00101181	4.14381e-05	24.4173	501	/work/cyu/stickleback_nuclear_only.fa	1
cox4i2	THE	0.000360105	0.000143418	2.51088	528	/work/cyu/stickleback_nuclear_only.fa	1
cox4i2	JOE	0.000741726	0.000115469	6.42356	528	/work/cyu/stickleback_nuclear_only.fa	1
cox4i2	BEA	0.000414008	6.28687e-05	6.58529	528	/work/cyu/stickleback_nuclear_only.fa	1
cox4i2	MUC	0.000926294	0.000223679	4.14118	528	/work/cyu/stickleback_nuclear_only.fa	1
cox4i2	PYE	0.000963763	0.000224809	4.28702	528	/work/cyu/stickleback_nuclear_only.fa	1
cox4i2	AMO	0.00188917	0.000254719	7.41668	528	/work/cyu/stickleback_nuclear_only.fa	1
cox4i2	SAY	0.000388896	0.000258534	1.50424	528	/work/cyu/stickleback_nuclear_only.fa	1
cox4i2	GOS	0.000264052	9.03598e-05	2.92223	528	/work/cyu/stickleback_nuclear_only.fa	1
cox4i2	ROB	0.000277721	0.000126645	2.19292	528	/work/cyu/stickleback_nuclear_only.fa	1
cox4i2	FG	0.000453812	0.000111828	4.05811	528	/work/cyu/stickleback_nuclear_only.fa	1
cox4i2	BOOT	0.000200353	4.39912e-05	4.55438	528	/work/cyu/stickleback_nuclear_only.fa	1
cox4i2	ECHO	0.000179674	9.8927e-05	1.81623	528	/work/cyu/stickleback_nuclear_only.fa	1
cox4i2	FRED	0.000149857	0	NA	528	/work/cyu/stickleback_nuclear_only.fa	1
cox4i2	LAW	0.000626635	0.000361245	1.73465	528	/work/cyu/stickleback_nuclear_only.fa	1
cox4i2	PACH	0.000484543	3.98284e-05	12.1657	528	/work/cyu/stickleback_nuclear_only.fa	1
cox4i2	RS	0.00145157	0.000346194	4.19293	528	/work/cyu/stickleback_nuclear_only.fa	1
cox4i2	SC	0.000529832	0.000117379	4.51386	528	/work/cyu/stickleback_nuclear_only.fa	1
cox4i2	LB	0.000747454	0.000207927	3.5948	528	/work/cyu/stickleback_nuclear_only.fa	1
cox4i2	CH	0.00032375	6.12548e-05	5.2853	528	/work/cyu/stickleback_nuclear_only.fa	1
cox4i2	LG	0.00103081	0.000330216	3.12163	528	/work/cyu/stickleback_nuclear_only.fa	1
cox4i2	SR	0.000760303	7.15606e-05	10.6246	528	/work/cyu/stickleback_nuclear_only.fa	1
cox4i2	SL	0.000430631	5.82586e-05	7.39172	528	/work/cyu/stickleback_nuclear_only.fa	1
cox4i2	TL	9.09432e-05	7.49113e-05	1.21401	528	/work/cyu/stickleback_nuclear_only.fa	1
cox4i2	WB	0.000176414	7.17926e-05	2.45727	528	/work/cyu/stickleback_nuclear_only.fa	1
cox4i2	WT	0.000635708	0.000176319	3.60545	528	/work/cyu/stickleback_nuclear_only.fa	1
cox4i2	WK	0.0051431	0.000159391	32.2671	528	/work/cyu/stickleback_nuclear_only.fa	1
cox4i2	SWA	0.000102518	6.15055e-05	1.66681	528	/work/cyu/stickleback_nuclear_only.fa	1
cox5a	THE	0.00157882	0.000234522	6.73206	444	/work/cyu/stickleback_nuclear_only.fa	1
cox5a	JOE	0.00117967	0.000214339	5.50377	444	/work/cyu/stickleback_nuclear_only.fa	1
cox5a	BEA	0.00244648	0.00122341	1.99972	444	/work/cyu/stickleback_nuclear_only.fa	1
cox5a	MUC	0.000249014	0.000125618	1.98231	444	/work/cyu/stickleback_nuclear_only.fa	1
cox5a	PYE	0.000946951	0.000213307	4.43938	444	/work/cyu/stickleback_nuclear_only.fa	1
cox5a	AMO	0.00168823	0.000128428	13.1454	444	/work/cyu/stickleback_nuclear_only.fa	1
cox5a	SAY	0.00132068	9.09907e-05	14.5144	444	/work/cyu/stickleback_nuclear_only.fa	1
cox5a	GOS	0.000353401	4.9618e-05	7.12245	444	/work/cyu/stickleback_nuclear_only.fa	1
cox5a	ROB	0.000917752	0.000106371	8.62781	444	/work/cyu/stickleback_nuclear_only.fa	1
cox5a	FG	0.00137481	6.49607e-05	21.1637	444	/work/cyu/stickleback_nuclear_only.fa	1
cox5a	BOOT	0.00124129	5.35444e-05	23.1825	444	/work/cyu/stickleback_nuclear_only.fa	1
cox5a	ECHO	0.000275252	0.000216026	1.27416	444	/work/cyu/stickleback_nuclear_only.fa	1
cox5a	FRED	0.000999933	0.00020143	4.96417	444	/work/cyu/stickleback_nuclear_only.fa	1
cox5a	LAW	0.00179906	0.000222816	8.0742	444	/work/cyu/stickleback_nuclear_only.fa	1
cox5a	PACH	0.000205754	7.70661e-05	2.66983	444	/work/cyu/stickleback_nuclear_only.fa	1
cox5a	RS	0.00231955	0.000399132	5.81151	444	/work/cyu/stickleback_nuclear_only.fa	1
cox5a	SC	0.00107614	9.80394e-05	10.9766	444	/work/cyu/stickleback_nuclear_only.fa	1
cox5a	LB	0.00174508	0.000157841	11.0559	444	/work/cyu/stickleback_nuclear_only.fa	1
cox5a	CH	0.00128757	0.000212192	6.06797	444	/work/cyu/stickleback_nuclear_only.fa	1
cox5a	LG	0.00155418	0.000197558	7.86695	444	/work/cyu/stickleback_nuclear_only.fa	1
cox5a	SR	0.00178606	7.79809e-05	22.9038	444	/work/cyu/stickleback_nuclear_only.fa	1
cox5a	SL	0.00191092	2.5767e-05	74.1616	444	/work/cyu/stickleback_nuclear_only.fa	1
cox5a	TL	0.0003662	0.000195739	1.87086	444	/work/cyu/stickleback_nuclear_only.fa	1
cox5a	WB	0.00143418	7.64193e-05	18.7672	444	/work/cyu/stickleback_nuclear_only.fa	1
cox5a	WT	0.000759202	3.40516e-05	22.2957	444	/work/cyu/stickleback_nuclear_only.fa	1
cox5a	WK	0.00129461	7.92574e-05	16.3342	444	/work/cyu/stickleback_nuclear_only.fa	1
cox5a	SWA	0.000140216	3.65783e-05	3.83331	444	/work/cyu/stickleback_nuclear_only.fa	1
cox5b	THE	0.000173874	0	NA	369	/work/cyu/stickleback_nuclear_only.fa	1
cox5b	JOE	0.000176678	0	NA	341	/work/cyu/stickleback_nuclear_only.fa	1
cox5b	BEA	0.000168354	0	NA	369	/work/cyu/stickleback_nuclear_only.fa	1
cox5b	MUC	0.00229692	0.000137606	16.692	358	/work/cyu/stickleback_nuclear_only.fa	1
cox5b	PYE	0.000298441	7.94815e-05	3.75484	371	/work/cyu/stickleback_nuclear_only.fa	1
cox5b	AMO	0.000406414	0	NA	372	/work/cyu/stickleback_nuclear_only.fa	1
cox5b	SAY	0.000169184	0	NA	372	/work/cyu/stickleback_nuclear_only.fa	1
cox5b	GOS	0	0	NA	372	/work/cyu/stickleback_nuclear_only.fa	1
cox5b	ROB	0.000163168	0.000107751	1.5143	372	/work/cyu/stickleback_nuclear_only.fa	1
cox5b	FG	0	6.63005e-05	0	352	/work/cyu/stickleback_nuclear_only.fa	1
cox5b	BOOT	0.000150541	0	NA	344	/work/cyu/stickleback_nuclear_only.fa	1
cox5b	ECHO	0.000333654	0.000108613	3.07194	372	/work/cyu/stickleback_nuclear_only.fa	1
cox5b	FRED	0.000602534	0.000271018	2.22322	372	/work/cyu/stickleback_nuclear_only.fa	1
cox5b	LAW	0	0	NA	372	/work/cyu/stickleback_nuclear_only.fa	1
cox5b	PACH	0.000349773	0	NA	372	/work/cyu/stickleback_nuclear_only.fa	1
cox5b	RS	0.000685334	0.000341235	2.00839	372	/work/cyu/stickleback_nuclear_only.fa	1
cox5b	SC	0.000209078	0.000125992	1.65946	372	/work/cyu/stickleback_nuclear_only.fa	1
cox5b	LB	0.000204678	0	NA	372	/work/cyu/stickleback_nuclear_only.fa	1
cox5b	CH	0.000320557	4.93437e-05	6.49642	372	/work/cyu/stickleback_nuclear_only.fa	1
cox5b	LG	0.000265429	5.30383e-05	5.00447	371	/work/cyu/stickleback_nuclear_only.fa	1
cox5b	SR	0.000207579	0	NA	314	/work/cyu/stickleback_nuclear_only.fa	1
cox5b	SL	9.6376e-05	5.94753e-05	1.62044	372	/work/cyu/stickleback_nuclear_only.fa	1
cox5b	TL	0.000128599	5.96056e-05	2.1575	372	/work/cyu/stickleback_nuclear_only.fa	1
cox5b	WB	0	0.000158173	0	372	/work/cyu/stickleback_nuclear_only.fa	1
cox5b	WT	0	7.20022e-05	0	358	/work/cyu/stickleback_nuclear_only.fa	1
cox5b	WK	0.00012725	7.62971e-05	1.66782	371	/work/cyu/stickleback_nuclear_only.fa	1
cox5b	SWA	0.00026442	0.000127795	2.06909	355	/work/cyu/stickleback_nuclear_only.fa	1
cox6a1	THE	0.0016436	3.89968e-05	42.147	333	/work/cyu/stickleback_nuclear_only.fa	1
cox6a1	JOE	0.000261605	0.000242991	1.0766	333	/work/cyu/stickleback_nuclear_only.fa	1
cox6a1	BEA	0.000286547	0	NA	333	/work/cyu/stickleback_nuclear_only.fa	1
cox6a1	MUC	0.000294451	0.000151214	1.94725	333	/work/cyu/stickleback_nuclear_only.fa	1
cox6a1	PYE	0.0011172	4.52669e-05	24.6803	333	/work/cyu/stickleback_nuclear_only.fa	1
cox6a1	AMO	0.00022399	0.000572159	0.391482	333	/work/cyu/stickleback_nuclear_only.fa	1
cox6a1	SAY	0.000221677	0.000781274	0.283739	333	/work/cyu/stickleback_nuclear_only.fa	1
cox6a1	GOS	0.000404175	0	NA	333	/work/cyu/stickleback_nuclear_only.fa	1
cox6a1	ROB	0.000153273	0.000250028	0.613021	333	/work/cyu/stickleback_nuclear_only.fa	1
cox6a1	FG	9.71816e-05	0.000619688	0.156823	333	/work/cyu/stickleback_nuclear_only.fa	1
cox6a1	BOOT	0.000353134	0	NA	333	/work/cyu/stickleback_nuclear_only.fa	1
cox6a1	ECHO	0.000345217	7.22422e-05	4.77861	333	/work/cyu/stickleback_nuclear_only.fa	1
cox6a1	FRED	0.000672521	9.06062e-05	7.42246	333	/work/cyu/stickleback_nuclear_only.fa	1
cox6a1	LAW	0.000644938	0.000114471	5.63405	333	/work/cyu/stickleback_nuclear_only.fa	1
cox6a1	PACH	0.000175559	0.000285457	0.615008	333	/work/cyu/stickleback_nuclear_only.fa	1
cox6a1	RS	0.000966618	0.000388062	2.49089	333	/work/cyu/stickleback_nuclear_only.fa	1
cox6a1	SC	0.000293754	0.000165183	1.77835	333	/work/cyu/stickleback_nuclear_only.fa	1
cox6a1	LB	0.000326485	7.15685e-05	4.56186	333	/work/cyu/stickleback_nuclear_only.fa	1
cox6a1	CH	0.000982756	0.000133542	7.35914	333	/work/cyu/stickleback_nuclear_only.fa	1
cox6a1	LG	0.000447022	0.000110677	4.03898	333	/work/cyu/stickleback_nuclear_only.fa	1
cox6a1	SR	0.000191665	5.16041e-05	3.71415	333	/work/cyu/stickleback_nuclear_only.fa	1
cox6a1	SL	0.000304359	0.00102846	0.295936	333	/work/cyu/stickleback_nuclear_only.fa	1
cox6a1	TL	0.000249018	5.36251e-05	4.64369	333	/work/cyu/stickleback_nuclear_only.fa	1
cox6a1	WB	6.03684e-05	0.000116723	0.517195	333	/work/cyu/stickleback_nuclear_only.fa	1
cox6a1	WT	0.000408329	0.00023735	1.72037	333	/work/cyu/stickleback_nuclear_only.fa	1
cox6a1	WK	0.00048583	0.00167396	0.290228	333	/work/cyu/stickleback_nuclear_only.fa	1
cox6a1	SWA	0.00150596	0.000800362	1.8816	333	/work/cyu/stickleback_nuclear_only.fa	1
cox6b1	THE	0.00217706	4.67393e-05	46.5788	261	/work/cyu/stickleback_nuclear_only.fa	1
cox6b1	JOE	0.000525141	0.000143327	3.66392	261	/work/cyu/stickleback_nuclear_only.fa	1
cox6b1	BEA	0.000729207	0.000314755	2.31674	261	/work/cyu/stickleback_nuclear_only.fa	1
cox6b1	MUC	0.000260913	0.00011967	2.18026	261	/work/cyu/stickleback_nuclear_only.fa	1
cox6b1	PYE	0.00271943	0.000112237	24.2293	261	/work/cyu/stickleback_nuclear_only.fa	1
cox6b1	AMO	0.00258307	0	NA	261	/work/cyu/stickleback_nuclear_only.fa	1
cox6b1	SAY	0.0021981	0	NA	261	/work/cyu/stickleback_nuclear_only.fa	1
cox6b1	GOS	0.00123501	0.000188835	6.54013	261	/work/cyu/stickleback_nuclear_only.fa	1
cox6b1	ROB	0.00216248	0.000209315	10.3312	261	/work/cyu/stickleback_nuclear_only.fa	1
cox6b1	FG	0.00138901	4.86746e-05	28.5367	261	/work/cyu/stickleback_nuclear_only.fa	1
cox6b1	BOOT	0.00221322	0	NA	261	/work/cyu/stickleback_nuclear_only.fa	1
cox6b1	ECHO	0.000629769	7.16928e-05	8.78427	261	/work/cyu/stickleback_nuclear_only.fa	1
cox6b1	FRED	0.00152774	0	NA	261	/work/cyu/stickleback_nuclear_only.fa	1
cox6b1	LAW	0.000790813	0.00029735	2.65953	261	/work/cyu/stickleback_nuclear_only.fa	1
cox6b1	PACH	0.00150949	0	NA	261	/work/cyu/stickleback_nuclear_only.fa	1
cox6b1	RS	0.00316779	0.000432873	7.31805	261	/work/cyu/stickleback_nuclear_only.fa	1
cox6b1	SC	0.00180226	0.000145762	12.3644	261	/work/cyu/stickleback_nuclear_only.fa	1
cox6b1	LB	0.00214322	8.09418e-05	26.4786	261	/work/cyu/stickleback_nuclear_only.fa	1
cox6b1	CH	0.00226173	5.41252e-05	41.7871	261	/work/cyu/stickleback_nuclear_only.fa	1
cox6b1	LG	0.00188701	4.92973e-05	38.2782	261	/work/cyu/stickleback_nuclear_only.fa	1
cox6b1	SR	0.00219412	0.00151886	1.44458	261	/work/cyu/stickleback_nuclear_only.fa	1
cox6b1	SL	0.00183215	4.88269e-05	37.5234	261	/work/cyu/stickleback_nuclear_only.fa	1
cox6b1	TL	0.000641796	9.15797e-05	7.00806	261	/work/cyu/stickleback_nuclear_only.fa	1
cox6b1	WB	0.00185661	0.000474335	3.91414	261	/work/cyu/stickleback_nuclear_only.fa	1
cox6b1	WT	0.00204841	0.000133953	15.292	261	/work/cyu/stickleback_nuclear_only.fa	1
cox6b1	WK	0.00271125	5.42348e-05	49.991	261	/work/cyu/stickleback_nuclear_only.fa	1
cox6b1	SWA	0.000357074	5.07637e-05	7.03404	261	/work/cyu/stickleback_nuclear_only.fa	1
cox6c	THE	0.00146024	0.00368636	0.396119	237	/work/cyu/stickleback_nuclear_only.fa	1
cox6c	JOE	0.00135125	0.00113315	1.19247	237	/work/cyu/stickleback_nuclear_only.fa	1
cox6c	BEA	0.00149994	0.00203662	0.736484	237	/work/cyu/stickleback_nuclear_only.fa	1
cox6c	MUC	0.000219641	0.000100129	2.19358	237	/work/cyu/stickleback_nuclear_only.fa	1
cox6c	PYE	0.00202934	0.00222318	0.912813	237	/work/cyu/stickleback_nuclear_only.fa	1
cox6c	AMO	0.000410255	0.00109183	0.375751	237	/work/cyu/stickleback_nuclear_only.fa	1
cox6c	SAY	0.00215279	0.00180477	1.19283	237	/work/cyu/stickleback_nuclear_only.fa	1
cox6c	GOS	0	0.000130122	0	237	/work/cyu/stickleback_nuclear_only.fa	1
cox6c	ROB	0.000769837	0.00104811	0.7345	237	/work/cyu/stickleback_nuclear_only.fa	1
cox6c	FG	0.00121848	0.00210209	0.579653	237	/work/cyu/stickleback_nuclear_only.fa	1
cox6c	BOOT	0	0.000677053	0	237	/work/cyu/stickleback_nuclear_only.fa	1
cox6c	ECHO	0.000271743	0.000137506	1.97623	237	/work/cyu/stickleback_nuclear_only.fa	1
cox6c	FRED	0.000277538	0.000305946	0.907146	237	/work/cyu/stickleback_nuclear_only.fa	1
cox6c	LAW	0.000652182	0.0015341	0.425123	237	/work/cyu/stickleback_nuclear_only.fa	1
cox6c	PACH	0.000121677	0.00013962	0.871488	237	/work/cyu/stickleback_nuclear_only.fa	1
cox6c	RS	0.00280802	0.00367101	0.764917	237	/work/cyu/stickleback_nuclear_only.fa	1
cox6c	SC	0.00236409	0.00327395	0.722091	237	/work/cyu/stickleback_nuclear_only.fa	1
cox6c	LB	0.00158493	0.00183428	0.864057	237	/work/cyu/stickleback_nuclear_only.fa	1
cox6c	CH	0.00227578	0.00331971	0.685535	237	/work/cyu/stickleback_nuclear_only.fa	1
cox6c	LG	0.0011921	0.000610018	1.9542	237	/work/cyu/stickleback_nuclear_only.fa	1
cox6c	SR	0.000804795	0.00199286	0.403839	237	/work/cyu/stickleback_nuclear_only.fa	1
cox6c	SL	0.00136576	0.00303422	0.45012	237	/work/cyu/stickleback_nuclear_only.fa	1
cox6c	TL	9.45974e-05	0.000189569	0.499013	237	/work/cyu/stickleback_nuclear_only.fa	1
cox6c	WB	9.6385e-05	0.000400495	0.240665	237	/work/cyu/stickleback_nuclear_only.fa	1
cox6c	WT	0.00186877	0.00197748	0.945025	237	/work/cyu/stickleback_nuclear_only.fa	1
cox6c	WK	0.00176765	0.000603128	2.93081	237	/work/cyu/stickleback_nuclear_only.fa	1
cox6c	SWA	0.00168856	0.00018612	9.07244	237	/work/cyu/stickleback_nuclear_only.fa	1
cox7a1	THE	0.00442264	0.0018495	2.39126	249	/work/cyu/stickleback_nuclear_only.fa	1
cox7a1	JOE	0.000499944	0.000382612	1.30666	249	/work/cyu/stickleback_nuclear_only.fa	1
cox7a1	BEA	0.00190246	6.98725e-05	27.2276	249	/work/cyu/stickleback_nuclear_only.fa	1
cox7a1	MUC	0.00441644	0.00151099	2.92289	249	/work/cyu/stickleback_nuclear_only.fa	1
cox7a1	PYE	0.00105369	0.000436443	2.41426	249	/work/cyu/stickleback_nuclear_only.fa	1
cox7a1	AMO	0.00271429	0.00216896	1.25143	249	/work/cyu/stickleback_nuclear_only.fa	1
cox7a1	SAY	0.00450231	0.00202442	2.224	249	/work/cyu/stickleback_nuclear_only.fa	1
cox7a1	GOS	0.000368655	0	NA	249	/work/cyu/stickleback_nuclear_only.fa	1
cox7a1	ROB	0.00277708	0.0014294	1.94283	249	/work/cyu/stickleback_nuclear_only.fa	1
cox7a1	FG	0.00287465	0.00185738	1.54769	249	/work/cyu/stickleback_nuclear_only.fa	1
cox7a1	BOOT	0.00207253	0.00196482	1.05482	249	/work/cyu/stickleback_nuclear_only.fa	1
cox7a1	ECHO	9.54768e-05	9.01739e-05	1.05881	249	/work/cyu/stickleback_nuclear_only.fa	1
cox7a1	FRED	0.00374877	0.000142418	26.3223	249	/work/cyu/stickleback_nuclear_only.fa	1
cox7a1	LAW	0.00272559	0.0012009	2.26962	249	/work/cyu/stickleback_nuclear_only.fa	1
cox7a1	PACH	0.0004846	0	NA	249	/work/cyu/stickleback_nuclear_only.fa	1
cox7a1	RS	0.00389413	0.00190239	2.04697	249	/work/cyu/stickleback_nuclear_only.fa	1
cox7a1	SC	0.00322242	0.00224025	1.43842	249	/work/cyu/stickleback_nuclear_only.fa	1
cox7a1	LB	0.00369557	0.00219818	1.6812	249	/work/cyu/stickleback_nuclear_only.fa	1
cox7a1	CH	0.003111	0.00217275	1.43183	249	/work/cyu/stickleback_nuclear_only.fa	1
cox7a1	LG	0.00433682	0.00196999	2.20145	249	/work/cyu/stickleback_nuclear_only.fa	1
cox7a1	SR	0.00220375	0.00175416	1.2563	249	/work/cyu/stickleback_nuclear_only.fa	1
cox7a1	SL	0.00202947	0.00201347	1.00794	249	/work/cyu/stickleback_nuclear_only.fa	1
cox7a1	TL	0.000184923	6.64257e-05	2.7839	249	/work/cyu/stickleback_nuclear_only.fa	1
cox7a1	WB	0.00138569	0.000527798	2.62541	249	/work/cyu/stickleback_nuclear_only.fa	1
cox7a1	WT	0.00196769	0.000913884	2.1531	249	/work/cyu/stickleback_nuclear_only.fa	1
cox7a1	WK	0.00174077	0.000198388	8.77456	249	/work/cyu/stickleback_nuclear_only.fa	1
cox7a1	SWA	0.00102523	0.000336468	3.04702	249	/work/cyu/stickleback_nuclear_only.fa	1
cox7a2	THE	0.000239902	6.47112e-05	3.70727	243	/work/cyu/stickleback_nuclear_only.fa	1
cox7a2	JOE	0.000472198	0.000111193	4.24666	243	/work/cyu/stickleback_nuclear_only.fa	1
cox7a2	BEA	0.000224426	5.93252e-05	3.78299	243	/work/cyu/stickleback_nuclear_only.fa	1
cox7a2	MUC	0.000371332	0	NA	243	/work/cyu/stickleback_nuclear_only.fa	1
cox7a2	PYE	6.06841e-05	6.02475e-05	1.00725	243	/work/cyu/stickleback_nuclear_only.fa	1
cox7a2	AMO	7.54343e-05	0.000134934	0.559044	243	/work/cyu/stickleback_nuclear_only.fa	1
cox7a2	SAY	0	8.52672e-05	0	243	/work/cyu/stickleback_nuclear_only.fa	1
cox7a2	GOS	9.59295e-05	0.000101849	0.941877	243	/work/cyu/stickleback_nuclear_only.fa	1
cox7a2	ROB	0.000241901	0.00200397	0.12071	243	/work/cyu/stickleback_nuclear_only.fa	1
cox7a2	FG	0.000824224	0.000294378	2.79989	243	/work/cyu/stickleback_nuclear_only.fa	1
cox7a2	BOOT	0.000431941	0	NA	243	/work/cyu/stickleback_nuclear_only.fa	1
cox7a2	ECHO	0.00016308	0.000178924	0.911449	243	/work/cyu/stickleback_nuclear_only.fa	1
cox7a2	FRED	0.000223278	0	NA	243	/work/cyu/stickleback_nuclear_only.fa	1
cox7a2	LAW	0.000262989	0	NA	243	/work/cyu/stickleback_nuclear_only.fa	1
cox7a2	PACH	7.62213e-05	0	NA	243	/work/cyu/stickleback_nuclear_only.fa	1
cox7a2	RS	0.000815373	0.000395843	2.05984	243	/work/cyu/stickleback_nuclear_only.fa	1
cox7a2	SC	0.000250935	3.25657e-05	7.70549	243	/work/cyu/stickleback_nuclear_only.fa	1
cox7a2	LB	0.000588815	0.000886924	0.663884	243	/work/cyu/stickleback_nuclear_only.fa	1
cox7a2	CH	0.000345687	8.92045e-05	3.87522	243	/work/cyu/stickleback_nuclear_only.fa	1
cox7a2	LG	0.00014531	0.000143614	1.01181	243	/work/cyu/stickleback_nuclear_only.fa	1
cox7a2	SR	0.000300961	0.000126438	2.3803	243	/work/cyu/stickleback_nuclear_only.fa	1
cox7a2	SL	6.62872e-05	0	NA	243	/work/cyu/stickleback_nuclear_only.fa	1
cox7a2	TL	0.00015067	7.09742e-05	2.12288	243	/work/cyu/stickleback_nuclear_only.fa	1
cox7a2	WB	0.000335604	0.00118624	0.282914	243	/work/cyu/stickleback_nuclear_only.fa	1
cox7a2	WT	0.000185683	0.000192491	0.964629	243	/work/cyu/stickleback_nuclear_only.fa	1
cox7a2	WK	0.000147076	0.000225891	0.651094	243	/work/cyu/stickleback_nuclear_only.fa	1
cox7a2	SWA	0.000131547	0.000198586	0.662421	243	/work/cyu/stickleback_nuclear_only.fa	1
cox7a2l	THE	7.53195e-05	3.98891e-05	1.88822	348	/work/cyu/stickleback_nuclear_only.fa	1
cox7a2l	JOE	0.000137745	4.74122e-05	2.90526	348	/work/cyu/stickleback_nuclear_only.fa	1
cox7a2l	BEA	0.0004443	0.000124222	3.57667	348	/work/cyu/stickleback_nuclear_only.fa	1
cox7a2l	MUC	0.00019022	0.000163007	1.16694	348	/work/cyu/stickleback_nuclear_only.fa	1
cox7a2l	PYE	0.000172021	0.000310322	0.554331	348	/work/cyu/stickleback_nuclear_only.fa	1
cox7a2l	AMO	0.000366525	0.00140034	0.26174	348	/work/cyu/stickleback_nuclear_only.fa	1
cox7a2l	SAY	0.000248402	0.000645576	0.384776	348	/work/cyu/stickleback_nuclear_only.fa	1
cox7a2l	GOS	6.47279e-05	7.20076e-05	0.898904	348	/work/cyu/stickleback_nuclear_only.fa	1
cox7a2l	ROB	0.000872444	0	NA	348	/work/cyu/stickleback_nuclear_only.fa	1
cox7a2l	FG	0.000256923	3.74541e-05	6.85967	348	/work/cyu/stickleback_nuclear_only.fa	1
cox7a2l	BOOT	0.000115171	0.000194641	0.591713	348	/work/cyu/stickleback_nuclear_only.fa	1
cox7a2l	ECHO	0.000220179	5.86567e-05	3.75368	348	/work/cyu/stickleback_nuclear_only.fa	1
cox7a2l	FRED	6.83466e-05	0.000538282	0.126972	348	/work/cyu/stickleback_nuclear_only.fa	1
cox7a2l	LAW	0.000975206	0.000381605	2.55554	348	/work/cyu/stickleback_nuclear_only.fa	1
cox7a2l	PACH	0.000110466	6.17148e-05	1.78995	348	/work/cyu/stickleback_nuclear_only.fa	1
cox7a2l	RS	0.000792102	0.00111721	0.708999	348	/work/cyu/stickleback_nuclear_only.fa	1
cox7a2l	SC	0.000130618	0.000774886	0.168564	348	/work/cyu/stickleback_nuclear_only.fa	1
cox7a2l	LB	0.000210911	0.000872756	0.241661	348	/work/cyu/stickleback_nuclear_only.fa	1
cox7a2l	CH	7.3473e-05	0.0004317	0.170195	348	/work/cyu/stickleback_nuclear_only.fa	1
cox7a2l	LG	9.87067e-05	0.000813243	0.121374	348	/work/cyu/stickleback_nuclear_only.fa	1
cox7a2l	SR	0.00037134	0.00122554	0.303002	348	/work/cyu/stickleback_nuclear_only.fa	1
cox7a2l	SL	0.000254568	4.94512e-05	5.14786	348	/work/cyu/stickleback_nuclear_only.fa	1
cox7a2l	TL	5.85687e-05	0.000704454	0.0831405	348	/work/cyu/stickleback_nuclear_only.fa	1
cox7a2l	WB	4.5848e-05	0.000810865	0.0565421	348	/work/cyu/stickleback_nuclear_only.fa	1
cox7a2l	WT	0.000134025	0	NA	348	/work/cyu/stickleback_nuclear_only.fa	1
cox7a2l	WK	0	0.000122842	0	348	/work/cyu/stickleback_nuclear_only.fa	1
cox7a2l	SWA	0.000890655	7.23299e-05	12.3138	348	/work/cyu/stickleback_nuclear_only.fa	1
cox7c	THE	0.000317237	9.42428e-05	3.36617	189	/work/cyu/stickleback_nuclear_only.fa	1
cox7c	JOE	0.00106706	8.19272e-05	13.0245	189	/work/cyu/stickleback_nuclear_only.fa	1
cox7c	BEA	0.00183525	8.08975e-05	22.6861	189	/work/cyu/stickleback_nuclear_only.fa	1
cox7c	MUC	9.12242e-05	0	NA	189	/work/cyu/stickleback_nuclear_only.fa	1
cox7c	PYE	0.000280099	0.00269159	0.104065	189	/work/cyu/stickleback_nuclear_only.fa	1
cox7c	AMO	7.20876e-05	0	NA	189	/work/cyu/stickleback_nuclear_only.fa	1
cox7c	SAY	0.000653567	0.000181277	3.60535	189	/work/cyu/stickleback_nuclear_only.fa	1
cox7c	GOS	0.000379601	0	NA	189	/work/cyu/stickleback_nuclear_only.fa	1
cox7c	ROB	0.0003948	0.000112844	3.49865	189	/work/cyu/stickleback_nuclear_only.fa	1
cox7c	FG	0.000142715	8.04557e-05	1.77383	189	/work/cyu/stickleback_nuclear_only.fa	1
cox7c	BOOT	0.000252132	0.000428705	0.588124	189	/work/cyu/stickleback_nuclear_only.fa	1
cox7c	ECHO	0.000468144	0.000113746	4.11568	189	/work/cyu/stickleback_nuclear_only.fa	1
cox7c	FRED	0.00025472	0	NA	189	/work/cyu/stickleback_nuclear_only.fa	1
cox7c	LAW	0.000321305	0	NA	189	/work/cyu/stickleback_nuclear_only.fa	1
cox7c	PACH	0.000201419	0.000221387	0.909807	189	/work/cyu/stickleback_nuclear_only.fa	1
cox7c	RS	0.000700873	0.000282671	2.47946	189	/work/cyu/stickleback_nuclear_only.fa	1
cox7c	SC	0.000287962	5.51031e-05	5.22587	189	/work/cyu/stickleback_nuclear_only.fa	1
cox7c	LB	0.0015988	0.000180589	8.85329	189	/work/cyu/stickleback_nuclear_only.fa	1
cox7c	CH	0.000177609	3.44177e-05	5.16039	189	/work/cyu/stickleback_nuclear_only.fa	1
cox7c	LG	0.000203249	0	NA	189	/work/cyu/stickleback_nuclear_only.fa	1
cox7c	SR	0	0.00037608	0	189	/work/cyu/stickleback_nuclear_only.fa	1
cox7c	SL	0.00248088	0.000102433	24.2196	189	/work/cyu/stickleback_nuclear_only.fa	1
cox7c	TL	0.000170149	0	NA	189	/work/cyu/stickleback_nuclear_only.fa	1
cox7c	WB	0.00280421	0	NA	189	/work/cyu/stickleback_nuclear_only.fa	1
cox7c	WT	0.00225122	0	NA	189	/work/cyu/stickleback_nuclear_only.fa	1
cox7c	WK	0.000631179	0.000115592	5.46042	189	/work/cyu/stickleback_nuclear_only.fa	1
cox7c	SWA	0.00207159	0.000267837	7.73453	189	/work/cyu/stickleback_nuclear_only.fa	1
cyc1	THE	0.00127638	0.000111538	11.4435	915	/work/cyu/stickleback_nuclear_only.fa	1
cyc1	JOE	0.000412786	0.000215484	1.91562	915	/work/cyu/stickleback_nuclear_only.fa	1
cyc1	BEA	0.00181414	5.79395e-05	31.3109	915	/work/cyu/stickleback_nuclear_only.fa	1
cyc1	MUC	0.000168832	0.000122663	1.37639	915	/work/cyu/stickleback_nuclear_only.fa	1
cyc1	PYE	0.0010202	0.000240367	4.24435	915	/work/cyu/stickleback_nuclear_only.fa	1
cyc1	AMO	0.00156102	0.000377092	4.13962	915	/work/cyu/stickleback_nuclear_only.fa	1
cyc1	SAY	0.00157812	0.000374847	4.21004	915	/work/cyu/stickleback_nuclear_only.fa	1
cyc1	GOS	0.000663122	5.18908e-05	12.7792	915	/work/cyu/stickleback_nuclear_only.fa	1
cyc1	ROB	0.00121474	5.2986e-05	22.9257	915	/work/cyu/stickleback_nuclear_only.fa	1
cyc1	FG	0.00144938	2.84002e-05	51.0342	915	/work/cyu/stickleback_nuclear_only.fa	1
cyc1	BOOT	0.0007976	0.000108166	7.37382	915	/work/cyu/stickleback_nuclear_only.fa	1
cyc1	ECHO	0.000600234	3.94897e-05	15.1997	915	/work/cyu/stickleback_nuclear_only.fa	1
cyc1	FRED	0.00122001	0.000128368	9.504	915	/work/cyu/stickleback_nuclear_only.fa	1
cyc1	LAW	0.00125723	0.000338271	3.71663	915	/work/cyu/stickleback_nuclear_only.fa	1
cyc1	PACH	0.00132904	4.30526e-05	30.8701	915	/work/cyu/stickleback_nuclear_only.fa	1
cyc1	RS	0.00243303	0.000502388	4.84294	915	/work/cyu/stickleback_nuclear_only.fa	1
cyc1	SC	0.00131291	0.000139239	9.4292	915	/work/cyu/stickleback_nuclear_only.fa	1
cyc1	LB	0.00107927	0.000173732	6.21224	915	/work/cyu/stickleback_nuclear_only.fa	1
cyc1	CH	0.00186052	9.91728e-05	18.7604	915	/work/cyu/stickleback_nuclear_only.fa	1
cyc1	LG	0.00196578	8.03212e-05	24.474	915	/work/cyu/stickleback_nuclear_only.fa	1
cyc1	SR	0.0014489	0.00012644	11.4592	915	/work/cyu/stickleback_nuclear_only.fa	1
cyc1	SL	0.00170847	9.77069e-05	17.4857	915	/work/cyu/stickleback_nuclear_only.fa	1
cyc1	TL	0.00154818	4.23462e-05	36.5601	915	/work/cyu/stickleback_nuclear_only.fa	1
cyc1	WB	0.00168439	1.91049e-05	88.165	915	/work/cyu/stickleback_nuclear_only.fa	1
cyc1	WT	0.00190535	6.03487e-05	31.5723	915	/work/cyu/stickleback_nuclear_only.fa	1
cyc1	WK	0.00131654	0.000198681	6.62641	915	/work/cyu/stickleback_nuclear_only.fa	1
cyc1	SWA	0.00311837	3.0156e-05	103.408	915	/work/cyu/stickleback_nuclear_only.fa	1
dap3	THE	0.000250306	0.00127367	0.196524	1185	/work/cyu/stickleback_nuclear_only.fa	1
dap3	JOE	0.000790383	0.000761739	1.0376	1185	/work/cyu/stickleback_nuclear_only.fa	1
dap3	BEA	0.00021504	0.000169252	1.27053	1185	/work/cyu/stickleback_nuclear_only.fa	1
dap3	MUC	0.000450021	0.000111137	4.04925	1185	/work/cyu/stickleback_nuclear_only.fa	1
dap3	PYE	0.00073217	0.000566197	1.29314	1185	/work/cyu/stickleback_nuclear_only.fa	1
dap3	AMO	0.000387965	5.26257e-05	7.37215	1185	/work/cyu/stickleback_nuclear_only.fa	1
dap3	SAY	0.000784904	0.000223778	3.50752	1185	/work/cyu/stickleback_nuclear_only.fa	1
dap3	GOS	0.00088101	5.81461e-05	15.1517	1185	/work/cyu/stickleback_nuclear_only.fa	1
dap3	ROB	0.000723619	0.000650909	1.11171	1185	/work/cyu/stickleback_nuclear_only.fa	1
dap3	FG	0.000959002	0.000443985	2.15999	1185	/work/cyu/stickleback_nuclear_only.fa	1
dap3	BOOT	0.00100596	0.000992865	1.01319	1185	/work/cyu/stickleback_nuclear_only.fa	1
dap3	ECHO	0.000779003	5.31242e-05	14.6638	1185	/work/cyu/stickleback_nuclear_only.fa	1
dap3	FRED	0.000831552	0.000277744	2.99395	1185	/work/cyu/stickleback_nuclear_only.fa	1
dap3	LAW	0.00104058	0.00126322	0.823751	1185	/work/cyu/stickleback_nuclear_only.fa	1
dap3	PACH	0.000247551	0.000109597	2.25874	1185	/work/cyu/stickleback_nuclear_only.fa	1
dap3	RS	0.00143884	0.0002832	5.08063	1185	/work/cyu/stickleback_nuclear_only.fa	1
dap3	SC	0.00132116	0.000421701	3.13294	1185	/work/cyu/stickleback_nuclear_only.fa	1
dap3	LB	0.00119223	0.000469643	2.53858	1185	/work/cyu/stickleback_nuclear_only.fa	1
dap3	CH	0.00132367	0.000495237	2.67281	1185	/work/cyu/stickleback_nuclear_only.fa	1
dap3	LG	0.000994199	0.000431185	2.30573	1185	/work/cyu/stickleback_nuclear_only.fa	1
dap3	SR	0.00103178	0.000501857	2.05593	1185	/work/cyu/stickleback_nuclear_only.fa	1
dap3	SL	0.00132419	0.000385816	3.43218	1185	/work/cyu/stickleback_nuclear_only.fa	1
dap3	TL	0.00101571	0.000427464	2.37612	1185	/work/cyu/stickleback_nuclear_only.fa	1
dap3	WB	0.000281927	6.38169e-05	4.41775	1185	/work/cyu/stickleback_nuclear_only.fa	1
dap3	WT	0.000782166	0.000468737	1.66867	1185	/work/cyu/stickleback_nuclear_only.fa	1
dap3	WK	0.000698784	0.000424556	1.64592	1185	/work/cyu/stickleback_nuclear_only.fa	1
dap3	SWA	0.000687343	0.000435981	1.57654	1185	/work/cyu/stickleback_nuclear_only.fa	1
dars	THE	0.000867187	0.000661074	1.31178	1587	/work/cyu/stickleback_nuclear_only.fa	1
dars	JOE	0.000590877	0.00035254	1.67605	1587	/work/cyu/stickleback_nuclear_only.fa	1
dars	BEA	0.000703182	0.000176062	3.99394	1587	/work/cyu/stickleback_nuclear_only.fa	1
dars	MUC	0.000748824	4.68426e-05	15.986	1587	/work/cyu/stickleback_nuclear_only.fa	1
dars	PYE	0.000879419	0.000877666	1.002	1587	/work/cyu/stickleback_nuclear_only.fa	1
dars	AMO	0.00108138	0.00105231	1.02763	1587	/work/cyu/stickleback_nuclear_only.fa	1
dars	SAY	0.00109071	0.00115517	0.944193	1587	/work/cyu/stickleback_nuclear_only.fa	1
dars	GOS	0.000751643	0.000507185	1.48199	1587	/work/cyu/stickleback_nuclear_only.fa	1
dars	ROB	0.000981261	0.00115083	0.852653	1587	/work/cyu/stickleback_nuclear_only.fa	1
dars	FG	0.000749138	0.000782789	0.957011	1587	/work/cyu/stickleback_nuclear_only.fa	1
dars	BOOT	0.000730059	0.000903798	0.807769	1587	/work/cyu/stickleback_nuclear_only.fa	1
dars	ECHO	0.000470959	0.000257145	1.83149	1587	/work/cyu/stickleback_nuclear_only.fa	1
dars	FRED	0.000583447	0.00109023	0.535158	1587	/work/cyu/stickleback_nuclear_only.fa	1
dars	LAW	0.00103721	0.000893726	1.16055	1587	/work/cyu/stickleback_nuclear_only.fa	1
dars	PACH	0.000637766	0.00041162	1.54941	1587	/work/cyu/stickleback_nuclear_only.fa	1
dars	RS	0.00165699	0.00129378	1.28074	1587	/work/cyu/stickleback_nuclear_only.fa	1
dars	SC	0.00102446	0.000844857	1.21258	1587	/work/cyu/stickleback_nuclear_only.fa	1
dars	LB	0.000908874	0.00086522	1.05045	1587	/work/cyu/stickleback_nuclear_only.fa	1
dars	CH	0.000922859	0.000822476	1.12205	1587	/work/cyu/stickleback_nuclear_only.fa	1
dars	LG	0.000973999	0.000863739	1.12765	1587	/work/cyu/stickleback_nuclear_only.fa	1
dars	SR	0.000921187	0.000652717	1.41131	1587	/work/cyu/stickleback_nuclear_only.fa	1
dars	SL	0.00101952	0.000518553	1.96609	1587	/work/cyu/stickleback_nuclear_only.fa	1
dars	TL	0.000488068	0.000205763	2.37199	1587	/work/cyu/stickleback_nuclear_only.fa	1
dars	WB	0.000987381	0.000899085	1.09821	1587	/work/cyu/stickleback_nuclear_only.fa	1
dars	WT	0.000903628	0.000537047	1.68259	1587	/work/cyu/stickleback_nuclear_only.fa	1
dars	WK	0.000931861	0.000777593	1.19839	1587	/work/cyu/stickleback_nuclear_only.fa	1
dars	SWA	0.000797233	0.000458378	1.73925	1587	/work/cyu/stickleback_nuclear_only.fa	1
dars2	THE	0.000264084	0.000170428	1.54953	1554	/work/cyu/stickleback_nuclear_only.fa	1
dars2	JOE	0.00107442	0.000799877	1.34324	1554	/work/cyu/stickleback_nuclear_only.fa	1
dars2	BEA	0.000321642	0.000113331	2.83806	1554	/work/cyu/stickleback_nuclear_only.fa	1
dars2	MUC	0.000280149	0.000190593	1.46988	1554	/work/cyu/stickleback_nuclear_only.fa	1
dars2	PYE	0.000506593	0.000234295	2.1622	1554	/work/cyu/stickleback_nuclear_only.fa	1
dars2	AMO	0.000678445	8.16357e-05	8.31065	1554	/work/cyu/stickleback_nuclear_only.fa	1
dars2	SAY	0.000977057	0.000619304	1.57767	1554	/work/cyu/stickleback_nuclear_only.fa	1
dars2	GOS	0.000816856	9.92112e-05	8.23351	1554	/work/cyu/stickleback_nuclear_only.fa	1
dars2	ROB	0.00112214	0.0003844	2.91919	1554	/work/cyu/stickleback_nuclear_only.fa	1
dars2	FG	0.00121059	0.000645167	1.87639	1554	/work/cyu/stickleback_nuclear_only.fa	1
dars2	BOOT	0.000702591	0.000115835	6.06544	1554	/work/cyu/stickleback_nuclear_only.fa	1
dars2	ECHO	0.000846027	6.09886e-05	13.8719	1554	/work/cyu/stickleback_nuclear_only.fa	1
dars2	FRED	0.000346859	0.000356589	0.972712	1554	/work/cyu/stickleback_nuclear_only.fa	1
dars2	LAW	0.000883058	0.000163456	5.40241	1554	/work/cyu/stickleback_nuclear_only.fa	1
dars2	PACH	0.00074664	0.000397674	1.87752	1554	/work/cyu/stickleback_nuclear_only.fa	1
dars2	RS	0.00157399	0.00101662	1.54825	1554	/work/cyu/stickleback_nuclear_only.fa	1
dars2	SC	0.00119248	0.000962149	1.2394	1554	/work/cyu/stickleback_nuclear_only.fa	1
dars2	LB	0.000813971	0.000530048	1.53566	1554	/work/cyu/stickleback_nuclear_only.fa	1
dars2	CH	0.000798656	0.000676011	1.18143	1554	/work/cyu/stickleback_nuclear_only.fa	1
dars2	LG	0.000650045	0.00025556	2.54361	1554	/work/cyu/stickleback_nuclear_only.fa	1
dars2	SR	0.00102198	0.000169386	6.03342	1554	/work/cyu/stickleback_nuclear_only.fa	1
dars2	SL	0.00082653	0.000479461	1.72387	1554	/work/cyu/stickleback_nuclear_only.fa	1
dars2	TL	0.000575067	9.93149e-05	5.79035	1554	/work/cyu/stickleback_nuclear_only.fa	1
dars2	WB	0.000370498	0.000279777	1.32426	1554	/work/cyu/stickleback_nuclear_only.fa	1
dars2	WT	0.000849418	0.000214013	3.969	1554	/work/cyu/stickleback_nuclear_only.fa	1
dars2	WK	0.0019514	0.000880542	2.21613	1554	/work/cyu/stickleback_nuclear_only.fa	1
dars2	SWA	0.000456547	0.000380913	1.19856	1554	/work/cyu/stickleback_nuclear_only.fa	1
dmac2l	THE	0.00128211	0.00117237	1.0936	618	/work/cyu/stickleback_nuclear_only.fa	1
dmac2l	JOE	0.00116088	0.000646471	1.79571	618	/work/cyu/stickleback_nuclear_only.fa	1
dmac2l	BEA	0.00117925	0.000935159	1.26102	618	/work/cyu/stickleback_nuclear_only.fa	1
dmac2l	MUC	0.000486119	2.94065e-05	16.531	618	/work/cyu/stickleback_nuclear_only.fa	1
dmac2l	PYE	0.0011747	0.000681999	1.72244	618	/work/cyu/stickleback_nuclear_only.fa	1
dmac2l	AMO	0.00154705	0.00072775	2.1258	618	/work/cyu/stickleback_nuclear_only.fa	1
dmac2l	SAY	0.00148187	0.0011841	1.25148	618	/work/cyu/stickleback_nuclear_only.fa	1
dmac2l	GOS	0.00115355	0.00031458	3.66697	618	/work/cyu/stickleback_nuclear_only.fa	1
dmac2l	ROB	0.00179819	0.00124527	1.44402	618	/work/cyu/stickleback_nuclear_only.fa	1
dmac2l	FG	0.000603077	0.000293265	2.05643	618	/work/cyu/stickleback_nuclear_only.fa	1
dmac2l	BOOT	0.000720222	0.00135382	0.531993	618	/work/cyu/stickleback_nuclear_only.fa	1
dmac2l	ECHO	0.000338438	9.66826e-05	3.50051	618	/work/cyu/stickleback_nuclear_only.fa	1
dmac2l	FRED	0.000207748	8.56138e-05	2.42657	618	/work/cyu/stickleback_nuclear_only.fa	1
dmac2l	LAW	0.00119855	0.00127122	0.942836	618	/work/cyu/stickleback_nuclear_only.fa	1
dmac2l	PACH	0.000213652	0.000166147	1.28592	618	/work/cyu/stickleback_nuclear_only.fa	1
dmac2l	RS	0.00185667	0.00136687	1.35833	618	/work/cyu/stickleback_nuclear_only.fa	1
dmac2l	SC	0.00134661	0.00100473	1.34027	618	/work/cyu/stickleback_nuclear_only.fa	1
dmac2l	LB	0.00103797	0.000905152	1.14674	618	/work/cyu/stickleback_nuclear_only.fa	1
dmac2l	CH	0.00160952	0.000885434	1.81778	618	/work/cyu/stickleback_nuclear_only.fa	1
dmac2l	LG	0.00170184	0.00160587	1.05976	618	/work/cyu/stickleback_nuclear_only.fa	1
dmac2l	SR	0.000339815	0.000515629	0.65903	618	/work/cyu/stickleback_nuclear_only.fa	1
dmac2l	SL	0.000519231	0.000313467	1.65642	618	/work/cyu/stickleback_nuclear_only.fa	1
dmac2l	TL	0.000352398	0.000928201	0.379658	618	/work/cyu/stickleback_nuclear_only.fa	1
dmac2l	WB	0.000779116	0.00118474	0.657628	618	/work/cyu/stickleback_nuclear_only.fa	1
dmac2l	WT	0.000695817	0.000934228	0.744805	618	/work/cyu/stickleback_nuclear_only.fa	1
dmac2l	WK	0.00133375	0.00087625	1.52211	618	/work/cyu/stickleback_nuclear_only.fa	1
dmac2l	SWA	0.000270007	6.75827e-05	3.99521	618	/work/cyu/stickleback_nuclear_only.fa	1
ecsit	THE	0.00133298	0.000749136	1.77935	1224	/work/cyu/stickleback_nuclear_only.fa	1
ecsit	JOE	0.00366929	0.00197745	1.85557	1224	/work/cyu/stickleback_nuclear_only.fa	1
ecsit	BEA	0.00441133	0.00101626	4.34076	1224	/work/cyu/stickleback_nuclear_only.fa	1
ecsit	MUC	0.00114591	0.000396727	2.88841	1224	/work/cyu/stickleback_nuclear_only.fa	1
ecsit	PYE	0.00410633	0.00238093	1.72467	1224	/work/cyu/stickleback_nuclear_only.fa	1
ecsit	AMO	0.000218938	0.000883446	0.247823	1224	/work/cyu/stickleback_nuclear_only.fa	1
ecsit	SAY	0.000641574	0.000629535	1.01912	1224	/work/cyu/stickleback_nuclear_only.fa	1
ecsit	GOS	0.00415619	0.00249204	1.66778	1224	/work/cyu/stickleback_nuclear_only.fa	1
ecsit	ROB	0.00481719	0.00285068	1.68984	1224	/work/cyu/stickleback_nuclear_only.fa	1
ecsit	FG	0.00452798	0.00275283	1.64484	1224	/work/cyu/stickleback_nuclear_only.fa	1
ecsit	BOOT	0.00462084	0.00299237	1.54421	1224	/work/cyu/stickleback_nuclear_only.fa	1
ecsit	ECHO	0.00146913	0.00112921	1.30103	1224	/work/cyu/stickleback_nuclear_only.fa	1
ecsit	FRED	0.000220403	0.00015357	1.43519	1224	/work/cyu/stickleback_nuclear_only.fa	1
ecsit	LAW	0.00539406	0.00320491	1.68306	1224	/work/cyu/stickleback_nuclear_only.fa	1
ecsit	PACH	0.00021921	0.000195473	1.12144	1224	/work/cyu/stickleback_nuclear_only.fa	1
ecsit	RS	0.000868884	0.000589528	1.47386	1224	/work/cyu/stickleback_nuclear_only.fa	1
ecsit	SC	0.00399766	0.00218847	1.82669	1224	/work/cyu/stickleback_nuclear_only.fa	1
ecsit	LB	0.00475343	0.00251607	1.88923	1224	/work/cyu/stickleback_nuclear_only.fa	1
ecsit	CH	0.00243134	0.00153274	1.58627	1224	/work/cyu/stickleback_nuclear_only.fa	1
ecsit	LG	0.00355202	0.00149653	2.37351	1224	/work/cyu/stickleback_nuclear_only.fa	1
ecsit	SR	0.00317378	0.00151376	2.09662	1224	/work/cyu/stickleback_nuclear_only.fa	1
ecsit	SL	0.0051286	0.0026299	1.95012	1224	/work/cyu/stickleback_nuclear_only.fa	1
ecsit	TL	0.000163855	5.85132e-05	2.80031	1224	/work/cyu/stickleback_nuclear_only.fa	1
ecsit	WB	0.000548183	0.0003807	1.43993	1224	/work/cyu/stickleback_nuclear_only.fa	1
ecsit	WT	0.00228199	0.000916353	2.49029	1224	/work/cyu/stickleback_nuclear_only.fa	1
ecsit	WK	0.0050496	0.002952	1.71057	1224	/work/cyu/stickleback_nuclear_only.fa	1
ecsit	SWA	0.00467679	0.00233905	1.99944	1224	/work/cyu/stickleback_nuclear_only.fa	1
eef1e1	THE	0.00052873	0.00215234	0.245654	534	/work/cyu/stickleback_nuclear_only.fa	1
eef1e1	JOE	0.000240563	0.00169468	0.141952	534	/work/cyu/stickleback_nuclear_only.fa	1
eef1e1	BEA	0.00384824	0.000177341	21.6997	534	/work/cyu/stickleback_nuclear_only.fa	1
eef1e1	MUC	7.12798e-05	0.000286265	0.249	534	/work/cyu/stickleback_nuclear_only.fa	1
eef1e1	PYE	0.00116431	0.00204466	0.569437	534	/work/cyu/stickleback_nuclear_only.fa	1
eef1e1	AMO	0.000318746	0.000822342	0.387608	534	/work/cyu/stickleback_nuclear_only.fa	1
eef1e1	SAY	0.000824948	0.00156002	0.528806	534	/work/cyu/stickleback_nuclear_only.fa	1
eef1e1	GOS	0.000438512	0.000788856	0.555884	534	/work/cyu/stickleback_nuclear_only.fa	1
eef1e1	ROB	0.000397565	0.00131932	0.301341	534	/work/cyu/stickleback_nuclear_only.fa	1
eef1e1	FG	0.000898702	0.00115117	0.780689	534	/work/cyu/stickleback_nuclear_only.fa	1
eef1e1	BOOT	0.00132123	0.000771341	1.7129	534	/work/cyu/stickleback_nuclear_only.fa	1
eef1e1	ECHO	0.000947209	0.000567984	1.66767	534	/work/cyu/stickleback_nuclear_only.fa	1
eef1e1	FRED	9.124e-05	0.00106228	0.0858905	534	/work/cyu/stickleback_nuclear_only.fa	1
eef1e1	LAW	0.00270204	0.00148514	1.81939	534	/work/cyu/stickleback_nuclear_only.fa	1
eef1e1	PACH	0.00039158	0.00020093	1.94884	534	/work/cyu/stickleback_nuclear_only.fa	1
eef1e1	RS	0.000861246	0.00182395	0.472188	534	/work/cyu/stickleback_nuclear_only.fa	1
eef1e1	SC	0.00103653	0.00171227	0.605354	534	/work/cyu/stickleback_nuclear_only.fa	1
eef1e1	LB	0.00122174	0.00124199	0.983694	534	/work/cyu/stickleback_nuclear_only.fa	1
eef1e1	CH	0.00110874	0.00133918	0.827928	534	/work/cyu/stickleback_nuclear_only.fa	1
eef1e1	LG	0.000659852	0.00100226	0.658362	534	/work/cyu/stickleback_nuclear_only.fa	1
eef1e1	SR	0.000682826	0.00204905	0.33324	534	/work/cyu/stickleback_nuclear_only.fa	1
eef1e1	SL	0.000682217	0.00108834	0.626845	534	/work/cyu/stickleback_nuclear_only.fa	1
eef1e1	TL	0.00027573	0.0013703	0.201218	534	/work/cyu/stickleback_nuclear_only.fa	1
eef1e1	WB	0.000930429	0.00145531	0.639332	534	/work/cyu/stickleback_nuclear_only.fa	1
eef1e1	WT	0.000254059	0.00103797	0.244766	534	/work/cyu/stickleback_nuclear_only.fa	1
eef1e1	WK	0.000233811	0.00082219	0.284377	534	/work/cyu/stickleback_nuclear_only.fa	1
eef1e1	SWA	0.00292497	0.000892774	3.27627	534	/work/cyu/stickleback_nuclear_only.fa	1
ensgacg00000004591	THE	6.706e-05	0.00117583	0.057032	414	/work/cyu/stickleback_nuclear_only.fa	1
ensgacg00000004591	JOE	0.000569565	0.000185375	3.0725	414	/work/cyu/stickleback_nuclear_only.fa	1
ensgacg00000004591	BEA	0.000280449	6.54394e-05	4.28563	414	/work/cyu/stickleback_nuclear_only.fa	1
ensgacg00000004591	MUC	0.000489141	0.000347852	1.40618	414	/work/cyu/stickleback_nuclear_only.fa	1
ensgacg00000004591	PYE	0.000146222	0.00130158	0.112342	414	/work/cyu/stickleback_nuclear_only.fa	1
ensgacg00000004591	AMO	0.000283435	0.00131373	0.215748	414	/work/cyu/stickleback_nuclear_only.fa	1
ensgacg00000004591	SAY	0.000368918	0.00112366	0.328318	414	/work/cyu/stickleback_nuclear_only.fa	1
ensgacg00000004591	GOS	0.000210546	0.000164897	1.27683	414	/work/cyu/stickleback_nuclear_only.fa	1
ensgacg00000004591	ROB	0.000219672	0.00063971	0.343394	414	/work/cyu/stickleback_nuclear_only.fa	1
ensgacg00000004591	FG	0.000108855	0.00125993	0.0863981	414	/work/cyu/stickleback_nuclear_only.fa	1
ensgacg00000004591	BOOT	0.000182028	0.000107237	1.69742	414	/work/cyu/stickleback_nuclear_only.fa	1
ensgacg00000004591	ECHO	0.00025411	9.96174e-05	2.55086	414	/work/cyu/stickleback_nuclear_only.fa	1
ensgacg00000004591	FRED	0.000341275	0.00125481	0.271973	414	/work/cyu/stickleback_nuclear_only.fa	1
ensgacg00000004591	LAW	0.000141901	0.00130152	0.109027	414	/work/cyu/stickleback_nuclear_only.fa	1
ensgacg00000004591	PACH	0.00102566	0.00121014	0.847556	414	/work/cyu/stickleback_nuclear_only.fa	1
ensgacg00000004591	RS	0.000993857	0.0014897	0.667151	414	/work/cyu/stickleback_nuclear_only.fa	1
ensgacg00000004591	SC	0.000150543	0.00125481	0.119973	414	/work/cyu/stickleback_nuclear_only.fa	1
ensgacg00000004591	LB	0.000333451	0.00100047	0.333293	414	/work/cyu/stickleback_nuclear_only.fa	1
ensgacg00000004591	CH	0.000153341	0.00134715	0.113827	414	/work/cyu/stickleback_nuclear_only.fa	1
ensgacg00000004591	LG	8.18265e-05	0.00161644	0.0506215	414	/work/cyu/stickleback_nuclear_only.fa	1
ensgacg00000004591	SR	0.000336577	0.00125336	0.26854	414	/work/cyu/stickleback_nuclear_only.fa	1
ensgacg00000004591	SL	3.98643e-05	0.00129754	0.0307229	414	/work/cyu/stickleback_nuclear_only.fa	1
ensgacg00000004591	TL	0.000334551	0.000805735	0.415212	414	/work/cyu/stickleback_nuclear_only.fa	1
ensgacg00000004591	WB	0	0.000978819	0	414	/work/cyu/stickleback_nuclear_only.fa	1
ensgacg00000004591	WT	0.000123184	0.00126827	0.0971271	414	/work/cyu/stickleback_nuclear_only.fa	1
ensgacg00000004591	WK	0.000169639	0.000511472	0.331667	414	/work/cyu/stickleback_nuclear_only.fa	1
ensgacg00000004591	SWA	0.000226118	0.0010511	0.215125	414	/work/cyu/stickleback_nuclear_only.fa	1
ensgacg00000011687	THE	0.0003527	9.5111e-05	3.7083	309	/work/cyu/stickleback_nuclear_only.fa	1
ensgacg00000011687	JOE	0.000286298	0.000958619	0.298657	309	/work/cyu/stickleback_nuclear_only.fa	1
ensgacg00000011687	BEA	0.000153109	0	NA	309	/work/cyu/stickleback_nuclear_only.fa	1
ensgacg00000011687	MUC	0.000386966	0.000187907	2.05935	309	/work/cyu/stickleback_nuclear_only.fa	1
ensgacg00000011687	PYE	0.000277	0.000102128	2.71229	309	/work/cyu/stickleback_nuclear_only.fa	1
ensgacg00000011687	AMO	0.000112919	6.04205e-05	1.86889	309	/work/cyu/stickleback_nuclear_only.fa	1
ensgacg00000011687	SAY	0.000310003	0.000216654	1.43087	309	/work/cyu/stickleback_nuclear_only.fa	1
ensgacg00000011687	GOS	0.000146623	0	NA	309	/work/cyu/stickleback_nuclear_only.fa	1
ensgacg00000011687	ROB	0.00044857	0.000157796	2.84272	309	/work/cyu/stickleback_nuclear_only.fa	1
ensgacg00000011687	FG	0.000226277	4.607e-05	4.9116	309	/work/cyu/stickleback_nuclear_only.fa	1
ensgacg00000011687	BOOT	0	8.17447e-05	0	309	/work/cyu/stickleback_nuclear_only.fa	1
ensgacg00000011687	ECHO	0.000162089	0.000211618	0.76595	309	/work/cyu/stickleback_nuclear_only.fa	1
ensgacg00000011687	FRED	8.38784e-05	0	NA	309	/work/cyu/stickleback_nuclear_only.fa	1
ensgacg00000011687	LAW	0.000199653	6.6734e-05	2.99178	309	/work/cyu/stickleback_nuclear_only.fa	1
ensgacg00000011687	PACH	0.00027627	7.02512e-05	3.9326	309	/work/cyu/stickleback_nuclear_only.fa	1
ensgacg00000011687	RS	0.000830283	0.000298826	2.77849	309	/work/cyu/stickleback_nuclear_only.fa	1
ensgacg00000011687	SC	0.000192263	0.000127495	1.508	309	/work/cyu/stickleback_nuclear_only.fa	1
ensgacg00000011687	LB	0.000285215	0.000125558	2.27159	309	/work/cyu/stickleback_nuclear_only.fa	1
ensgacg00000011687	CH	0.000435446	0.000203695	2.13774	309	/work/cyu/stickleback_nuclear_only.fa	1
ensgacg00000011687	LG	0.000400491	0.000198181	2.02083	309	/work/cyu/stickleback_nuclear_only.fa	1
ensgacg00000011687	SR	0.000216841	0.000109819	1.97454	309	/work/cyu/stickleback_nuclear_only.fa	1
ensgacg00000011687	SL	0.000304836	0.000120188	2.53633	309	/work/cyu/stickleback_nuclear_only.fa	1
ensgacg00000011687	TL	0.000297686	6.21924e-05	4.78654	309	/work/cyu/stickleback_nuclear_only.fa	1
ensgacg00000011687	WB	0.000122926	0	NA	309	/work/cyu/stickleback_nuclear_only.fa	1
ensgacg00000011687	WT	0.000102537	4.89285e-05	2.09565	309	/work/cyu/stickleback_nuclear_only.fa	1
ensgacg00000011687	WK	0.000224027	0.000109604	2.04397	309	/work/cyu/stickleback_nuclear_only.fa	1
ensgacg00000011687	SWA	0.000332014	5.61833e-05	5.90949	309	/work/cyu/stickleback_nuclear_only.fa	1
ensgacg00000013583	THE	0.000485324	0.00048412	1.00249	303	/work/cyu/stickleback_nuclear_only.fa	1
ensgacg00000013583	JOE	0.000335593	0.000299596	1.12015	303	/work/cyu/stickleback_nuclear_only.fa	1
ensgacg00000013583	BEA	0.000325419	0.000170127	1.9128	303	/work/cyu/stickleback_nuclear_only.fa	1
ensgacg00000013583	MUC	0.000322731	0.00173105	0.186437	303	/work/cyu/stickleback_nuclear_only.fa	1
ensgacg00000013583	PYE	0.00210971	0.000816492	2.58387	303	/work/cyu/stickleback_nuclear_only.fa	1
ensgacg00000013583	AMO	0.00206136	6.8603e-05	30.0477	303	/work/cyu/stickleback_nuclear_only.fa	1
ensgacg00000013583	SAY	0.00176195	0.000367271	4.7974	303	/work/cyu/stickleback_nuclear_only.fa	1
ensgacg00000013583	GOS	0.000145302	0.000863025	0.168364	303	/work/cyu/stickleback_nuclear_only.fa	1
ensgacg00000013583	ROB	0.000919094	0.000463562	1.98268	303	/work/cyu/stickleback_nuclear_only.fa	1
ensgacg00000013583	FG	0.000175791	0	NA	303	/work/cyu/stickleback_nuclear_only.fa	1
ensgacg00000013583	BOOT	0.00038503	0.000295229	1.30417	303	/work/cyu/stickleback_nuclear_only.fa	1
ensgacg00000013583	ECHO	6.53871e-05	0.00012191	0.536357	303	/work/cyu/stickleback_nuclear_only.fa	1
ensgacg00000013583	FRED	0.000317351	0.00121575	0.261032	303	/work/cyu/stickleback_nuclear_only.fa	1
ensgacg00000013583	LAW	0.00014828	0.000906852	0.16351	303	/work/cyu/stickleback_nuclear_only.fa	1
ensgacg00000013583	PACH	0.000272924	0.00162294	0.168167	303	/work/cyu/stickleback_nuclear_only.fa	1
ensgacg00000013583	RS	0.00204671	0.000498658	4.10443	303	/work/cyu/stickleback_nuclear_only.fa	1
ensgacg00000013583	SC	0.00203189	0.000462697	4.39142	303	/work/cyu/stickleback_nuclear_only.fa	1
ensgacg00000013583	LB	0.000361329	0.000762173	0.474077	303	/work/cyu/stickleback_nuclear_only.fa	1
ensgacg00000013583	CH	0.00118824	0.000115641	10.2752	303	/work/cyu/stickleback_nuclear_only.fa	1
ensgacg00000013583	LG	0.0019044	0.000188987	10.0769	303	/work/cyu/stickleback_nuclear_only.fa	1
ensgacg00000013583	SR	0.000492257	0.000141963	3.46749	303	/work/cyu/stickleback_nuclear_only.fa	1
ensgacg00000013583	SL	0.000827118	0.000357638	2.31272	303	/work/cyu/stickleback_nuclear_only.fa	1
ensgacg00000013583	TL	0.00190226	0.000229344	8.29438	303	/work/cyu/stickleback_nuclear_only.fa	1
ensgacg00000013583	WB	0.00104739	0.00060811	1.72237	303	/work/cyu/stickleback_nuclear_only.fa	1
ensgacg00000013583	WT	0.000218766	0	NA	303	/work/cyu/stickleback_nuclear_only.fa	1
ensgacg00000013583	WK	0.000224491	9.13174e-05	2.45836	303	/work/cyu/stickleback_nuclear_only.fa	1
ensgacg00000013583	SWA	4.9233e-05	0.000134186	0.366901	303	/work/cyu/stickleback_nuclear_only.fa	1
eprs	THE	0.00150495	0.00102585	1.46702	4510	/work/cyu/stickleback_nuclear_only.fa	1
eprs	JOE	0.00128748	0.000480249	2.68085	4179	/work/cyu/stickleback_nuclear_only.fa	1
eprs	BEA	0.00153282	0.000886964	1.72816	4179	/work/cyu/stickleback_nuclear_only.fa	1
eprs	MUC	0.00130174	0.000662861	1.96382	4532	/work/cyu/stickleback_nuclear_only.fa	1
eprs	PYE	0.00140957	0.000590964	2.38521	4631	/work/cyu/stickleback_nuclear_only.fa	1
eprs	AMO	0.00127464	0.000926954	1.37508	4469	/work/cyu/stickleback_nuclear_only.fa	1
eprs	SAY	0.00102213	0.000849047	1.20386	4707	/work/cyu/stickleback_nuclear_only.fa	1
eprs	GOS	0.000938224	0.000499503	1.87831	4554	/work/cyu/stickleback_nuclear_only.fa	1
eprs	ROB	0.00142506	0.000868835	1.6402	4558	/work/cyu/stickleback_nuclear_only.fa	1
eprs	FG	0.000812899	0.00032724	2.48411	4518	/work/cyu/stickleback_nuclear_only.fa	1
eprs	BOOT	0.0010547	0.000856324	1.23166	4605	/work/cyu/stickleback_nuclear_only.fa	1
eprs	ECHO	0.00129693	0.000548601	2.36406	4612	/work/cyu/stickleback_nuclear_only.fa	1
eprs	FRED	0.000763912	0.000644385	1.18549	4558	/work/cyu/stickleback_nuclear_only.fa	1
eprs	LAW	0.00123571	0.000873516	1.41464	4719	/work/cyu/stickleback_nuclear_only.fa	1
eprs	PACH	0.00116247	0.000761945	1.52566	4673	/work/cyu/stickleback_nuclear_only.fa	1
eprs	RS	0.00180594	0.000969507	1.86274	4748	/work/cyu/stickleback_nuclear_only.fa	1
eprs	SC	0.00105577	0.000793036	1.3313	4694	/work/cyu/stickleback_nuclear_only.fa	1
eprs	LB	0.00120657	0.000640951	1.88247	4748	/work/cyu/stickleback_nuclear_only.fa	1
eprs	CH	0.00124354	0.00079374	1.56669	4693	/work/cyu/stickleback_nuclear_only.fa	1
eprs	LG	0.00112127	0.00066514	1.68577	4572	/work/cyu/stickleback_nuclear_only.fa	1
eprs	SR	0.000917289	0.000252303	3.63567	4614	/work/cyu/stickleback_nuclear_only.fa	1
eprs	SL	0.000889092	0.000631082	1.40884	4624	/work/cyu/stickleback_nuclear_only.fa	1
eprs	TL	0.000847762	0.000584116	1.45136	4680	/work/cyu/stickleback_nuclear_only.fa	1
eprs	WB	0.000940829	0.000574177	1.63857	4582	/work/cyu/stickleback_nuclear_only.fa	1
eprs	WT	0.00111673	0.000680536	1.64095	4641	/work/cyu/stickleback_nuclear_only.fa	1
eprs	WK	0.000474357	0.000415366	1.14202	4612	/work/cyu/stickleback_nuclear_only.fa	1
eprs	SWA	0.000826601	0.000573246	1.44196	4535	/work/cyu/stickleback_nuclear_only.fa	1
farsa	THE	0.000747894	0.000731238	1.02278	1482	/work/cyu/stickleback_nuclear_only.fa	1
farsa	JOE	0.00105796	0.00157744	0.670684	1482	/work/cyu/stickleback_nuclear_only.fa	1
farsa	BEA	0.000402924	0.000206224	1.95382	1482	/work/cyu/stickleback_nuclear_only.fa	1
farsa	MUC	0.00061461	0.000766091	0.802269	1482	/work/cyu/stickleback_nuclear_only.fa	1
farsa	PYE	0.000734947	0.000930722	0.789652	1482	/work/cyu/stickleback_nuclear_only.fa	1
farsa	AMO	0.00105703	0.000836057	1.2643	1482	/work/cyu/stickleback_nuclear_only.fa	1
farsa	SAY	0.000646936	0.00110125	0.587453	1482	/work/cyu/stickleback_nuclear_only.fa	1
farsa	GOS	0.000664196	8.17618e-05	8.12354	1482	/work/cyu/stickleback_nuclear_only.fa	1
farsa	ROB	0.000604552	0.00114617	0.527453	1482	/work/cyu/stickleback_nuclear_only.fa	1
farsa	FG	0.000936332	0.000538869	1.73759	1482	/work/cyu/stickleback_nuclear_only.fa	1
farsa	BOOT	0.000649247	0.000387438	1.67574	1482	/work/cyu/stickleback_nuclear_only.fa	1
farsa	ECHO	0.000618868	2.81421e-05	21.9909	1482	/work/cyu/stickleback_nuclear_only.fa	1
farsa	FRED	0.000734553	0.000785581	0.935043	1482	/work/cyu/stickleback_nuclear_only.fa	1
farsa	LAW	0.000601073	0.00108193	0.555556	1482	/work/cyu/stickleback_nuclear_only.fa	1
farsa	PACH	0.000167479	0.000105398	1.58902	1482	/work/cyu/stickleback_nuclear_only.fa	1
farsa	RS	0.00135761	0.00135638	1.00091	1482	/work/cyu/stickleback_nuclear_only.fa	1
farsa	SC	0.000718831	0.000788029	0.912188	1482	/work/cyu/stickleback_nuclear_only.fa	1
farsa	LB	0.000903022	0.00100067	0.902414	1482	/work/cyu/stickleback_nuclear_only.fa	1
farsa	CH	0.000768559	0.00087691	0.876439	1482	/work/cyu/stickleback_nuclear_only.fa	1
farsa	LG	0.00085869	0.00121929	0.704256	1482	/work/cyu/stickleback_nuclear_only.fa	1
farsa	SR	0.000745163	0.00048055	1.55065	1482	/work/cyu/stickleback_nuclear_only.fa	1
farsa	SL	0.000654801	0.000905956	0.722774	1482	/work/cyu/stickleback_nuclear_only.fa	1
farsa	TL	0.000339164	0.00036839	0.920665	1482	/work/cyu/stickleback_nuclear_only.fa	1
farsa	WB	0.00089594	0.000535396	1.67341	1482	/work/cyu/stickleback_nuclear_only.fa	1
farsa	WT	0.00108697	0.00124625	0.872187	1482	/work/cyu/stickleback_nuclear_only.fa	1
farsa	WK	0.000903954	0.000518766	1.74251	1482	/work/cyu/stickleback_nuclear_only.fa	1
farsa	SWA	0.000578671	0.000409533	1.413	1482	/work/cyu/stickleback_nuclear_only.fa	1
farsb	THE	0.00064128	0.000925619	0.692811	1629	/work/cyu/stickleback_nuclear_only.fa	1
farsb	JOE	0.000637951	0.000406966	1.56758	1629	/work/cyu/stickleback_nuclear_only.fa	1
farsb	BEA	0.000281293	5.87274e-05	4.7898	1629	/work/cyu/stickleback_nuclear_only.fa	1
farsb	MUC	0.000170363	5.86307e-05	2.90569	1629	/work/cyu/stickleback_nuclear_only.fa	1
farsb	PYE	0.000444008	0.00103554	0.42877	1629	/work/cyu/stickleback_nuclear_only.fa	1
farsb	AMO	0.000551975	0.00107929	0.511424	1629	/work/cyu/stickleback_nuclear_only.fa	1
farsb	SAY	0.000512395	0.000997704	0.513575	1629	/work/cyu/stickleback_nuclear_only.fa	1
farsb	GOS	0.00019645	0.000155426	1.26395	1629	/work/cyu/stickleback_nuclear_only.fa	1
farsb	ROB	0.000196325	0.000584168	0.336076	1629	/work/cyu/stickleback_nuclear_only.fa	1
farsb	FG	0.000370978	0.00115573	0.32099	1629	/work/cyu/stickleback_nuclear_only.fa	1
farsb	BOOT	0.000610337	0.000700901	0.87079	1629	/work/cyu/stickleback_nuclear_only.fa	1
farsb	ECHO	0.000400939	0.000128475	3.12076	1629	/work/cyu/stickleback_nuclear_only.fa	1
farsb	FRED	0.000261741	0.000783468	0.33408	1629	/work/cyu/stickleback_nuclear_only.fa	1
farsb	LAW	0.000562362	0.000680029	0.826968	1629	/work/cyu/stickleback_nuclear_only.fa	1
farsb	PACH	0.000126329	0.000617428	0.204605	1629	/work/cyu/stickleback_nuclear_only.fa	1
farsb	RS	0.0010993	0.00119635	0.918881	1629	/work/cyu/stickleback_nuclear_only.fa	1
farsb	SC	0.000599921	0.000913267	0.656896	1629	/work/cyu/stickleback_nuclear_only.fa	1
farsb	LB	0.000523152	0.000970946	0.538806	1629	/work/cyu/stickleback_nuclear_only.fa	1
farsb	CH	0.000412405	0.00114616	0.359814	1629	/work/cyu/stickleback_nuclear_only.fa	1
farsb	LG	0.000492445	0.00107874	0.456499	1629	/work/cyu/stickleback_nuclear_only.fa	1
farsb	SR	0.000764085	0.000892982	0.855656	1629	/work/cyu/stickleback_nuclear_only.fa	1
farsb	SL	0.000507294	0.000898838	0.564388	1629	/work/cyu/stickleback_nuclear_only.fa	1
farsb	TL	0.000305031	0.000655682	0.465211	1629	/work/cyu/stickleback_nuclear_only.fa	1
farsb	WB	0.000699642	0.000989752	0.706886	1629	/work/cyu/stickleback_nuclear_only.fa	1
farsb	WT	0.00075363	0.000949903	0.793376	1629	/work/cyu/stickleback_nuclear_only.fa	1
farsb	WK	0.000570226	0.00112005	0.509107	1629	/work/cyu/stickleback_nuclear_only.fa	1
farsb	SWA	0.000349386	0.000115345	3.02906	1629	/work/cyu/stickleback_nuclear_only.fa	1
faua	THE	0.00199682	0.00129551	1.54134	432	/work/cyu/stickleback_nuclear_only.fa	1
faua	JOE	0.00107839	0.00153165	0.704073	432	/work/cyu/stickleback_nuclear_only.fa	1
faua	BEA	0.00133355	0.00138333	0.964012	432	/work/cyu/stickleback_nuclear_only.fa	1
faua	MUC	0.00132256	0.00210549	0.628149	432	/work/cyu/stickleback_nuclear_only.fa	1
faua	PYE	0.000644213	0.00261059	0.246769	432	/work/cyu/stickleback_nuclear_only.fa	1
faua	AMO	0.000845113	0.000332737	2.53988	432	/work/cyu/stickleback_nuclear_only.fa	1
faua	SAY	0.00188877	0.000563055	3.35451	432	/work/cyu/stickleback_nuclear_only.fa	1
faua	GOS	0.00147119	0.00224519	0.655264	432	/work/cyu/stickleback_nuclear_only.fa	1
faua	ROB	0.00163199	0.00101034	1.61529	432	/work/cyu/stickleback_nuclear_only.fa	1
faua	FG	0.00123788	0.00170473	0.726144	432	/work/cyu/stickleback_nuclear_only.fa	1
faua	BOOT	0.000601347	0.000925462	0.64978	432	/work/cyu/stickleback_nuclear_only.fa	1
faua	ECHO	0.00104914	0.00212657	0.493351	432	/work/cyu/stickleback_nuclear_only.fa	1
faua	FRED	0.00125205	0.00133289	0.939349	432	/work/cyu/stickleback_nuclear_only.fa	1
faua	LAW	0.000482188	0.000627141	0.768867	432	/work/cyu/stickleback_nuclear_only.fa	1
faua	PACH	0.000374284	0.000300096	1.24721	432	/work/cyu/stickleback_nuclear_only.fa	1
faua	RS	0.00214247	0.00153531	1.39547	432	/work/cyu/stickleback_nuclear_only.fa	1
faua	SC	0.00169357	0.000705584	2.40024	432	/work/cyu/stickleback_nuclear_only.fa	1
faua	LB	0.0011694	0.00154072	0.758997	432	/work/cyu/stickleback_nuclear_only.fa	1
faua	CH	0.00167387	0.000963715	1.73689	432	/work/cyu/stickleback_nuclear_only.fa	1
faua	LG	0.00219469	0.00106826	2.05445	432	/work/cyu/stickleback_nuclear_only.fa	1
faua	SR	0.00211097	0.0023241	0.908294	432	/work/cyu/stickleback_nuclear_only.fa	1
faua	SL	0.00160601	0.00052404	3.06466	432	/work/cyu/stickleback_nuclear_only.fa	1
faua	TL	0.00128096	0.00259959	0.492755	432	/work/cyu/stickleback_nuclear_only.fa	1
faua	WB	0.00151717	0.00115224	1.31672	432	/work/cyu/stickleback_nuclear_only.fa	1
faua	WT	0.000842888	0.00116755	0.721926	432	/work/cyu/stickleback_nuclear_only.fa	1
faua	WK	0.0012731	0.00121524	1.04762	432	/work/cyu/stickleback_nuclear_only.fa	1
faua	SWA	0.00235617	0.0022349	1.05426	432	/work/cyu/stickleback_nuclear_only.fa	1
gadd45gip1	THE	0.000949379	8.20312e-05	11.5734	702	/work/cyu/stickleback_nuclear_only.fa	1
gadd45gip1	JOE	0.000351954	0.000176173	1.99777	698	/work/cyu/stickleback_nuclear_only.fa	1
gadd45gip1	BEA	0.000764341	0.000852512	0.896575	698	/work/cyu/stickleback_nuclear_only.fa	1
gadd45gip1	MUC	0.00065097	0.000124867	5.21333	698	/work/cyu/stickleback_nuclear_only.fa	1
gadd45gip1	PYE	0.00110409	0.000641748	1.72045	698	/work/cyu/stickleback_nuclear_only.fa	1
gadd45gip1	AMO	0.0017941	0.000308335	5.81869	708	/work/cyu/stickleback_nuclear_only.fa	1
gadd45gip1	SAY	0.00122703	0.000340261	3.60615	698	/work/cyu/stickleback_nuclear_only.fa	1
gadd45gip1	GOS	0.000386746	6.75058e-05	5.72907	698	/work/cyu/stickleback_nuclear_only.fa	1
gadd45gip1	ROB	0.00106006	0.000246586	4.29895	706	/work/cyu/stickleback_nuclear_only.fa	1
gadd45gip1	FG	0.000284776	0.000371234	0.767107	698	/work/cyu/stickleback_nuclear_only.fa	1
gadd45gip1	BOOT	0.000252781	0.000174933	1.44501	698	/work/cyu/stickleback_nuclear_only.fa	1
gadd45gip1	ECHO	0.000460156	0.000107686	4.27314	698	/work/cyu/stickleback_nuclear_only.fa	1
gadd45gip1	FRED	0.000548733	7.40741e-05	7.4079	698	/work/cyu/stickleback_nuclear_only.fa	1
gadd45gip1	LAW	0.000367874	0.000197431	1.8633	698	/work/cyu/stickleback_nuclear_only.fa	1
gadd45gip1	PACH	0.000810653	0.000698836	1.16	698	/work/cyu/stickleback_nuclear_only.fa	1
gadd45gip1	RS	0.00310504	0.00114103	2.72126	712	/work/cyu/stickleback_nuclear_only.fa	1
gadd45gip1	SC	0.00289524	0.000618897	4.67807	712	/work/cyu/stickleback_nuclear_only.fa	1
gadd45gip1	LB	0.000575437	0.00042798	1.34454	709	/work/cyu/stickleback_nuclear_only.fa	1
gadd45gip1	CH	0.00226352	0.000196845	11.499	711	/work/cyu/stickleback_nuclear_only.fa	1
gadd45gip1	LG	0.00103057	0.000556692	1.85124	700	/work/cyu/stickleback_nuclear_only.fa	1
gadd45gip1	SR	0.00101081	0.000405943	2.49002	698	/work/cyu/stickleback_nuclear_only.fa	1
gadd45gip1	SL	0.000869993	5.53769e-05	15.7104	705	/work/cyu/stickleback_nuclear_only.fa	1
gadd45gip1	TL	0.000872692	9.2274e-05	9.45761	698	/work/cyu/stickleback_nuclear_only.fa	1
gadd45gip1	WB	0.000402626	0.000334399	1.20403	698	/work/cyu/stickleback_nuclear_only.fa	1
gadd45gip1	WT	0.000953608	0.000190272	5.01181	698	/work/cyu/stickleback_nuclear_only.fa	1
gadd45gip1	WK	0.000731988	0.000148617	4.92533	706	/work/cyu/stickleback_nuclear_only.fa	1
gadd45gip1	SWA	0.000429763	3.79703e-05	11.3184	698	/work/cyu/stickleback_nuclear_only.fa	1
gars	THE	0.000834357	0.000492937	1.69262	2235	/work/cyu/stickleback_nuclear_only.fa	1
gars	JOE	0.00047899	0.000230668	2.07653	2235	/work/cyu/stickleback_nuclear_only.fa	1
gars	BEA	0.000557468	0.000465982	1.19633	2235	/work/cyu/stickleback_nuclear_only.fa	1
gars	MUC	0.000568713	0.000330933	1.71851	2235	/work/cyu/stickleback_nuclear_only.fa	1
gars	PYE	0.000587996	0.00028291	2.07839	2235	/work/cyu/stickleback_nuclear_only.fa	1
gars	AMO	0.000817794	0.000688982	1.18696	2235	/work/cyu/stickleback_nuclear_only.fa	1
gars	SAY	0.00171872	0.000436376	3.93863	2235	/work/cyu/stickleback_nuclear_only.fa	1
gars	GOS	0.000533	0.000223327	2.38663	2235	/work/cyu/stickleback_nuclear_only.fa	1
gars	ROB	0.00121241	0.00059606	2.03404	2235	/work/cyu/stickleback_nuclear_only.fa	1
gars	FG	0.00174153	0.000295508	5.89333	2235	/work/cyu/stickleback_nuclear_only.fa	1
gars	BOOT	0.000732786	0.000337673	2.17011	2235	/work/cyu/stickleback_nuclear_only.fa	1
gars	ECHO	0.000179978	0.000141446	1.27242	2235	/work/cyu/stickleback_nuclear_only.fa	1
gars	FRED	0.000543111	9.38252e-05	5.78854	2235	/work/cyu/stickleback_nuclear_only.fa	1
gars	LAW	0.00123722	0.000821276	1.50646	2235	/work/cyu/stickleback_nuclear_only.fa	1
gars	PACH	0.00113329	0.000385778	2.93768	2235	/work/cyu/stickleback_nuclear_only.fa	1
gars	RS	0.0020057	0.000599233	3.34711	2235	/work/cyu/stickleback_nuclear_only.fa	1
gars	SC	0.00176892	0.000293176	6.03366	2235	/work/cyu/stickleback_nuclear_only.fa	1
gars	LB	0.00178386	0.000271606	6.56783	2235	/work/cyu/stickleback_nuclear_only.fa	1
gars	CH	0.00128544	0.000281526	4.56598	2235	/work/cyu/stickleback_nuclear_only.fa	1
gars	LG	0.00141294	0.000457735	3.0868	2235	/work/cyu/stickleback_nuclear_only.fa	1
gars	SR	0.00132818	0.000516224	2.57288	2235	/work/cyu/stickleback_nuclear_only.fa	1
gars	SL	0.00126554	0.000598882	2.11317	2235	/work/cyu/stickleback_nuclear_only.fa	1
gars	TL	0.000517054	7.63105e-05	6.77567	2235	/work/cyu/stickleback_nuclear_only.fa	1
gars	WB	0.000954535	0.000438957	2.17455	2235	/work/cyu/stickleback_nuclear_only.fa	1
gars	WT	0.0014518	0.000486939	2.98147	2235	/work/cyu/stickleback_nuclear_only.fa	1
gars	WK	0.00162322	0.000578292	2.80693	2235	/work/cyu/stickleback_nuclear_only.fa	1
gars	SWA	0.000798419	0.00103841	0.768883	2235	/work/cyu/stickleback_nuclear_only.fa	1
gatb	THE	0.00152367	0.000963586	1.58125	1467	/work/cyu/stickleback_nuclear_only.fa	1
gatb	JOE	0.00112816	0.000161014	7.00661	1467	/work/cyu/stickleback_nuclear_only.fa	1
gatb	BEA	0.00104905	0.000265011	3.95851	1467	/work/cyu/stickleback_nuclear_only.fa	1
gatb	MUC	0.00147452	0.000443624	3.32381	1467	/work/cyu/stickleback_nuclear_only.fa	1
gatb	PYE	0.00182226	0.000428888	4.2488	1466	/work/cyu/stickleback_nuclear_only.fa	1
gatb	AMO	0.00149044	0.000709689	2.10014	1466	/work/cyu/stickleback_nuclear_only.fa	1
gatb	SAY	0.00140973	0.000741372	1.90151	1466	/work/cyu/stickleback_nuclear_only.fa	1
gatb	GOS	0.00136635	0.000501159	2.72638	1467	/work/cyu/stickleback_nuclear_only.fa	1
gatb	ROB	0.00186436	0.000682698	2.73087	1465	/work/cyu/stickleback_nuclear_only.fa	1
gatb	FG	0.00142619	0.000529178	2.69511	1467	/work/cyu/stickleback_nuclear_only.fa	1
gatb	BOOT	0.00137528	0.000530881	2.59057	1467	/work/cyu/stickleback_nuclear_only.fa	1
gatb	ECHO	0.00106127	0.000105395	10.0694	1467	/work/cyu/stickleback_nuclear_only.fa	1
gatb	FRED	0.000733239	0.000147497	4.97122	1467	/work/cyu/stickleback_nuclear_only.fa	1
gatb	LAW	0.00171356	0.000418051	4.09893	1467	/work/cyu/stickleback_nuclear_only.fa	1
gatb	PACH	0.000646513	0.000134616	4.80265	1467	/work/cyu/stickleback_nuclear_only.fa	1
gatb	RS	0.00251013	0.00109772	2.28669	1467	/work/cyu/stickleback_nuclear_only.fa	1
gatb	SC	0.00181243	0.000910679	1.9902	1467	/work/cyu/stickleback_nuclear_only.fa	1
gatb	LB	0.00152372	0.000997328	1.5278	1467	/work/cyu/stickleback_nuclear_only.fa	1
gatb	CH	0.00133974	0.000753023	1.77915	1467	/work/cyu/stickleback_nuclear_only.fa	1
gatb	LG	0.00180378	0.000503511	3.58241	1467	/work/cyu/stickleback_nuclear_only.fa	1
gatb	SR	0.000921094	0.000717369	1.28399	1467	/work/cyu/stickleback_nuclear_only.fa	1
gatb	SL	0.00165414	0.000350687	4.71687	1466	/work/cyu/stickleback_nuclear_only.fa	1
gatb	TL	0.00078117	0.000719235	1.08611	1467	/work/cyu/stickleback_nuclear_only.fa	1
gatb	WB	0.00136336	0.00073127	1.86437	1467	/work/cyu/stickleback_nuclear_only.fa	1
gatb	WT	0.00182043	0.000956584	1.90305	1467	/work/cyu/stickleback_nuclear_only.fa	1
gatb	WK	0.000515385	0.0004596	1.12138	1466	/work/cyu/stickleback_nuclear_only.fa	1
gatb	SWA	0.000848977	0.000622735	1.3633	1423	/work/cyu/stickleback_nuclear_only.fa	1
gatc	THE	0.000919996	0.000792017	1.16159	579	/work/cyu/stickleback_nuclear_only.fa	1
gatc	JOE	0.00132471	0.00184965	0.716194	579	/work/cyu/stickleback_nuclear_only.fa	1
gatc	BEA	0.00017145	6.25113e-05	2.7427	579	/work/cyu/stickleback_nuclear_only.fa	1
gatc	MUC	0.000164695	0.000656004	0.251058	579	/work/cyu/stickleback_nuclear_only.fa	1
gatc	PYE	0.000948654	0.000943759	1.00519	579	/work/cyu/stickleback_nuclear_only.fa	1
gatc	AMO	0.00101052	0.000621146	1.62686	579	/work/cyu/stickleback_nuclear_only.fa	1
gatc	SAY	0.000797648	0.000718155	1.11069	579	/work/cyu/stickleback_nuclear_only.fa	1
gatc	GOS	0.000434021	8.60242e-05	5.04534	579	/work/cyu/stickleback_nuclear_only.fa	1
gatc	ROB	0.00158586	0.00158166	1.00266	579	/work/cyu/stickleback_nuclear_only.fa	1
gatc	FG	0.00129366	0.000896501	1.44301	579	/work/cyu/stickleback_nuclear_only.fa	1
gatc	BOOT	0.000851338	0.000239029	3.56166	579	/work/cyu/stickleback_nuclear_only.fa	1
gatc	ECHO	0.000202717	8.92104e-05	2.27235	579	/work/cyu/stickleback_nuclear_only.fa	1
gatc	FRED	0.00109374	9.90537e-05	11.0419	579	/work/cyu/stickleback_nuclear_only.fa	1
gatc	LAW	0.000255798	0.000112584	2.27206	579	/work/cyu/stickleback_nuclear_only.fa	1
gatc	PACH	0.00038414	0.000354811	1.08266	579	/work/cyu/stickleback_nuclear_only.fa	1
gatc	RS	0.00161063	0.000907747	1.77432	579	/work/cyu/stickleback_nuclear_only.fa	1
gatc	SC	0.00126433	0.00090188	1.40188	579	/work/cyu/stickleback_nuclear_only.fa	1
gatc	LB	0.000742064	0.000471187	1.57488	579	/work/cyu/stickleback_nuclear_only.fa	1
gatc	CH	0.000909343	0.000639336	1.42232	579	/work/cyu/stickleback_nuclear_only.fa	1
gatc	LG	0.000879902	0.000498806	1.76402	579	/work/cyu/stickleback_nuclear_only.fa	1
gatc	SR	0.00084547	0.000702799	1.203	579	/work/cyu/stickleback_nuclear_only.fa	1
gatc	SL	0.000148302	0.000131496	1.12781	579	/work/cyu/stickleback_nuclear_only.fa	1
gatc	TL	0.000393664	0.00033342	1.18069	579	/work/cyu/stickleback_nuclear_only.fa	1
gatc	WB	0.000906621	0.000849534	1.0672	579	/work/cyu/stickleback_nuclear_only.fa	1
gatc	WT	0.000747366	0.00062307	1.19949	579	/work/cyu/stickleback_nuclear_only.fa	1
gatc	WK	0.000207818	3.40336e-05	6.10626	579	/work/cyu/stickleback_nuclear_only.fa	1
gatc	SWA	0.000195547	0.000190128	1.0285	579	/work/cyu/stickleback_nuclear_only.fa	1
hars	THE	0.000810683	0.00128525	0.630758	1560	/work/cyu/stickleback_nuclear_only.fa	1
hars	JOE	0.000437944	0.000306401	1.42932	1560	/work/cyu/stickleback_nuclear_only.fa	1
hars	BEA	0.00125918	0.00141141	0.89214	1560	/work/cyu/stickleback_nuclear_only.fa	1
hars	MUC	0.00020238	7.33552e-05	2.7589	1560	/work/cyu/stickleback_nuclear_only.fa	1
hars	PYE	0.00106291	0.00243576	0.436376	1560	/work/cyu/stickleback_nuclear_only.fa	1
hars	AMO	0.00167654	0.00204727	0.818914	1560	/work/cyu/stickleback_nuclear_only.fa	1
hars	SAY	0.00107921	0.00170262	0.633851	1560	/work/cyu/stickleback_nuclear_only.fa	1
hars	GOS	0.000448526	0.000954966	0.469677	1560	/work/cyu/stickleback_nuclear_only.fa	1
hars	ROB	0.00134268	0.00201998	0.6647	1560	/work/cyu/stickleback_nuclear_only.fa	1
hars	FG	0.00105121	0.00236934	0.44367	1560	/work/cyu/stickleback_nuclear_only.fa	1
hars	BOOT	0.000499836	0.000450044	1.11064	1560	/work/cyu/stickleback_nuclear_only.fa	1
hars	ECHO	0.000192148	7.60963e-05	2.52506	1560	/work/cyu/stickleback_nuclear_only.fa	1
hars	FRED	0.000316321	0.000654485	0.483313	1560	/work/cyu/stickleback_nuclear_only.fa	1
hars	LAW	0.00105213	0.00214585	0.490309	1560	/work/cyu/stickleback_nuclear_only.fa	1
hars	PACH	0.00045996	0.00010962	4.19595	1560	/work/cyu/stickleback_nuclear_only.fa	1
hars	RS	0.00119382	0.00162258	0.735754	1560	/work/cyu/stickleback_nuclear_only.fa	1
hars	SC	0.000963869	0.00256854	0.375259	1560	/work/cyu/stickleback_nuclear_only.fa	1
hars	LB	0.00099168	0.00274805	0.360866	1560	/work/cyu/stickleback_nuclear_only.fa	1
hars	CH	0.000915384	0.00248656	0.368133	1560	/work/cyu/stickleback_nuclear_only.fa	1
hars	LG	0.00088944	0.00232147	0.383136	1560	/work/cyu/stickleback_nuclear_only.fa	1
hars	SR	0.000901136	0.00272111	0.331165	1560	/work/cyu/stickleback_nuclear_only.fa	1
hars	SL	0.00117479	0.00295238	0.397914	1560	/work/cyu/stickleback_nuclear_only.fa	1
hars	TL	0.000199514	0.000468247	0.426087	1560	/work/cyu/stickleback_nuclear_only.fa	1
hars	WB	0.000595205	0.000928397	0.641111	1560	/work/cyu/stickleback_nuclear_only.fa	1
hars	WT	0.000698322	0.00128973	0.541449	1560	/work/cyu/stickleback_nuclear_only.fa	1
hars	WK	0.000149212	0.000166566	0.895809	1560	/work/cyu/stickleback_nuclear_only.fa	1
hars	SWA	0.000641943	0.000906842	0.707888	1560	/work/cyu/stickleback_nuclear_only.fa	1
hccsb	THE	0.00137016	0.00125713	1.08991	834	/work/cyu/stickleback_nuclear_only.fa	1
hccsb	JOE	0.00131141	0.00126695	1.03509	834	/work/cyu/stickleback_nuclear_only.fa	1
hccsb	BEA	0.00141723	9.86201e-05	14.3706	834	/work/cyu/stickleback_nuclear_only.fa	1
hccsb	MUC	0.000348146	0.000104007	3.34735	834	/work/cyu/stickleback_nuclear_only.fa	1
hccsb	PYE	0.000803109	0.000850426	0.944361	834	/work/cyu/stickleback_nuclear_only.fa	1
hccsb	AMO	0.002342	0.00131535	1.78051	834	/work/cyu/stickleback_nuclear_only.fa	1
hccsb	SAY	0.00146875	0.000692289	2.12158	834	/work/cyu/stickleback_nuclear_only.fa	1
hccsb	GOS	0.00104146	0.000803163	1.2967	834	/work/cyu/stickleback_nuclear_only.fa	1
hccsb	ROB	0.0014348	0.000453809	3.16168	834	/work/cyu/stickleback_nuclear_only.fa	1
hccsb	FG	0.00190311	0.000951382	2.00036	834	/work/cyu/stickleback_nuclear_only.fa	1
hccsb	BOOT	0.00167641	0.00184071	0.910738	834	/work/cyu/stickleback_nuclear_only.fa	1
hccsb	ECHO	0.000267524	0.000269141	0.993991	834	/work/cyu/stickleback_nuclear_only.fa	1
hccsb	FRED	0.000222541	0.000244014	0.912003	834	/work/cyu/stickleback_nuclear_only.fa	1
hccsb	LAW	0.00188087	0.00101263	1.85741	834	/work/cyu/stickleback_nuclear_only.fa	1
hccsb	PACH	0.000150794	0.000267367	0.563996	834	/work/cyu/stickleback_nuclear_only.fa	1
hccsb	RS	0.00138431	0.00101326	1.3662	834	/work/cyu/stickleback_nuclear_only.fa	1
hccsb	SC	0.000755489	0.000785888	0.961319	834	/work/cyu/stickleback_nuclear_only.fa	1
hccsb	LB	0.00110494	0.000447251	2.47052	834	/work/cyu/stickleback_nuclear_only.fa	1
hccsb	CH	0.0015554	0.00102416	1.51871	834	/work/cyu/stickleback_nuclear_only.fa	1
hccsb	LG	0.00110846	0.000740136	1.49765	834	/work/cyu/stickleback_nuclear_only.fa	1
hccsb	SR	0.000570255	0.0004026	1.41643	834	/work/cyu/stickleback_nuclear_only.fa	1
hccsb	SL	0.00249709	0.000593295	4.20886	834	/work/cyu/stickleback_nuclear_only.fa	1
hccsb	TL	0.00128243	0.000759162	1.68927	834	/work/cyu/stickleback_nuclear_only.fa	1
hccsb	WB	0.000948265	0.000722518	1.31244	834	/work/cyu/stickleback_nuclear_only.fa	1
hccsb	WT	0.00243087	0.000420958	5.77462	834	/work/cyu/stickleback_nuclear_only.fa	1
hccsb	WK	0.00199796	0.000438556	4.55577	834	/work/cyu/stickleback_nuclear_only.fa	1
hccsb	SWA	0.00091075	6.23269e-05	14.6125	834	/work/cyu/stickleback_nuclear_only.fa	1
higd1a	THE	0.000537237	0.000439616	1.22206	294	/work/cyu/stickleback_nuclear_only.fa	1
higd1a	JOE	0.000811178	0.00011784	6.88374	294	/work/cyu/stickleback_nuclear_only.fa	1
higd1a	BEA	0.000423492	4.23757e-05	9.99373	294	/work/cyu/stickleback_nuclear_only.fa	1
higd1a	MUC	0.000237356	0.0016624	0.142779	294	/work/cyu/stickleback_nuclear_only.fa	1
higd1a	PYE	0.000586985	0.000178244	3.29315	294	/work/cyu/stickleback_nuclear_only.fa	1
higd1a	AMO	0.000648815	0.00035463	1.82955	294	/work/cyu/stickleback_nuclear_only.fa	1
higd1a	SAY	0.000334199	0	NA	294	/work/cyu/stickleback_nuclear_only.fa	1
higd1a	GOS	0.000145898	8.74182e-05	1.66896	294	/work/cyu/stickleback_nuclear_only.fa	1
higd1a	ROB	0.000317867	0.000229309	1.38619	294	/work/cyu/stickleback_nuclear_only.fa	1
higd1a	FG	0.000174719	0.000150447	1.16134	294	/work/cyu/stickleback_nuclear_only.fa	1
higd1a	BOOT	0.000414844	0	NA	294	/work/cyu/stickleback_nuclear_only.fa	1
higd1a	ECHO	0.000392566	0.000151084	2.59834	294	/work/cyu/stickleback_nuclear_only.fa	1
higd1a	FRED	0.000175887	8.70424e-05	2.0207	294	/work/cyu/stickleback_nuclear_only.fa	1
higd1a	LAW	0	6.87363e-05	0	294	/work/cyu/stickleback_nuclear_only.fa	1
higd1a	PACH	0.000246994	8.27288e-05	2.98559	294	/work/cyu/stickleback_nuclear_only.fa	1
higd1a	RS	0.000675585	0.000767721	0.879987	294	/work/cyu/stickleback_nuclear_only.fa	1
higd1a	SC	0.000391896	0.000358248	1.09392	294	/work/cyu/stickleback_nuclear_only.fa	1
higd1a	LB	0.000160124	0.000205644	0.778646	294	/work/cyu/stickleback_nuclear_only.fa	1
higd1a	CH	0.000432174	0.000219802	1.9662	294	/work/cyu/stickleback_nuclear_only.fa	1
higd1a	LG	0.00015499	0.000234751	0.660232	294	/work/cyu/stickleback_nuclear_only.fa	1
higd1a	SR	0.000153077	0.000978821	0.15639	294	/work/cyu/stickleback_nuclear_only.fa	1
higd1a	SL	0.00042596	5.80381e-05	7.33932	294	/work/cyu/stickleback_nuclear_only.fa	1
higd1a	TL	0.000195395	6.18328e-05	3.16006	294	/work/cyu/stickleback_nuclear_only.fa	1
higd1a	WB	0.000144348	6.3904e-05	2.25883	294	/work/cyu/stickleback_nuclear_only.fa	1
higd1a	WT	0.00030673	6.51358e-05	4.70909	294	/work/cyu/stickleback_nuclear_only.fa	1
higd1a	WK	0.000127832	0.000174927	0.730777	294	/work/cyu/stickleback_nuclear_only.fa	1
higd1a	SWA	0	0.000496629	0	294	/work/cyu/stickleback_nuclear_only.fa	1
higd2a	THE	0.000290579	8.91987e-05	3.25767	348	/work/cyu/stickleback_nuclear_only.fa	1
higd2a	JOE	0.00304437	0.0002222	13.701	348	/work/cyu/stickleback_nuclear_only.fa	1
higd2a	BEA	0.00111274	4.53085e-05	24.5593	348	/work/cyu/stickleback_nuclear_only.fa	1
higd2a	MUC	0.000982398	0	NA	348	/work/cyu/stickleback_nuclear_only.fa	1
higd2a	PYE	0.000577017	0.00042867	1.34606	348	/work/cyu/stickleback_nuclear_only.fa	1
higd2a	AMO	0.00346682	0	NA	348	/work/cyu/stickleback_nuclear_only.fa	1
higd2a	SAY	0.00192917	0.000577869	3.33842	348	/work/cyu/stickleback_nuclear_only.fa	1
higd2a	GOS	0.00250601	9.00012e-05	27.8441	348	/work/cyu/stickleback_nuclear_only.fa	1
higd2a	ROB	0.003211	0.000894439	3.58996	348	/work/cyu/stickleback_nuclear_only.fa	1
higd2a	FG	0.00436088	0.000105178	41.462	348	/work/cyu/stickleback_nuclear_only.fa	1
higd2a	BOOT	0.00223879	0.000132514	16.8947	348	/work/cyu/stickleback_nuclear_only.fa	1
higd2a	ECHO	0	0.000311109	0	348	/work/cyu/stickleback_nuclear_only.fa	1
higd2a	FRED	0.000193459	0.000209326	0.9242	348	/work/cyu/stickleback_nuclear_only.fa	1
higd2a	LAW	0.00454863	0.000270211	16.8337	348	/work/cyu/stickleback_nuclear_only.fa	1
higd2a	PACH	0.000668649	0.000112546	5.94111	348	/work/cyu/stickleback_nuclear_only.fa	1
higd2a	RS	0.000931948	0.000733456	1.27063	348	/work/cyu/stickleback_nuclear_only.fa	1
higd2a	SC	0.00316033	0.00153786	2.05502	348	/work/cyu/stickleback_nuclear_only.fa	1
higd2a	LB	0.00441123	0.000111347	39.6169	348	/work/cyu/stickleback_nuclear_only.fa	1
higd2a	CH	0.00429295	0.000648029	6.62463	348	/work/cyu/stickleback_nuclear_only.fa	1
higd2a	LG	0.00427486	0.00142159	3.0071	348	/work/cyu/stickleback_nuclear_only.fa	1
higd2a	SR	0.0041044	0.00118293	3.4697	348	/work/cyu/stickleback_nuclear_only.fa	1
higd2a	SL	0.00471386	0.000314409	14.9928	348	/work/cyu/stickleback_nuclear_only.fa	1
higd2a	TL	0.0042303	0	NA	348	/work/cyu/stickleback_nuclear_only.fa	1
higd2a	WB	0.00343658	0.000441315	7.78713	348	/work/cyu/stickleback_nuclear_only.fa	1
higd2a	WT	0.00559488	0.00172845	3.23694	348	/work/cyu/stickleback_nuclear_only.fa	1
higd2a	WK	0.0020564	0.000478018	4.30193	348	/work/cyu/stickleback_nuclear_only.fa	1
higd2a	SWA	0.000113431	0.00142339	0.0796909	348	/work/cyu/stickleback_nuclear_only.fa	1
iars	THE	0.000161349	4.84348e-05	3.33127	3792	/work/cyu/stickleback_nuclear_only.fa	1
iars	JOE	0.000789761	0.000391513	2.0172	3792	/work/cyu/stickleback_nuclear_only.fa	1
iars	BEA	0.0012196	0.000336921	3.61984	3792	/work/cyu/stickleback_nuclear_only.fa	1
iars	MUC	0.000202457	7.26003e-05	2.78866	3792	/work/cyu/stickleback_nuclear_only.fa	1
iars	PYE	0.000429722	0.00014147	3.03754	3792	/work/cyu/stickleback_nuclear_only.fa	1
iars	AMO	0.000461789	0.000242983	1.9005	3792	/work/cyu/stickleback_nuclear_only.fa	1
iars	SAY	0.000593387	0.000200481	2.95982	3792	/work/cyu/stickleback_nuclear_only.fa	1
iars	GOS	0.000301023	0.000103689	2.90314	3792	/work/cyu/stickleback_nuclear_only.fa	1
iars	ROB	0.000803811	0.000310928	2.5852	3792	/work/cyu/stickleback_nuclear_only.fa	1
iars	FG	0.000167778	8.46098e-05	1.98296	3792	/work/cyu/stickleback_nuclear_only.fa	1
iars	BOOT	0.000337191	0.000133292	2.52972	3792	/work/cyu/stickleback_nuclear_only.fa	1
iars	ECHO	0.000345614	0.000111687	3.09448	3792	/work/cyu/stickleback_nuclear_only.fa	1
iars	FRED	0.000296844	6.6265e-05	4.47965	3792	/work/cyu/stickleback_nuclear_only.fa	1
iars	LAW	0.000420967	0.000191474	2.19856	3792	/work/cyu/stickleback_nuclear_only.fa	1
iars	PACH	0.000289232	6.31326e-05	4.58133	3792	/work/cyu/stickleback_nuclear_only.fa	1
iars	RS	0.00096118	0.000363716	2.64267	3792	/work/cyu/stickleback_nuclear_only.fa	1
iars	SC	0.000334126	0.000109157	3.06097	3792	/work/cyu/stickleback_nuclear_only.fa	1
iars	LB	0.000385971	9.18519e-05	4.2021	3792	/work/cyu/stickleback_nuclear_only.fa	1
iars	CH	0.000309061	9.07592e-05	3.40528	3792	/work/cyu/stickleback_nuclear_only.fa	1
iars	LG	0.000287512	0.00010138	2.83599	3792	/work/cyu/stickleback_nuclear_only.fa	1
iars	SR	0.000277374	4.13848e-05	6.70231	3792	/work/cyu/stickleback_nuclear_only.fa	1
iars	SL	0.000270644	0.000162567	1.66481	3792	/work/cyu/stickleback_nuclear_only.fa	1
iars	TL	0.000214213	6.66414e-05	3.21441	3792	/work/cyu/stickleback_nuclear_only.fa	1
iars	WB	0.000225447	9.56731e-05	2.35644	3792	/work/cyu/stickleback_nuclear_only.fa	1
iars	WT	0.000261427	5.53222e-05	4.72554	3792	/work/cyu/stickleback_nuclear_only.fa	1
iars	WK	0.000284189	0.000128935	2.20412	3792	/work/cyu/stickleback_nuclear_only.fa	1
iars	SWA	0.00121563	0.000533446	2.27883	3792	/work/cyu/stickleback_nuclear_only.fa	1
iars2	THE	0.000626169	0.000337918	1.85302	3021	/work/cyu/stickleback_nuclear_only.fa	1
iars2	JOE	0.000540486	0.000433979	1.24542	3021	/work/cyu/stickleback_nuclear_only.fa	1
iars2	BEA	0.00032016	0.000150017	2.13415	3021	/work/cyu/stickleback_nuclear_only.fa	1
iars2	MUC	0.000375323	0.000230625	1.62741	3021	/work/cyu/stickleback_nuclear_only.fa	1
iars2	PYE	0.00085848	0.000919184	0.933959	3021	/work/cyu/stickleback_nuclear_only.fa	1
iars2	AMO	0.00101244	0.00105741	0.957473	3021	/work/cyu/stickleback_nuclear_only.fa	1
iars2	SAY	0.00128945	0.00107559	1.19884	3021	/work/cyu/stickleback_nuclear_only.fa	1
iars2	GOS	0.000639568	0.000363924	1.75742	3021	/work/cyu/stickleback_nuclear_only.fa	1
iars2	ROB	0.00109878	0.000914964	1.2009	3021	/work/cyu/stickleback_nuclear_only.fa	1
iars2	FG	0.000706749	0.00083684	0.844545	3021	/work/cyu/stickleback_nuclear_only.fa	1
iars2	BOOT	0.000783736	0.000839386	0.933702	3021	/work/cyu/stickleback_nuclear_only.fa	1
iars2	ECHO	0.000391576	0.000215212	1.81949	3021	/work/cyu/stickleback_nuclear_only.fa	1
iars2	FRED	0.00143652	0.000699006	2.05509	3021	/work/cyu/stickleback_nuclear_only.fa	1
iars2	LAW	0.000307741	0.000610115	0.504398	3021	/work/cyu/stickleback_nuclear_only.fa	1
iars2	PACH	0.000352357	0.000268656	1.31156	3021	/work/cyu/stickleback_nuclear_only.fa	1
iars2	RS	0.00184183	0.00140214	1.31359	3021	/work/cyu/stickleback_nuclear_only.fa	1
iars2	SC	0.000967625	0.00110311	0.877179	3021	/work/cyu/stickleback_nuclear_only.fa	1
iars2	LB	0.000927919	0.000850447	1.0911	3021	/work/cyu/stickleback_nuclear_only.fa	1
iars2	CH	0.00124511	0.000995928	1.2502	3021	/work/cyu/stickleback_nuclear_only.fa	1
iars2	LG	0.000748657	0.00100264	0.746688	3021	/work/cyu/stickleback_nuclear_only.fa	1
iars2	SR	0.000546188	0.000689185	0.792513	3021	/work/cyu/stickleback_nuclear_only.fa	1
iars2	SL	0.000829856	0.000919857	0.902158	3021	/work/cyu/stickleback_nuclear_only.fa	1
iars2	TL	0.000676084	0.000398987	1.6945	3021	/work/cyu/stickleback_nuclear_only.fa	1
iars2	WB	0.0012672	0.000948957	1.33536	3021	/work/cyu/stickleback_nuclear_only.fa	1
iars2	WT	0.000950087	0.00104432	0.909766	3021	/work/cyu/stickleback_nuclear_only.fa	1
iars2	WK	0.000854963	0.00067993	1.25743	3021	/work/cyu/stickleback_nuclear_only.fa	1
iars2	SWA	0.000905074	0.00091539	0.988731	3021	/work/cyu/stickleback_nuclear_only.fa	1
kars	THE	0.00200573	0.00143823	1.39458	1827	/work/cyu/stickleback_nuclear_only.fa	1
kars	JOE	0.00116663	0.000580142	2.01093	1827	/work/cyu/stickleback_nuclear_only.fa	1
kars	BEA	0.000500098	6.43659e-05	7.7696	1827	/work/cyu/stickleback_nuclear_only.fa	1
kars	MUC	0.000169089	0.000130834	1.2924	1827	/work/cyu/stickleback_nuclear_only.fa	1
kars	PYE	0.00172404	0.001487	1.15941	1827	/work/cyu/stickleback_nuclear_only.fa	1
kars	AMO	0.00279455	0.00106641	2.62052	1827	/work/cyu/stickleback_nuclear_only.fa	1
kars	SAY	0.00205435	0.00127361	1.61301	1827	/work/cyu/stickleback_nuclear_only.fa	1
kars	GOS	0.000610482	0.000418908	1.45732	1827	/work/cyu/stickleback_nuclear_only.fa	1
kars	ROB	0.0026478	0.00130866	2.02329	1827	/work/cyu/stickleback_nuclear_only.fa	1
kars	FG	0.00331294	0.0013531	2.44841	1827	/work/cyu/stickleback_nuclear_only.fa	1
kars	BOOT	0.00070284	0.000177242	3.96544	1827	/work/cyu/stickleback_nuclear_only.fa	1
kars	ECHO	0.000238825	0.000124281	1.92166	1827	/work/cyu/stickleback_nuclear_only.fa	1
kars	FRED	0.00206967	0.000645783	3.2049	1827	/work/cyu/stickleback_nuclear_only.fa	1
kars	LAW	0.00293877	0.00143747	2.0444	1827	/work/cyu/stickleback_nuclear_only.fa	1
kars	PACH	0.000292138	3.48989e-05	8.37099	1827	/work/cyu/stickleback_nuclear_only.fa	1
kars	RS	0.00239635	0.000767957	3.12043	1827	/work/cyu/stickleback_nuclear_only.fa	1
kars	SC	0.00204009	0.00104786	1.9469	1827	/work/cyu/stickleback_nuclear_only.fa	1
kars	LB	0.00331266	0.00105952	3.12656	1827	/work/cyu/stickleback_nuclear_only.fa	1
kars	CH	0.00261782	0.0012088	2.16564	1827	/work/cyu/stickleback_nuclear_only.fa	1
kars	LG	0.00184828	0.00146147	1.26466	1827	/work/cyu/stickleback_nuclear_only.fa	1
kars	SR	0.00167933	0.00118256	1.42008	1827	/work/cyu/stickleback_nuclear_only.fa	1
kars	SL	0.00249245	0.00181659	1.37205	1827	/work/cyu/stickleback_nuclear_only.fa	1
kars	TL	0.00292547	0.00142482	2.05322	1827	/work/cyu/stickleback_nuclear_only.fa	1
kars	WB	0.00185691	0.00106041	1.75112	1827	/work/cyu/stickleback_nuclear_only.fa	1
kars	WT	0.000942542	0.000706542	1.33402	1827	/work/cyu/stickleback_nuclear_only.fa	1
kars	WK	0.00235816	0.00217527	1.08408	1827	/work/cyu/stickleback_nuclear_only.fa	1
kars	SWA	0.000148404	0.000109696	1.35286	1827	/work/cyu/stickleback_nuclear_only.fa	1
lars2	THE	0.00167157	0.000492809	3.39193	2700	/work/cyu/stickleback_nuclear_only.fa	1
lars2	JOE	0.00195359	0.000581391	3.36019	2700	/work/cyu/stickleback_nuclear_only.fa	1
lars2	BEA	0.0010909	0.000251543	4.33683	2700	/work/cyu/stickleback_nuclear_only.fa	1
lars2	MUC	0.000161089	5.10975e-05	3.15258	2700	/work/cyu/stickleback_nuclear_only.fa	1
lars2	PYE	0.00134628	0.0007028	1.9156	2700	/work/cyu/stickleback_nuclear_only.fa	1
lars2	AMO	0.0011458	0.000320238	3.57796	2700	/work/cyu/stickleback_nuclear_only.fa	1
lars2	SAY	0.000944541	0.000513628	1.83896	2700	/work/cyu/stickleback_nuclear_only.fa	1
lars2	GOS	0.000527067	0.00043325	1.21654	2700	/work/cyu/stickleback_nuclear_only.fa	1
lars2	ROB	0.00204882	0.000250457	8.18031	2700	/work/cyu/stickleback_nuclear_only.fa	1
lars2	FG	0.0010921	0.000537141	2.03317	2700	/work/cyu/stickleback_nuclear_only.fa	1
lars2	BOOT	0.000539361	0.000475609	1.13404	2700	/work/cyu/stickleback_nuclear_only.fa	1
lars2	ECHO	0.000474812	0.000459589	1.03312	2700	/work/cyu/stickleback_nuclear_only.fa	1
lars2	FRED	0.00147692	0.000270425	5.46146	2700	/work/cyu/stickleback_nuclear_only.fa	1
lars2	LAW	0.00124634	0.000267274	4.66316	2700	/work/cyu/stickleback_nuclear_only.fa	1
lars2	PACH	0.000223881	9.85601e-05	2.27152	2700	/work/cyu/stickleback_nuclear_only.fa	1
lars2	RS	0.00121627	0.000572919	2.12293	2700	/work/cyu/stickleback_nuclear_only.fa	1
lars2	SC	0.00174482	0.000504819	3.45633	2700	/work/cyu/stickleback_nuclear_only.fa	1
lars2	LB	0.002242	0.000601638	3.72649	2700	/work/cyu/stickleback_nuclear_only.fa	1
lars2	CH	0.00163587	0.000472105	3.46505	2700	/work/cyu/stickleback_nuclear_only.fa	1
lars2	LG	0.0011147	0.000782558	1.42443	2700	/work/cyu/stickleback_nuclear_only.fa	1
lars2	SR	0.0012931	0.000658235	1.96449	2700	/work/cyu/stickleback_nuclear_only.fa	1
lars2	SL	0.00197402	0.000515822	3.82694	2700	/work/cyu/stickleback_nuclear_only.fa	1
lars2	TL	0.00152105	0.000678485	2.24184	2700	/work/cyu/stickleback_nuclear_only.fa	1
lars2	WB	0.00201648	0.000679521	2.9675	2700	/work/cyu/stickleback_nuclear_only.fa	1
lars2	WT	0.00193558	0.000538212	3.59631	2700	/work/cyu/stickleback_nuclear_only.fa	1
lars2	WK	0.0016879	0.000729203	2.31471	2700	/work/cyu/stickleback_nuclear_only.fa	1
lars2	SWA	0.00156977	0.000618707	2.53717	2700	/work/cyu/stickleback_nuclear_only.fa	1
lyrm7	THE	0.000198815	0.00021027	0.945525	306	/work/cyu/stickleback_nuclear_only.fa	1
lyrm7	JOE	0.000391068	0.000179115	2.18333	306	/work/cyu/stickleback_nuclear_only.fa	1
lyrm7	BEA	0.000641828	5.73513e-05	11.1912	306	/work/cyu/stickleback_nuclear_only.fa	1
lyrm7	MUC	0.000188167	0	NA	306	/work/cyu/stickleback_nuclear_only.fa	1
lyrm7	PYE	5.73285e-05	0.00174233	0.0329033	306	/work/cyu/stickleback_nuclear_only.fa	1
lyrm7	AMO	5.49125e-05	0.00175835	0.0312295	306	/work/cyu/stickleback_nuclear_only.fa	1
lyrm7	SAY	0.000554807	0.00181514	0.305655	306	/work/cyu/stickleback_nuclear_only.fa	1
lyrm7	GOS	0.000247459	0.000348677	0.709709	306	/work/cyu/stickleback_nuclear_only.fa	1
lyrm7	ROB	0.000492099	0.00155562	0.316336	306	/work/cyu/stickleback_nuclear_only.fa	1
lyrm7	FG	5.70381e-05	0.00291787	0.0195479	306	/work/cyu/stickleback_nuclear_only.fa	1
lyrm7	BOOT	0.000536255	0	NA	306	/work/cyu/stickleback_nuclear_only.fa	1
lyrm7	ECHO	0.000261019	0.000157792	1.6542	306	/work/cyu/stickleback_nuclear_only.fa	1
lyrm7	FRED	0.000521787	0.000845656	0.61702	306	/work/cyu/stickleback_nuclear_only.fa	1
lyrm7	LAW	0.000501618	0.000932648	0.537843	306	/work/cyu/stickleback_nuclear_only.fa	1
lyrm7	PACH	6.87236e-05	5.1951e-05	1.32285	306	/work/cyu/stickleback_nuclear_only.fa	1
lyrm7	RS	0.000870896	0.00138343	0.629521	306	/work/cyu/stickleback_nuclear_only.fa	1
lyrm7	SC	0.000307892	0.00192389	0.160036	306	/work/cyu/stickleback_nuclear_only.fa	1
lyrm7	LB	0.000212899	0.00254783	0.0835612	306	/work/cyu/stickleback_nuclear_only.fa	1
lyrm7	CH	0.000391945	0.00162049	0.241868	306	/work/cyu/stickleback_nuclear_only.fa	1
lyrm7	LG	0.000365442	0.00161911	0.225706	306	/work/cyu/stickleback_nuclear_only.fa	1
lyrm7	SR	0.000248226	5.43012e-05	4.57129	306	/work/cyu/stickleback_nuclear_only.fa	1
lyrm7	SL	6.20737e-05	0.00100384	0.0618364	306	/work/cyu/stickleback_nuclear_only.fa	1
lyrm7	TL	0.000245721	0.00102709	0.23924	306	/work/cyu/stickleback_nuclear_only.fa	1
lyrm7	WB	0.00015075	0.00135977	0.110865	306	/work/cyu/stickleback_nuclear_only.fa	1
lyrm7	WT	0.000117491	0.00141047	0.0832997	306	/work/cyu/stickleback_nuclear_only.fa	1
lyrm7	WK	0.000219733	0.00114065	0.192638	306	/work/cyu/stickleback_nuclear_only.fa	1
lyrm7	SWA	5.57727e-05	0.000602077	0.0926338	306	/work/cyu/stickleback_nuclear_only.fa	1
mars	THE	0.00117693	0.00029229	4.02659	2742	/work/cyu/stickleback_nuclear_only.fa	1
mars	JOE	0.00132314	0.000321885	4.11061	2742	/work/cyu/stickleback_nuclear_only.fa	1
mars	BEA	0.000685213	0.00023616	2.90148	2742	/work/cyu/stickleback_nuclear_only.fa	1
mars	MUC	0.000386809	6.65412e-05	5.81307	2742	/work/cyu/stickleback_nuclear_only.fa	1
mars	PYE	0.00117385	0.000641773	1.82908	2742	/work/cyu/stickleback_nuclear_only.fa	1
mars	AMO	0.00127452	0.000445665	2.85981	2742	/work/cyu/stickleback_nuclear_only.fa	1
mars	SAY	0.000987791	0.000411118	2.40269	2742	/work/cyu/stickleback_nuclear_only.fa	1
mars	GOS	0.00122951	0.000143378	8.57532	2742	/work/cyu/stickleback_nuclear_only.fa	1
mars	ROB	0.00130399	0.000484729	2.69015	2742	/work/cyu/stickleback_nuclear_only.fa	1
mars	FG	0.000762896	0.000349455	2.1831	2742	/work/cyu/stickleback_nuclear_only.fa	1
mars	BOOT	0.000679646	0.000155899	4.35954	2742	/work/cyu/stickleback_nuclear_only.fa	1
mars	ECHO	0.00122415	0.000255243	4.79603	2742	/work/cyu/stickleback_nuclear_only.fa	1
mars	FRED	0.00085624	0.000189141	4.527	2742	/work/cyu/stickleback_nuclear_only.fa	1
mars	LAW	0.000577628	0.000279949	2.06333	2742	/work/cyu/stickleback_nuclear_only.fa	1
mars	PACH	0.00056294	0.000247691	2.27275	2742	/work/cyu/stickleback_nuclear_only.fa	1
mars	RS	0.00179136	0.000535792	3.34338	2742	/work/cyu/stickleback_nuclear_only.fa	1
mars	SC	0.00113919	0.000260259	4.37713	2742	/work/cyu/stickleback_nuclear_only.fa	1
mars	LB	0.00120301	0.000353825	3.40001	2742	/work/cyu/stickleback_nuclear_only.fa	1
mars	CH	0.00117448	0.00033695	3.48561	2742	/work/cyu/stickleback_nuclear_only.fa	1
mars	LG	0.00112115	0.000261744	4.28338	2742	/work/cyu/stickleback_nuclear_only.fa	1
mars	SR	0.000764501	0.000266955	2.86378	2742	/work/cyu/stickleback_nuclear_only.fa	1
mars	SL	0.0007757	0.000444368	1.74563	2742	/work/cyu/stickleback_nuclear_only.fa	1
mars	TL	0.000568761	0.000319606	1.77957	2742	/work/cyu/stickleback_nuclear_only.fa	1
mars	WB	0.000806792	0.000226138	3.5677	2742	/work/cyu/stickleback_nuclear_only.fa	1
mars	WT	0.00126337	0.000318292	3.96922	2742	/work/cyu/stickleback_nuclear_only.fa	1
mars	WK	0.000845225	8.94464e-05	9.44952	2742	/work/cyu/stickleback_nuclear_only.fa	1
mars	SWA	0.00208466	0.000598749	3.4817	2742	/work/cyu/stickleback_nuclear_only.fa	1
mars2	THE	0.00221188	0.000482154	4.58749	1791	/work/cyu/stickleback_nuclear_only.fa	1
mars2	JOE	0.00349375	0.000560311	6.23537	1791	/work/cyu/stickleback_nuclear_only.fa	1
mars2	BEA	0.00132712	0.000638564	2.0783	1791	/work/cyu/stickleback_nuclear_only.fa	1
mars2	MUC	0.00101994	0.000398541	2.55918	1791	/work/cyu/stickleback_nuclear_only.fa	1
mars2	PYE	0.00237174	0.00110276	2.15073	1791	/work/cyu/stickleback_nuclear_only.fa	1
mars2	AMO	0.00250455	0.000716137	3.49731	1791	/work/cyu/stickleback_nuclear_only.fa	1
mars2	SAY	0.00135984	0.000605752	2.24487	1791	/work/cyu/stickleback_nuclear_only.fa	1
mars2	GOS	0.00025893	0.000157473	1.64428	1791	/work/cyu/stickleback_nuclear_only.fa	1
mars2	ROB	0.00272993	0.00059559	4.58357	1791	/work/cyu/stickleback_nuclear_only.fa	1
mars2	FG	0.000852579	0.000215794	3.9509	1791	/work/cyu/stickleback_nuclear_only.fa	1
mars2	BOOT	0.00136962	0.000695971	1.96793	1791	/work/cyu/stickleback_nuclear_only.fa	1
mars2	ECHO	0.000350395	4.34435e-05	8.06553	1791	/work/cyu/stickleback_nuclear_only.fa	1
mars2	FRED	0.000781372	0.000232367	3.36266	1791	/work/cyu/stickleback_nuclear_only.fa	1
mars2	LAW	0.00248752	0.000970084	2.56423	1791	/work/cyu/stickleback_nuclear_only.fa	1
mars2	PACH	0.000476592	0.000583583	0.816666	1791	/work/cyu/stickleback_nuclear_only.fa	1
mars2	RS	0.00164164	0.000775103	2.11796	1791	/work/cyu/stickleback_nuclear_only.fa	1
mars2	SC	0.00136559	0.00070362	1.94081	1791	/work/cyu/stickleback_nuclear_only.fa	1
mars2	LB	0.00107862	0.000602967	1.78885	1791	/work/cyu/stickleback_nuclear_only.fa	1
mars2	CH	0.00104585	0.00044807	2.33412	1791	/work/cyu/stickleback_nuclear_only.fa	1
mars2	LG	0.00120559	0.000632722	1.9054	1791	/work/cyu/stickleback_nuclear_only.fa	1
mars2	SR	0.000732418	0.000248535	2.94695	1791	/work/cyu/stickleback_nuclear_only.fa	1
mars2	SL	0.00111223	0.00055163	2.01626	1791	/work/cyu/stickleback_nuclear_only.fa	1
mars2	TL	0.000282805	0.000276245	1.02375	1791	/work/cyu/stickleback_nuclear_only.fa	1
mars2	WB	0.000895554	0.000454202	1.97171	1791	/work/cyu/stickleback_nuclear_only.fa	1
mars2	WT	0.00252374	0.000762371	3.31039	1791	/work/cyu/stickleback_nuclear_only.fa	1
mars2	WK	0.00173823	0.000682901	2.54536	1791	/work/cyu/stickleback_nuclear_only.fa	1
mars2	SWA	0.00180002	0.000268232	6.71068	1791	/work/cyu/stickleback_nuclear_only.fa	1
mrpl10	THE	0.000129358	0.000609569	0.212212	750	/work/cyu/stickleback_nuclear_only.fa	1
mrpl10	JOE	0.00101288	0.000572104	1.77044	750	/work/cyu/stickleback_nuclear_only.fa	1
mrpl10	BEA	0.000761781	0.000675452	1.12781	750	/work/cyu/stickleback_nuclear_only.fa	1
mrpl10	MUC	0.00085531	0.000132826	6.43933	750	/work/cyu/stickleback_nuclear_only.fa	1
mrpl10	PYE	0.00247736	0.000873472	2.83622	750	/work/cyu/stickleback_nuclear_only.fa	1
mrpl10	AMO	0.000639947	0.000683613	0.936126	750	/work/cyu/stickleback_nuclear_only.fa	1
mrpl10	SAY	0.00174297	0.00052221	3.33768	750	/work/cyu/stickleback_nuclear_only.fa	1
mrpl10	GOS	0.000566676	0.000377585	1.50079	750	/work/cyu/stickleback_nuclear_only.fa	1
mrpl10	ROB	0.000793833	0.00113123	0.701742	750	/work/cyu/stickleback_nuclear_only.fa	1
mrpl10	FG	0.00217156	1.82062e-05	119.276	750	/work/cyu/stickleback_nuclear_only.fa	1
mrpl10	BOOT	0.00100065	0.000366647	2.7292	750	/work/cyu/stickleback_nuclear_only.fa	1
mrpl10	ECHO	0.000248021	9.17551e-05	2.70307	750	/work/cyu/stickleback_nuclear_only.fa	1
mrpl10	FRED	7.71205e-05	9.91972e-05	0.777446	750	/work/cyu/stickleback_nuclear_only.fa	1
mrpl10	LAW	0.000683694	0.000634463	1.0776	750	/work/cyu/stickleback_nuclear_only.fa	1
mrpl10	PACH	0.000506187	0.00033159	1.52655	750	/work/cyu/stickleback_nuclear_only.fa	1
mrpl10	RS	0.00225988	0.000817815	2.76331	750	/work/cyu/stickleback_nuclear_only.fa	1
mrpl10	SC	0.00223535	0.000341654	6.54274	750	/work/cyu/stickleback_nuclear_only.fa	1
mrpl10	LB	0.00129759	8.98878e-05	14.4356	750	/work/cyu/stickleback_nuclear_only.fa	1
mrpl10	CH	0.00190687	0.00049485	3.85343	750	/work/cyu/stickleback_nuclear_only.fa	1
mrpl10	LG	0.00160292	9.64462e-05	16.6199	750	/work/cyu/stickleback_nuclear_only.fa	1
mrpl10	SR	0.00131565	5.53704e-05	23.7609	750	/work/cyu/stickleback_nuclear_only.fa	1
mrpl10	SL	0.00123319	6.05855e-05	20.3545	750	/work/cyu/stickleback_nuclear_only.fa	1
mrpl10	TL	0.00055971	4.50837e-05	12.4149	750	/work/cyu/stickleback_nuclear_only.fa	1
mrpl10	WB	0.000876177	0.000122573	7.14821	750	/work/cyu/stickleback_nuclear_only.fa	1
mrpl10	WT	0.00156303	0.000179465	8.70935	750	/work/cyu/stickleback_nuclear_only.fa	1
mrpl10	WK	0.00176133	4.93135e-05	35.717	750	/work/cyu/stickleback_nuclear_only.fa	1
mrpl10	SWA	0.00175033	0.000393889	4.44371	750	/work/cyu/stickleback_nuclear_only.fa	1
mrpl11	THE	0.000300887	9.12125e-05	3.29875	579	/work/cyu/stickleback_nuclear_only.fa	1
mrpl11	JOE	0.00130844	0.000329221	3.97435	579	/work/cyu/stickleback_nuclear_only.fa	1
mrpl11	BEA	0.000266203	0.000164581	1.61746	579	/work/cyu/stickleback_nuclear_only.fa	1
mrpl11	MUC	0.0003387	0.000158749	2.13356	579	/work/cyu/stickleback_nuclear_only.fa	1
mrpl11	PYE	0.000799111	0.000230106	3.4728	579	/work/cyu/stickleback_nuclear_only.fa	1
mrpl11	AMO	0.000194037	0	NA	579	/work/cyu/stickleback_nuclear_only.fa	1
mrpl11	SAY	0.000578361	0.00017581	3.2897	579	/work/cyu/stickleback_nuclear_only.fa	1
mrpl11	GOS	0.000236491	5.24556e-05	4.5084	579	/work/cyu/stickleback_nuclear_only.fa	1
mrpl11	ROB	0.000897254	0.000178751	5.01958	579	/work/cyu/stickleback_nuclear_only.fa	1
mrpl11	FG	0.000137629	0.000330602	0.416298	579	/work/cyu/stickleback_nuclear_only.fa	1
mrpl11	BOOT	0.000263436	9.49684e-05	2.77394	579	/work/cyu/stickleback_nuclear_only.fa	1
mrpl11	ECHO	0.000216445	0.000221151	0.978718	579	/work/cyu/stickleback_nuclear_only.fa	1
mrpl11	FRED	0.000243768	4.59417e-05	5.30604	579	/work/cyu/stickleback_nuclear_only.fa	1
mrpl11	LAW	0.000396667	0.000356075	1.114	579	/work/cyu/stickleback_nuclear_only.fa	1
mrpl11	PACH	0.000288317	3.1413e-05	9.17828	579	/work/cyu/stickleback_nuclear_only.fa	1
mrpl11	RS	0.0010473	0.000375494	2.78913	579	/work/cyu/stickleback_nuclear_only.fa	1
mrpl11	SC	0.000874247	0.000598519	1.46068	579	/work/cyu/stickleback_nuclear_only.fa	1
mrpl11	LB	0.000478846	0.000430753	1.11165	579	/work/cyu/stickleback_nuclear_only.fa	1
mrpl11	CH	0.000281381	0.000104833	2.6841	579	/work/cyu/stickleback_nuclear_only.fa	1
mrpl11	LG	0.000455137	0.000350401	1.2989	579	/work/cyu/stickleback_nuclear_only.fa	1
mrpl11	SR	0.000138347	0.000310462	0.445616	579	/work/cyu/stickleback_nuclear_only.fa	1
mrpl11	SL	0.000164096	2.99782e-05	5.47386	579	/work/cyu/stickleback_nuclear_only.fa	1
mrpl11	TL	0.000276161	0.000191741	1.44028	579	/work/cyu/stickleback_nuclear_only.fa	1
mrpl11	WB	0.000392674	0.000157664	2.49057	579	/work/cyu/stickleback_nuclear_only.fa	1
mrpl11	WT	0.00014085	0	NA	579	/work/cyu/stickleback_nuclear_only.fa	1
mrpl11	WK	0.00119837	5.66146e-05	21.1672	579	/work/cyu/stickleback_nuclear_only.fa	1
mrpl11	SWA	0.000288646	7.78007e-05	3.71007	579	/work/cyu/stickleback_nuclear_only.fa	1
mrpl12	THE	0.00304769	3.96614e-05	76.8428	597	/work/cyu/stickleback_nuclear_only.fa	1
mrpl12	JOE	0.00209309	0.000214503	9.75786	597	/work/cyu/stickleback_nuclear_only.fa	1
mrpl12	BEA	0.0033237	0.00012369	26.8712	597	/work/cyu/stickleback_nuclear_only.fa	1
mrpl12	MUC	0.000896065	5.72583e-05	15.6495	597	/work/cyu/stickleback_nuclear_only.fa	1
mrpl12	PYE	0.00334079	0.000113719	29.3775	597	/work/cyu/stickleback_nuclear_only.fa	1
mrpl12	AMO	0.00434715	2.65949e-05	163.458	597	/work/cyu/stickleback_nuclear_only.fa	1
mrpl12	SAY	0.0028903	7.52261e-05	38.4215	597	/work/cyu/stickleback_nuclear_only.fa	1
mrpl12	GOS	0.000710245	4.47716e-05	15.8638	597	/work/cyu/stickleback_nuclear_only.fa	1
mrpl12	ROB	0.00475518	8.99207e-05	52.8819	597	/work/cyu/stickleback_nuclear_only.fa	1
mrpl12	FG	0.0021261	9.9364e-05	21.3971	597	/work/cyu/stickleback_nuclear_only.fa	1
mrpl12	BOOT	0.0011045	4.33946e-05	25.4524	597	/work/cyu/stickleback_nuclear_only.fa	1
mrpl12	ECHO	0.000342158	0	NA	597	/work/cyu/stickleback_nuclear_only.fa	1
mrpl12	FRED	0.00137314	0.000180942	7.58884	597	/work/cyu/stickleback_nuclear_only.fa	1
mrpl12	LAW	0.00249965	0.000112059	22.3065	597	/work/cyu/stickleback_nuclear_only.fa	1
mrpl12	PACH	0.00117109	0	NA	597	/work/cyu/stickleback_nuclear_only.fa	1
mrpl12	RS	0.00260077	0.000378835	6.86518	597	/work/cyu/stickleback_nuclear_only.fa	1
mrpl12	SC	0.00224473	0.000107569	20.8677	597	/work/cyu/stickleback_nuclear_only.fa	1
mrpl12	LB	0.00261939	9.00433e-05	29.0903	597	/work/cyu/stickleback_nuclear_only.fa	1
mrpl12	CH	0.00237947	7.50932e-05	31.687	597	/work/cyu/stickleback_nuclear_only.fa	1
mrpl12	LG	0.00225071	0.000102119	22.04	597	/work/cyu/stickleback_nuclear_only.fa	1
mrpl12	SR	0.00226412	0.000142929	15.8409	597	/work/cyu/stickleback_nuclear_only.fa	1
mrpl12	SL	0.00219968	7.4592e-05	29.4895	597	/work/cyu/stickleback_nuclear_only.fa	1
mrpl12	TL	0.00312848	7.61379e-05	41.0897	597	/work/cyu/stickleback_nuclear_only.fa	1
mrpl12	WB	0.00185145	9.56298e-05	19.3606	597	/work/cyu/stickleback_nuclear_only.fa	1
mrpl12	WT	0.00281039	6.61386e-05	42.4924	597	/work/cyu/stickleback_nuclear_only.fa	1
mrpl12	WK	0.00275951	0.000192252	14.3536	597	/work/cyu/stickleback_nuclear_only.fa	1
mrpl12	SWA	0.00344552	0.000141937	24.2751	597	/work/cyu/stickleback_nuclear_only.fa	1
mrpl13	THE	0.00201394	0.00397176	0.507065	432	/work/cyu/stickleback_nuclear_only.fa	1
mrpl13	JOE	0.00284478	0.00260728	1.09109	432	/work/cyu/stickleback_nuclear_only.fa	1
mrpl13	BEA	0.00243225	0.00306316	0.794034	432	/work/cyu/stickleback_nuclear_only.fa	1
mrpl13	MUC	0.00200145	0.00298866	0.66968	432	/work/cyu/stickleback_nuclear_only.fa	1
mrpl13	PYE	9.26811e-05	9.38634e-05	0.987404	432	/work/cyu/stickleback_nuclear_only.fa	1
mrpl13	AMO	0.0011699	0.00187475	0.624031	432	/work/cyu/stickleback_nuclear_only.fa	1
mrpl13	SAY	0.000226963	0.00115752	0.196077	432	/work/cyu/stickleback_nuclear_only.fa	1
mrpl13	GOS	0.000115114	0.00261635	0.0439982	432	/work/cyu/stickleback_nuclear_only.fa	1
mrpl13	ROB	0.00174075	0.00316497	0.550007	432	/work/cyu/stickleback_nuclear_only.fa	1
mrpl13	FG	0.00021153	0	NA	432	/work/cyu/stickleback_nuclear_only.fa	1
mrpl13	BOOT	0	9.16959e-05	0	432	/work/cyu/stickleback_nuclear_only.fa	1
mrpl13	ECHO	5.84702e-05	6.5879e-05	0.887539	432	/work/cyu/stickleback_nuclear_only.fa	1
mrpl13	FRED	6.23953e-05	0.00051193	0.121883	432	/work/cyu/stickleback_nuclear_only.fa	1
mrpl13	LAW	0.00178796	0.00315731	0.566293	432	/work/cyu/stickleback_nuclear_only.fa	1
mrpl13	PACH	4.7686e-05	0	NA	432	/work/cyu/stickleback_nuclear_only.fa	1
mrpl13	RS	0.000760347	0.000318653	2.38613	432	/work/cyu/stickleback_nuclear_only.fa	1
mrpl13	SC	0.000224007	0.00193662	0.11567	432	/work/cyu/stickleback_nuclear_only.fa	1
mrpl13	LB	0.000146005	0.00132828	0.10992	432	/work/cyu/stickleback_nuclear_only.fa	1
mrpl13	CH	0.000997457	0.00254957	0.391226	432	/work/cyu/stickleback_nuclear_only.fa	1
mrpl13	LG	0.000435465	0.0017681	0.24629	432	/work/cyu/stickleback_nuclear_only.fa	1
mrpl13	SR	0	0.00223556	0	432	/work/cyu/stickleback_nuclear_only.fa	1
mrpl13	SL	2.91309e-05	0.000851342	0.0342176	432	/work/cyu/stickleback_nuclear_only.fa	1
mrpl13	TL	0.00221806	0.0015464	1.43434	432	/work/cyu/stickleback_nuclear_only.fa	1
mrpl13	WB	0.000443456	0.000944384	0.469572	432	/work/cyu/stickleback_nuclear_only.fa	1
mrpl13	WT	0.00201986	0.00105588	1.91295	432	/work/cyu/stickleback_nuclear_only.fa	1
mrpl13	WK	0.00205568	0.00178121	1.15409	432	/work/cyu/stickleback_nuclear_only.fa	1
mrpl13	SWA	0.000198032	0.000489645	0.40444	432	/work/cyu/stickleback_nuclear_only.fa	1
mrpl14	THE	0.000765995	3.65129e-05	20.9788	441	/work/cyu/stickleback_nuclear_only.fa	1
mrpl14	JOE	0.000206133	0.000223288	0.923168	441	/work/cyu/stickleback_nuclear_only.fa	1
mrpl14	BEA	0.000207946	0.000144756	1.43653	441	/work/cyu/stickleback_nuclear_only.fa	1
mrpl14	MUC	0.00161573	4.52884e-05	35.6766	441	/work/cyu/stickleback_nuclear_only.fa	1
mrpl14	PYE	0.000262522	0.000122797	2.13785	441	/work/cyu/stickleback_nuclear_only.fa	1
mrpl14	AMO	3.65786e-05	0.000151552	0.241361	441	/work/cyu/stickleback_nuclear_only.fa	1
mrpl14	SAY	0.00168066	0	NA	441	/work/cyu/stickleback_nuclear_only.fa	1
mrpl14	GOS	0.000217288	4.99555e-05	4.34964	441	/work/cyu/stickleback_nuclear_only.fa	1
mrpl14	ROB	0.000281303	0	NA	441	/work/cyu/stickleback_nuclear_only.fa	1
mrpl14	FG	0.00215456	0.000111358	19.348	441	/work/cyu/stickleback_nuclear_only.fa	1
mrpl14	BOOT	0.000502579	0.000188577	2.66512	441	/work/cyu/stickleback_nuclear_only.fa	1
mrpl14	ECHO	0.000324728	0	NA	441	/work/cyu/stickleback_nuclear_only.fa	1
mrpl14	FRED	0	6.19476e-05	0	441	/work/cyu/stickleback_nuclear_only.fa	1
mrpl14	LAW	0.000414668	5.39087e-05	7.69206	441	/work/cyu/stickleback_nuclear_only.fa	1
mrpl14	PACH	0.000205185	0.000123422	1.66247	441	/work/cyu/stickleback_nuclear_only.fa	1
mrpl14	RS	0.0016266	0.000340078	4.78304	441	/work/cyu/stickleback_nuclear_only.fa	1
mrpl14	SC	0.00156759	0.000155805	10.0612	441	/work/cyu/stickleback_nuclear_only.fa	1
mrpl14	LB	0.00370601	6.50259e-05	56.9929	441	/work/cyu/stickleback_nuclear_only.fa	1
mrpl14	CH	0.00159659	1.48465e-05	107.54	441	/work/cyu/stickleback_nuclear_only.fa	1
mrpl14	LG	0.00168187	0	NA	441	/work/cyu/stickleback_nuclear_only.fa	1
mrpl14	SR	0.000320269	7.41512e-05	4.31913	441	/work/cyu/stickleback_nuclear_only.fa	1
mrpl14	SL	0.00220998	3.71194e-05	59.5371	441	/work/cyu/stickleback_nuclear_only.fa	1
mrpl14	TL	0	0.000111144	0	441	/work/cyu/stickleback_nuclear_only.fa	1
mrpl14	WB	0.00225568	0	NA	441	/work/cyu/stickleback_nuclear_only.fa	1
mrpl14	WT	0.00240481	8.51772e-05	28.233	441	/work/cyu/stickleback_nuclear_only.fa	1
mrpl14	WK	0.000413119	7.96261e-05	5.18823	441	/work/cyu/stickleback_nuclear_only.fa	1
mrpl14	SWA	0.000112046	7.84082e-05	1.42901	441	/work/cyu/stickleback_nuclear_only.fa	1
mrpl15	THE	0.00157807	0.000348827	4.52394	852	/work/cyu/stickleback_nuclear_only.fa	1
mrpl15	JOE	0.00076044	6.10838e-05	12.4491	852	/work/cyu/stickleback_nuclear_only.fa	1
mrpl15	BEA	0.000290022	0.000116526	2.48891	852	/work/cyu/stickleback_nuclear_only.fa	1
mrpl15	MUC	0.00047261	0.000439108	1.0763	852	/work/cyu/stickleback_nuclear_only.fa	1
mrpl15	PYE	0.00122864	0.000464998	2.64224	852	/work/cyu/stickleback_nuclear_only.fa	1
mrpl15	AMO	0.00139801	0.000358005	3.90499	852	/work/cyu/stickleback_nuclear_only.fa	1
mrpl15	SAY	0.00156682	0.000285534	5.48733	852	/work/cyu/stickleback_nuclear_only.fa	1
mrpl15	GOS	0.00114985	0.000541258	2.12441	852	/work/cyu/stickleback_nuclear_only.fa	1
mrpl15	ROB	0.000960151	0.000478564	2.00632	852	/work/cyu/stickleback_nuclear_only.fa	1
mrpl15	FG	0.00117754	0.000121092	9.72435	852	/work/cyu/stickleback_nuclear_only.fa	1
mrpl15	BOOT	0.00101667	0.000518458	1.96094	852	/work/cyu/stickleback_nuclear_only.fa	1
mrpl15	ECHO	0.000400513	0.000129849	3.08445	852	/work/cyu/stickleback_nuclear_only.fa	1
mrpl15	FRED	0.00127135	0.000133168	9.54695	852	/work/cyu/stickleback_nuclear_only.fa	1
mrpl15	LAW	0.00123788	0.000134291	9.21787	852	/work/cyu/stickleback_nuclear_only.fa	1
mrpl15	PACH	0.00159361	4.51215e-05	35.3183	852	/work/cyu/stickleback_nuclear_only.fa	1
mrpl15	RS	0.00154011	0.000568175	2.71062	852	/work/cyu/stickleback_nuclear_only.fa	1
mrpl15	SC	0.000665175	0.000222271	2.99263	852	/work/cyu/stickleback_nuclear_only.fa	1
mrpl15	LB	0.00128581	0.000286977	4.48054	852	/work/cyu/stickleback_nuclear_only.fa	1
mrpl15	CH	0.000760396	0.000901799	0.843199	852	/work/cyu/stickleback_nuclear_only.fa	1
mrpl15	LG	0.00117026	0.000347845	3.36432	852	/work/cyu/stickleback_nuclear_only.fa	1
mrpl15	SR	0.00106593	0.000117206	9.09453	852	/work/cyu/stickleback_nuclear_only.fa	1
mrpl15	SL	0.000833308	0.00038222	2.18018	852	/work/cyu/stickleback_nuclear_only.fa	1
mrpl15	TL	0.00101255	1.92553e-05	52.5852	852	/work/cyu/stickleback_nuclear_only.fa	1
mrpl15	WB	0.00103619	0.00103789	0.998362	852	/work/cyu/stickleback_nuclear_only.fa	1
mrpl15	WT	0.000983753	0.000359987	2.73275	852	/work/cyu/stickleback_nuclear_only.fa	1
mrpl15	WK	0.000987287	9.24544e-05	10.6786	852	/work/cyu/stickleback_nuclear_only.fa	1
mrpl15	SWA	0.000404948	3.41441e-05	11.86	852	/work/cyu/stickleback_nuclear_only.fa	1
mrpl16	THE	0.000753398	0.000748503	1.00654	768	/work/cyu/stickleback_nuclear_only.fa	1
mrpl16	JOE	0.00109133	0.00012527	8.71186	768	/work/cyu/stickleback_nuclear_only.fa	1
mrpl16	BEA	0.000112036	5.61737e-05	1.99446	768	/work/cyu/stickleback_nuclear_only.fa	1
mrpl16	MUC	8.64237e-05	4.84551e-05	1.78358	768	/work/cyu/stickleback_nuclear_only.fa	1
mrpl16	PYE	0.000934231	0.000844206	1.10664	768	/work/cyu/stickleback_nuclear_only.fa	1
mrpl16	AMO	0.000320953	0.00037577	0.854123	768	/work/cyu/stickleback_nuclear_only.fa	1
mrpl16	SAY	0.00160207	0.00029116	5.50237	768	/work/cyu/stickleback_nuclear_only.fa	1
mrpl16	GOS	0.000632163	8.02602e-05	7.87642	768	/work/cyu/stickleback_nuclear_only.fa	1
mrpl16	ROB	0.00314665	0.000247524	12.7125	768	/work/cyu/stickleback_nuclear_only.fa	1
mrpl16	FG	0.00227249	6.86421e-05	33.1064	768	/work/cyu/stickleback_nuclear_only.fa	1
mrpl16	BOOT	0.000307813	3.24836e-05	9.47598	768	/work/cyu/stickleback_nuclear_only.fa	1
mrpl16	ECHO	0.000393543	2.55469e-05	15.4048	768	/work/cyu/stickleback_nuclear_only.fa	1
mrpl16	FRED	0.00216187	0.000103628	20.8619	768	/work/cyu/stickleback_nuclear_only.fa	1
mrpl16	LAW	0.000366565	8.17881e-05	4.48189	768	/work/cyu/stickleback_nuclear_only.fa	1
mrpl16	PACH	0.00169291	0.000132782	12.7495	768	/work/cyu/stickleback_nuclear_only.fa	1
mrpl16	RS	0.00232095	0.000364469	6.36802	768	/work/cyu/stickleback_nuclear_only.fa	1
mrpl16	SC	0.00150432	0.000166131	9.05499	768	/work/cyu/stickleback_nuclear_only.fa	1
mrpl16	LB	0.00227149	0.000104799	21.6747	768	/work/cyu/stickleback_nuclear_only.fa	1
mrpl16	CH	0.00212654	0.000351109	6.05663	768	/work/cyu/stickleback_nuclear_only.fa	1
mrpl16	LG	0.000825036	0.00044118	1.87007	768	/work/cyu/stickleback_nuclear_only.fa	1
mrpl16	SR	0.000665092	0.000530588	1.2535	768	/work/cyu/stickleback_nuclear_only.fa	1
mrpl16	SL	0.0002377	5.6331e-05	4.21971	768	/work/cyu/stickleback_nuclear_only.fa	1
mrpl16	TL	0.000557019	0.000647404	0.860389	768	/work/cyu/stickleback_nuclear_only.fa	1
mrpl16	WB	0.00131755	2.54131e-05	51.8454	768	/work/cyu/stickleback_nuclear_only.fa	1
mrpl16	WT	0.000934534	0.000450858	2.07279	768	/work/cyu/stickleback_nuclear_only.fa	1
mrpl16	WK	0.000875786	0.00068997	1.26931	768	/work/cyu/stickleback_nuclear_only.fa	1
mrpl16	SWA	0.002485	9.42879e-05	26.3554	768	/work/cyu/stickleback_nuclear_only.fa	1
mrpl17	THE	0.00162028	0.0028849	0.561642	504	/work/cyu/stickleback_nuclear_only.fa	1
mrpl17	JOE	0.000414282	0.000240658	1.72146	504	/work/cyu/stickleback_nuclear_only.fa	1
mrpl17	BEA	0.00133804	0.00072234	1.85237	504	/work/cyu/stickleback_nuclear_only.fa	1
mrpl17	MUC	0.000197371	0.00106309	0.185658	504	/work/cyu/stickleback_nuclear_only.fa	1
mrpl17	PYE	0.000930732	0.00118622	0.784622	504	/work/cyu/stickleback_nuclear_only.fa	1
mrpl17	AMO	0.00173404	0.00143992	1.20426	504	/work/cyu/stickleback_nuclear_only.fa	1
mrpl17	SAY	0.00232157	0.00203055	1.14332	504	/work/cyu/stickleback_nuclear_only.fa	1
mrpl17	GOS	0.000203849	0.000321503	0.634052	504	/work/cyu/stickleback_nuclear_only.fa	1
mrpl17	ROB	0.00263895	0.0016064	1.64277	504	/work/cyu/stickleback_nuclear_only.fa	1
mrpl17	FG	0.000157347	0.00125596	0.12528	504	/work/cyu/stickleback_nuclear_only.fa	1
mrpl17	BOOT	0.000266643	0.00167691	0.159008	504	/work/cyu/stickleback_nuclear_only.fa	1
mrpl17	ECHO	0.000114242	0	NA	504	/work/cyu/stickleback_nuclear_only.fa	1
mrpl17	FRED	0.000609751	0.00300937	0.202617	504	/work/cyu/stickleback_nuclear_only.fa	1
mrpl17	LAW	0.00055909	0.00165302	0.338223	504	/work/cyu/stickleback_nuclear_only.fa	1
mrpl17	PACH	0.000299227	0.000857445	0.348975	504	/work/cyu/stickleback_nuclear_only.fa	1
mrpl17	RS	0.00209875	0.00159812	1.31327	504	/work/cyu/stickleback_nuclear_only.fa	1
mrpl17	SC	0.0020997	0.00206983	1.01443	504	/work/cyu/stickleback_nuclear_only.fa	1
mrpl17	LB	0.00167584	0.00112534	1.48918	504	/work/cyu/stickleback_nuclear_only.fa	1
mrpl17	CH	0.00211361	0.00156204	1.35311	504	/work/cyu/stickleback_nuclear_only.fa	1
mrpl17	LG	0.0013695	0.0012475	1.0978	504	/work/cyu/stickleback_nuclear_only.fa	1
mrpl17	SR	0.000777709	0.00113318	0.686308	504	/work/cyu/stickleback_nuclear_only.fa	1
mrpl17	SL	0.000910997	0.000638582	1.42659	504	/work/cyu/stickleback_nuclear_only.fa	1
mrpl17	TL	0.00097135	0.000799049	1.21563	504	/work/cyu/stickleback_nuclear_only.fa	1
mrpl17	WB	0.00126965	0.0010403	1.22046	504	/work/cyu/stickleback_nuclear_only.fa	1
mrpl17	WT	0.0029095	0.00110915	2.62318	504	/work/cyu/stickleback_nuclear_only.fa	1
mrpl17	WK	0.00132568	0.000297435	4.45705	504	/work/cyu/stickleback_nuclear_only.fa	1
mrpl17	SWA	0.000815423	0.000438099	1.86128	504	/work/cyu/stickleback_nuclear_only.fa	1
mrpl18	THE	0.00301649	0.00310542	0.971362	510	/work/cyu/stickleback_nuclear_only.fa	1
mrpl18	JOE	0.00232773	0.00122683	1.89735	510	/work/cyu/stickleback_nuclear_only.fa	1
mrpl18	BEA	0.00216909	0.00121113	1.79097	510	/work/cyu/stickleback_nuclear_only.fa	1
mrpl18	MUC	0.000720623	0.000629638	1.1445	510	/work/cyu/stickleback_nuclear_only.fa	1
mrpl18	PYE	0.00166483	0.000284828	5.84503	510	/work/cyu/stickleback_nuclear_only.fa	1
mrpl18	AMO	0.00183699	0.00131799	1.39378	510	/work/cyu/stickleback_nuclear_only.fa	1
mrpl18	SAY	0.00282205	0.00227419	1.2409	510	/work/cyu/stickleback_nuclear_only.fa	1
mrpl18	GOS	0.00421912	0.00304641	1.38495	510	/work/cyu/stickleback_nuclear_only.fa	1
mrpl18	ROB	0.00162452	0.00155366	1.04561	510	/work/cyu/stickleback_nuclear_only.fa	1
mrpl18	FG	0.0019719	0.00122315	1.61215	510	/work/cyu/stickleback_nuclear_only.fa	1
mrpl18	BOOT	0.00400608	0.00280918	1.42607	510	/work/cyu/stickleback_nuclear_only.fa	1
mrpl18	ECHO	0.00324342	0.00231972	1.3982	510	/work/cyu/stickleback_nuclear_only.fa	1
mrpl18	FRED	0.00103438	0.00108644	0.952084	510	/work/cyu/stickleback_nuclear_only.fa	1
mrpl18	LAW	0.00219548	0.00133499	1.64457	510	/work/cyu/stickleback_nuclear_only.fa	1
mrpl18	PACH	0.00172998	0.00149817	1.15473	510	/work/cyu/stickleback_nuclear_only.fa	1
mrpl18	RS	0.00214146	0.00123681	1.73143	510	/work/cyu/stickleback_nuclear_only.fa	1
mrpl18	SC	0.00200475	0.00199508	1.00485	510	/work/cyu/stickleback_nuclear_only.fa	1
mrpl18	LB	0.00246905	0.00139145	1.77445	510	/work/cyu/stickleback_nuclear_only.fa	1
mrpl18	CH	0.00215549	0.00240016	0.898064	510	/work/cyu/stickleback_nuclear_only.fa	1
mrpl18	LG	0.00145147	0.00080532	1.80235	510	/work/cyu/stickleback_nuclear_only.fa	1
mrpl18	SR	0.000855424	0.000661891	1.29239	510	/work/cyu/stickleback_nuclear_only.fa	1
mrpl18	SL	0.00102036	0.000437042	2.3347	510	/work/cyu/stickleback_nuclear_only.fa	1
mrpl18	TL	0.00115445	0.000563802	2.04762	510	/work/cyu/stickleback_nuclear_only.fa	1
mrpl18	WB	0.000850111	0.000711789	1.19433	510	/work/cyu/stickleback_nuclear_only.fa	1
mrpl18	WT	0.00211494	0.00136679	1.54738	510	/work/cyu/stickleback_nuclear_only.fa	1
mrpl18	WK	0.00245295	0.00134574	1.82275	510	/work/cyu/stickleback_nuclear_only.fa	1
mrpl18	SWA	0.00374198	0.0014387	2.60095	510	/work/cyu/stickleback_nuclear_only.fa	1
mrpl19	THE	0.000624106	6.47245e-05	9.6425	849	/work/cyu/stickleback_nuclear_only.fa	1
mrpl19	JOE	0.000653394	0.000329991	1.98003	849	/work/cyu/stickleback_nuclear_only.fa	1
mrpl19	BEA	0.000210219	0.000423412	0.496488	849	/work/cyu/stickleback_nuclear_only.fa	1
mrpl19	MUC	0.000915001	0.000123372	7.41662	849	/work/cyu/stickleback_nuclear_only.fa	1
mrpl19	PYE	0.000946978	0.000605031	1.56517	849	/work/cyu/stickleback_nuclear_only.fa	1
mrpl19	AMO	0.000961814	7.42514e-05	12.9535	849	/work/cyu/stickleback_nuclear_only.fa	1
mrpl19	SAY	0.000862699	0.000232542	3.70987	849	/work/cyu/stickleback_nuclear_only.fa	1
mrpl19	GOS	0.000281318	0.000511936	0.549517	849	/work/cyu/stickleback_nuclear_only.fa	1
mrpl19	ROB	0.000602944	0.000277594	2.17204	849	/work/cyu/stickleback_nuclear_only.fa	1
mrpl19	FG	0.000251317	0.000356819	0.704327	849	/work/cyu/stickleback_nuclear_only.fa	1
mrpl19	BOOT	0.000386342	0.00055679	0.693874	849	/work/cyu/stickleback_nuclear_only.fa	1
mrpl19	ECHO	0.000162584	2.76765e-05	5.87443	849	/work/cyu/stickleback_nuclear_only.fa	1
mrpl19	FRED	0.000235697	0.000138646	1.69999	849	/work/cyu/stickleback_nuclear_only.fa	1
mrpl19	LAW	0.00059358	0.000464726	1.27727	849	/work/cyu/stickleback_nuclear_only.fa	1
mrpl19	PACH	0.000221292	0.000126325	1.75177	849	/work/cyu/stickleback_nuclear_only.fa	1
mrpl19	RS	0.00146403	0.000654922	2.23543	849	/work/cyu/stickleback_nuclear_only.fa	1
mrpl19	SC	0.000520968	0.000360049	1.44693	849	/work/cyu/stickleback_nuclear_only.fa	1
mrpl19	LB	0.000883279	0.000666487	1.32528	849	/work/cyu/stickleback_nuclear_only.fa	1
mrpl19	CH	0.00078898	0.000636238	1.24007	849	/work/cyu/stickleback_nuclear_only.fa	1
mrpl19	LG	0.000973056	0.000342852	2.83813	849	/work/cyu/stickleback_nuclear_only.fa	1
mrpl19	SR	0.000861131	0.000527196	1.63342	849	/work/cyu/stickleback_nuclear_only.fa	1
mrpl19	SL	0.000764576	0.000155591	4.91401	849	/work/cyu/stickleback_nuclear_only.fa	1
mrpl19	TL	0.000187728	0.000394349	0.476045	849	/work/cyu/stickleback_nuclear_only.fa	1
mrpl19	WB	0.000697787	0.000769137	0.907235	849	/work/cyu/stickleback_nuclear_only.fa	1
mrpl19	WT	0.000830069	0.000753727	1.10129	849	/work/cyu/stickleback_nuclear_only.fa	1
mrpl19	WK	0.000715634	0.000667073	1.0728	849	/work/cyu/stickleback_nuclear_only.fa	1
mrpl19	SWA	0.00079036	5.77636e-05	13.6827	849	/work/cyu/stickleback_nuclear_only.fa	1
mrpl20	THE	0.00012196	3.06322e-05	3.98143	447	/work/cyu/stickleback_nuclear_only.fa	1
mrpl20	JOE	0.000416778	3.36064e-05	12.4017	447	/work/cyu/stickleback_nuclear_only.fa	1
mrpl20	BEA	0.000185217	6.18191e-05	2.99611	447	/work/cyu/stickleback_nuclear_only.fa	1
mrpl20	MUC	0.000196695	3.58166e-05	5.49172	447	/work/cyu/stickleback_nuclear_only.fa	1
mrpl20	PYE	0.000211256	0.000138536	1.52492	447	/work/cyu/stickleback_nuclear_only.fa	1
mrpl20	AMO	0.000149197	0	NA	447	/work/cyu/stickleback_nuclear_only.fa	1
mrpl20	SAY	0.000167657	0.000295	0.568329	447	/work/cyu/stickleback_nuclear_only.fa	1
mrpl20	GOS	9.30274e-05	0.000276247	0.336755	447	/work/cyu/stickleback_nuclear_only.fa	1
mrpl20	ROB	3.96914e-05	0.000408232	0.0972277	447	/work/cyu/stickleback_nuclear_only.fa	1
mrpl20	FG	0.000194522	7.18459e-05	2.70748	447	/work/cyu/stickleback_nuclear_only.fa	1
mrpl20	BOOT	9.42257e-05	0.000136559	0.690001	447	/work/cyu/stickleback_nuclear_only.fa	1
mrpl20	ECHO	0.000171761	0.000208205	0.824961	447	/work/cyu/stickleback_nuclear_only.fa	1
mrpl20	FRED	0.000242935	9.85099e-05	2.4661	447	/work/cyu/stickleback_nuclear_only.fa	1
mrpl20	LAW	0.000179689	0	NA	447	/work/cyu/stickleback_nuclear_only.fa	1
mrpl20	PACH	0.000832382	0.00012494	6.66226	447	/work/cyu/stickleback_nuclear_only.fa	1
mrpl20	RS	0.00101401	0.000359149	2.82338	447	/work/cyu/stickleback_nuclear_only.fa	1
mrpl20	SC	0.000237513	0.00016687	1.42334	447	/work/cyu/stickleback_nuclear_only.fa	1
mrpl20	LB	0.000332621	0.000168074	1.97902	447	/work/cyu/stickleback_nuclear_only.fa	1
mrpl20	CH	0.000165876	0.00011077	1.49747	447	/work/cyu/stickleback_nuclear_only.fa	1
mrpl20	LG	0.000277496	8.98107e-05	3.08979	447	/work/cyu/stickleback_nuclear_only.fa	1
mrpl20	SR	7.29852e-05	3.48676e-05	2.09321	447	/work/cyu/stickleback_nuclear_only.fa	1
mrpl20	SL	0.000134599	3.72264e-05	3.61567	447	/work/cyu/stickleback_nuclear_only.fa	1
mrpl20	TL	0.000443187	7.42318e-05	5.97031	447	/work/cyu/stickleback_nuclear_only.fa	1
mrpl20	WB	8.56703e-05	4.99681e-05	1.7145	447	/work/cyu/stickleback_nuclear_only.fa	1
mrpl20	WT	0.000306251	0.000183859	1.66568	447	/work/cyu/stickleback_nuclear_only.fa	1
mrpl20	WK	0.000204246	3.45901e-05	5.90474	447	/work/cyu/stickleback_nuclear_only.fa	1
mrpl20	SWA	0.00131991	3.36217e-05	39.2576	447	/work/cyu/stickleback_nuclear_only.fa	1
mrpl22	THE	0.00284373	0.00115619	2.45957	630	/work/cyu/stickleback_nuclear_only.fa	1
mrpl22	JOE	0.00257416	0.002235	1.15175	630	/work/cyu/stickleback_nuclear_only.fa	1
mrpl22	BEA	0.000639729	0.000699172	0.914982	630	/work/cyu/stickleback_nuclear_only.fa	1
mrpl22	MUC	0.000517309	5.12845e-05	10.087	630	/work/cyu/stickleback_nuclear_only.fa	1
mrpl22	PYE	0.00298348	0.00133562	2.23378	630	/work/cyu/stickleback_nuclear_only.fa	1
mrpl22	AMO	0.00202785	0.00131716	1.53956	630	/work/cyu/stickleback_nuclear_only.fa	1
mrpl22	SAY	0.00212771	0.00178718	1.19054	630	/work/cyu/stickleback_nuclear_only.fa	1
mrpl22	GOS	0.00045134	0.000234236	1.92686	630	/work/cyu/stickleback_nuclear_only.fa	1
mrpl22	ROB	0.002223	0.00118032	1.88338	630	/work/cyu/stickleback_nuclear_only.fa	1
mrpl22	FG	0.00297334	0.00126107	2.3578	630	/work/cyu/stickleback_nuclear_only.fa	1
mrpl22	BOOT	0.000214711	7.82325e-05	2.74453	630	/work/cyu/stickleback_nuclear_only.fa	1
mrpl22	ECHO	0.000240159	8.39765e-05	2.85983	630	/work/cyu/stickleback_nuclear_only.fa	1
mrpl22	FRED	0.00180362	0.000836759	2.15548	630	/work/cyu/stickleback_nuclear_only.fa	1
mrpl22	LAW	0.000474485	0.000631556	0.751295	630	/work/cyu/stickleback_nuclear_only.fa	1
mrpl22	PACH	0.000731759	0.00023706	3.08681	630	/work/cyu/stickleback_nuclear_only.fa	1
mrpl22	RS	0.00320852	0.00136556	2.34959	630	/work/cyu/stickleback_nuclear_only.fa	1
mrpl22	SC	0.0024796	0.00128062	1.93625	630	/work/cyu/stickleback_nuclear_only.fa	1
mrpl22	LB	0.00431506	0.000943819	4.57192	630	/work/cyu/stickleback_nuclear_only.fa	1
mrpl22	CH	0.00221214	0.00101585	2.17763	630	/work/cyu/stickleback_nuclear_only.fa	1
mrpl22	LG	0.00275693	0.00103002	2.67659	630	/work/cyu/stickleback_nuclear_only.fa	1
mrpl22	SR	0.00136326	0.000919585	1.48248	630	/work/cyu/stickleback_nuclear_only.fa	1
mrpl22	SL	0.00250746	0.00086811	2.88841	630	/work/cyu/stickleback_nuclear_only.fa	1
mrpl22	TL	0.00223319	0.000361596	6.17594	630	/work/cyu/stickleback_nuclear_only.fa	1
mrpl22	WB	0.00381118	0.000742155	5.13528	630	/work/cyu/stickleback_nuclear_only.fa	1
mrpl22	WT	0.00249978	0.00092936	2.68978	630	/work/cyu/stickleback_nuclear_only.fa	1
mrpl22	WK	0.00255913	0.000913222	2.8023	630	/work/cyu/stickleback_nuclear_only.fa	1
mrpl22	SWA	0.00370495	0.00156807	2.36274	630	/work/cyu/stickleback_nuclear_only.fa	1
mrpl23	THE	0	0	NA	456	/work/cyu/stickleback_nuclear_only.fa	1
mrpl23	JOE	0.000856023	0	NA	456	/work/cyu/stickleback_nuclear_only.fa	1
mrpl23	BEA	0.00023706	0	NA	456	/work/cyu/stickleback_nuclear_only.fa	1
mrpl23	MUC	0	0	NA	456	/work/cyu/stickleback_nuclear_only.fa	1
mrpl23	PYE	0.0006717	0	NA	281	/work/cyu/stickleback_nuclear_only.fa	1
mrpl23	AMO	0	0	NA	456	/work/cyu/stickleback_nuclear_only.fa	1
mrpl23	SAY	0.00164785	0	NA	456	/work/cyu/stickleback_nuclear_only.fa	1
mrpl23	GOS	0	0	NA	275	/work/cyu/stickleback_nuclear_only.fa	1
mrpl23	ROB	0.000199408	0	NA	456	/work/cyu/stickleback_nuclear_only.fa	1
mrpl23	FG	5.36751e-05	3.73026e-05	1.43891	456	/work/cyu/stickleback_nuclear_only.fa	1
mrpl23	BOOT	0	0	NA	256	/work/cyu/stickleback_nuclear_only.fa	1
mrpl23	ECHO	0	0	NA	257	/work/cyu/stickleback_nuclear_only.fa	1
mrpl23	FRED	0.000877976	0	NA	282	/work/cyu/stickleback_nuclear_only.fa	1
mrpl23	LAW	0	0	NA	456	/work/cyu/stickleback_nuclear_only.fa	1
mrpl23	PACH	0	0	NA	282	/work/cyu/stickleback_nuclear_only.fa	1
mrpl23	RS	0.000615165	0.000215869	2.84971	456	/work/cyu/stickleback_nuclear_only.fa	1
mrpl23	SC	0.000963522	0	NA	456	/work/cyu/stickleback_nuclear_only.fa	1
mrpl23	LB	0.000293676	0	NA	456	/work/cyu/stickleback_nuclear_only.fa	1
mrpl23	CH	0.00014515	8.03778e-05	1.80585	456	/work/cyu/stickleback_nuclear_only.fa	1
mrpl23	LG	0.000169033	0	NA	456	/work/cyu/stickleback_nuclear_only.fa	1
mrpl23	SR	0.000102487	0	NA	456	/work/cyu/stickleback_nuclear_only.fa	1
mrpl23	SL	7.88275e-05	0	NA	456	/work/cyu/stickleback_nuclear_only.fa	1
mrpl23	TL	3.91604e-05	0.00010286	0.380716	456	/work/cyu/stickleback_nuclear_only.fa	1
mrpl23	WB	0	0.000191296	0	456	/work/cyu/stickleback_nuclear_only.fa	1
mrpl23	WT	0.000125404	0	NA	456	/work/cyu/stickleback_nuclear_only.fa	1
mrpl23	WK	0.000110133	0.000146431	0.752117	456	/work/cyu/stickleback_nuclear_only.fa	1
mrpl23	SWA	0.0015825	0	NA	456	/work/cyu/stickleback_nuclear_only.fa	1
mrpl24	THE	0.000145606	9.25122e-05	1.57391	645	/work/cyu/stickleback_nuclear_only.fa	1
mrpl24	JOE	0.000587511	9.05246e-05	6.49007	645	/work/cyu/stickleback_nuclear_only.fa	1
mrpl24	BEA	0.000249607	9.66438e-05	2.58275	645	/work/cyu/stickleback_nuclear_only.fa	1
mrpl24	MUC	0.000140792	0.000170374	0.826369	645	/work/cyu/stickleback_nuclear_only.fa	1
mrpl24	PYE	0.000500457	0.000100595	4.97496	645	/work/cyu/stickleback_nuclear_only.fa	1
mrpl24	AMO	0.000268776	9.8287e-05	2.7346	645	/work/cyu/stickleback_nuclear_only.fa	1
mrpl24	SAY	0.000266915	0.000255408	1.04506	645	/work/cyu/stickleback_nuclear_only.fa	1
mrpl24	GOS	0.000187187	0	NA	645	/work/cyu/stickleback_nuclear_only.fa	1
mrpl24	ROB	0.000957382	0.000170222	5.62432	645	/work/cyu/stickleback_nuclear_only.fa	1
mrpl24	FG	0.000118089	0.00065703	0.179732	645	/work/cyu/stickleback_nuclear_only.fa	1
mrpl24	BOOT	0.000182338	3.68585e-05	4.94697	645	/work/cyu/stickleback_nuclear_only.fa	1
mrpl24	ECHO	0.000102136	0	NA	645	/work/cyu/stickleback_nuclear_only.fa	1
mrpl24	FRED	0.000113682	0.000121343	0.936866	645	/work/cyu/stickleback_nuclear_only.fa	1
mrpl24	LAW	0.000675032	0.000137593	4.90602	645	/work/cyu/stickleback_nuclear_only.fa	1
mrpl24	PACH	0.000141435	5.80083e-05	2.43819	645	/work/cyu/stickleback_nuclear_only.fa	1
mrpl24	RS	0.000874217	0.000386154	2.2639	645	/work/cyu/stickleback_nuclear_only.fa	1
mrpl24	SC	0.000193334	0.000104159	1.85614	645	/work/cyu/stickleback_nuclear_only.fa	1
mrpl24	LB	0.000249539	9.90364e-05	2.51967	645	/work/cyu/stickleback_nuclear_only.fa	1
mrpl24	CH	0.000265538	2.13449e-05	12.4403	645	/work/cyu/stickleback_nuclear_only.fa	1
mrpl24	LG	0.000151805	7.18815e-05	2.11188	645	/work/cyu/stickleback_nuclear_only.fa	1
mrpl24	SR	0.000136432	2.37952e-05	5.73359	645	/work/cyu/stickleback_nuclear_only.fa	1
mrpl24	SL	0.000226482	0.000113023	2.00386	645	/work/cyu/stickleback_nuclear_only.fa	1
mrpl24	TL	0.000244257	0.000144463	1.69079	645	/work/cyu/stickleback_nuclear_only.fa	1
mrpl24	WB	0.000188442	0	NA	645	/work/cyu/stickleback_nuclear_only.fa	1
mrpl24	WT	0.00027604	0.000106179	2.59977	645	/work/cyu/stickleback_nuclear_only.fa	1
mrpl24	WK	0.000362435	2.66349e-05	13.6075	645	/work/cyu/stickleback_nuclear_only.fa	1
mrpl24	SWA	0.000642117	7.53378e-05	8.52317	645	/work/cyu/stickleback_nuclear_only.fa	1
mrpl27	THE	0.000961969	0.000260123	3.69814	435	/work/cyu/stickleback_nuclear_only.fa	1
mrpl27	JOE	0.00133564	0.000128461	10.3972	435	/work/cyu/stickleback_nuclear_only.fa	1
mrpl27	BEA	0.000186373	0.000171856	1.08448	435	/work/cyu/stickleback_nuclear_only.fa	1
mrpl27	MUC	7.98594e-05	0.000136232	0.586203	435	/work/cyu/stickleback_nuclear_only.fa	1
mrpl27	PYE	0.00118202	3.96442e-05	29.8157	435	/work/cyu/stickleback_nuclear_only.fa	1
mrpl27	AMO	0.00116492	0	NA	435	/work/cyu/stickleback_nuclear_only.fa	1
mrpl27	SAY	0.000777595	0	NA	435	/work/cyu/stickleback_nuclear_only.fa	1
mrpl27	GOS	0.000434998	0	NA	435	/work/cyu/stickleback_nuclear_only.fa	1
mrpl27	ROB	0.000274495	6.06369e-05	4.52687	435	/work/cyu/stickleback_nuclear_only.fa	1
mrpl27	FG	0.000191996	5.84352e-05	3.28562	435	/work/cyu/stickleback_nuclear_only.fa	1
mrpl27	BOOT	0.000261394	0.00012145	2.15227	435	/work/cyu/stickleback_nuclear_only.fa	1
mrpl27	ECHO	0.000108019	8.98711e-05	1.20193	435	/work/cyu/stickleback_nuclear_only.fa	1
mrpl27	FRED	0.000138845	5.88286e-05	2.36016	435	/work/cyu/stickleback_nuclear_only.fa	1
mrpl27	LAW	0.000127396	6.19367e-05	2.05687	435	/work/cyu/stickleback_nuclear_only.fa	1
mrpl27	PACH	0.000356004	0	NA	435	/work/cyu/stickleback_nuclear_only.fa	1
mrpl27	RS	0.00111429	0.000385967	2.887	435	/work/cyu/stickleback_nuclear_only.fa	1
mrpl27	SC	0.000690981	7.9739e-05	8.66553	435	/work/cyu/stickleback_nuclear_only.fa	1
mrpl27	LB	0.000464047	0.000166064	2.79438	435	/work/cyu/stickleback_nuclear_only.fa	1
mrpl27	CH	0.000350503	3.59411e-05	9.75213	435	/work/cyu/stickleback_nuclear_only.fa	1
mrpl27	LG	0.000840833	8.18248e-05	10.276	435	/work/cyu/stickleback_nuclear_only.fa	1
mrpl27	SR	0.000338435	0.000144965	2.3346	435	/work/cyu/stickleback_nuclear_only.fa	1
mrpl27	SL	0.00125929	0.000340781	3.69529	435	/work/cyu/stickleback_nuclear_only.fa	1
mrpl27	TL	0.00130743	0.000149064	8.77092	435	/work/cyu/stickleback_nuclear_only.fa	1
mrpl27	WB	0.000534208	0	NA	435	/work/cyu/stickleback_nuclear_only.fa	1
mrpl27	WT	0.000258127	0.000111001	2.32544	435	/work/cyu/stickleback_nuclear_only.fa	1
mrpl27	WK	0.000896454	0	NA	435	/work/cyu/stickleback_nuclear_only.fa	1
mrpl27	SWA	0.000743289	7.34848e-05	10.1149	435	/work/cyu/stickleback_nuclear_only.fa	1
mrpl28	THE	0.000200666	0.000123294	1.62754	780	/work/cyu/stickleback_nuclear_only.fa	1
mrpl28	JOE	0.000514307	0.000176199	2.91891	780	/work/cyu/stickleback_nuclear_only.fa	1
mrpl28	BEA	0.000840529	0.000726219	1.1574	780	/work/cyu/stickleback_nuclear_only.fa	1
mrpl28	MUC	0.000245894	0.000563303	0.436521	780	/work/cyu/stickleback_nuclear_only.fa	1
mrpl28	PYE	0.000490784	0.000281083	1.74605	780	/work/cyu/stickleback_nuclear_only.fa	1
mrpl28	AMO	0.000252225	0.000499665	0.504789	780	/work/cyu/stickleback_nuclear_only.fa	1
mrpl28	SAY	0.000333581	0.000862471	0.386774	780	/work/cyu/stickleback_nuclear_only.fa	1
mrpl28	GOS	0.000239837	0.000195679	1.22567	780	/work/cyu/stickleback_nuclear_only.fa	1
mrpl28	ROB	0.000454299	0.00114493	0.396793	780	/work/cyu/stickleback_nuclear_only.fa	1
mrpl28	FG	0.000140726	0.00076954	0.18287	780	/work/cyu/stickleback_nuclear_only.fa	1
mrpl28	BOOT	0.000256763	0.000150341	1.70787	780	/work/cyu/stickleback_nuclear_only.fa	1
mrpl28	ECHO	0.000243059	0.00016127	1.50716	780	/work/cyu/stickleback_nuclear_only.fa	1
mrpl28	FRED	0.000926292	0.000790666	1.17153	780	/work/cyu/stickleback_nuclear_only.fa	1
mrpl28	LAW	0.000743542	0.000724947	1.02565	780	/work/cyu/stickleback_nuclear_only.fa	1
mrpl28	PACH	0.000252465	0.000385799	0.654395	780	/work/cyu/stickleback_nuclear_only.fa	1
mrpl28	RS	0.000868315	0.00111777	0.776828	780	/work/cyu/stickleback_nuclear_only.fa	1
mrpl28	SC	0.000382122	0.00083401	0.458175	780	/work/cyu/stickleback_nuclear_only.fa	1
mrpl28	LB	0.000283222	0.00124131	0.228164	780	/work/cyu/stickleback_nuclear_only.fa	1
mrpl28	CH	0.000260714	0.000736342	0.354066	780	/work/cyu/stickleback_nuclear_only.fa	1
mrpl28	LG	0.000126969	0.000771014	0.164677	780	/work/cyu/stickleback_nuclear_only.fa	1
mrpl28	SR	0.00049591	0.000733652	0.675948	780	/work/cyu/stickleback_nuclear_only.fa	1
mrpl28	SL	0.000818898	0.00115248	0.710552	780	/work/cyu/stickleback_nuclear_only.fa	1
mrpl28	TL	0.000261821	0.00107905	0.24264	780	/work/cyu/stickleback_nuclear_only.fa	1
mrpl28	WB	0.000167737	0.000455251	0.36845	780	/work/cyu/stickleback_nuclear_only.fa	1
mrpl28	WT	0.00019394	0.000109787	1.76651	780	/work/cyu/stickleback_nuclear_only.fa	1
mrpl28	WK	0.000303987	8.72856e-05	3.48267	780	/work/cyu/stickleback_nuclear_only.fa	1
mrpl28	SWA	0.00077837	0.00160525	0.484891	780	/work/cyu/stickleback_nuclear_only.fa	1
mrpl3	THE	0.000575683	0.00123079	0.467735	1017	/work/cyu/stickleback_nuclear_only.fa	1
mrpl3	JOE	0.00103819	0.000459894	2.25746	1017	/work/cyu/stickleback_nuclear_only.fa	1
mrpl3	BEA	0.00052306	5.71132e-05	9.1583	1017	/work/cyu/stickleback_nuclear_only.fa	1
mrpl3	MUC	0.000237778	5.87298e-05	4.04868	1017	/work/cyu/stickleback_nuclear_only.fa	1
mrpl3	PYE	0.000891591	0.000834601	1.06828	1017	/work/cyu/stickleback_nuclear_only.fa	1
mrpl3	AMO	0.000655423	0.00047087	1.39194	1017	/work/cyu/stickleback_nuclear_only.fa	1
mrpl3	SAY	0.000809922	0.00120314	0.673174	1017	/work/cyu/stickleback_nuclear_only.fa	1
mrpl3	GOS	0.000387668	0.000128118	3.02586	1017	/work/cyu/stickleback_nuclear_only.fa	1
mrpl3	ROB	0.000857965	0.000473561	1.81173	1017	/work/cyu/stickleback_nuclear_only.fa	1
mrpl3	FG	0.00183375	0.00080187	2.28684	1017	/work/cyu/stickleback_nuclear_only.fa	1
mrpl3	BOOT	0.0010448	0.000430827	2.42511	1017	/work/cyu/stickleback_nuclear_only.fa	1
mrpl3	ECHO	0.000180409	9.94157e-05	1.81469	1017	/work/cyu/stickleback_nuclear_only.fa	1
mrpl3	FRED	0.000330271	0.00033972	0.972186	1017	/work/cyu/stickleback_nuclear_only.fa	1
mrpl3	LAW	0.000933889	0.000917208	1.01819	1017	/work/cyu/stickleback_nuclear_only.fa	1
mrpl3	PACH	0.000819425	0.000808427	1.0136	1017	/work/cyu/stickleback_nuclear_only.fa	1
mrpl3	RS	0.00137872	0.00104394	1.32069	1017	/work/cyu/stickleback_nuclear_only.fa	1
mrpl3	SC	0.0017435	0.000849327	2.05281	1017	/work/cyu/stickleback_nuclear_only.fa	1
mrpl3	LB	0.00112097	0.000881206	1.27209	1017	/work/cyu/stickleback_nuclear_only.fa	1
mrpl3	CH	0.000753492	0.000832542	0.905049	1017	/work/cyu/stickleback_nuclear_only.fa	1
mrpl3	LG	0.000770882	0.00154008	0.500546	1017	/work/cyu/stickleback_nuclear_only.fa	1
mrpl3	SR	0.00160585	0.000929672	1.72733	1017	/work/cyu/stickleback_nuclear_only.fa	1
mrpl3	SL	0.001394	0.00087762	1.58839	1017	/work/cyu/stickleback_nuclear_only.fa	1
mrpl3	TL	0.00206792	0.000715252	2.89117	1017	/work/cyu/stickleback_nuclear_only.fa	1
mrpl3	WB	0.000418876	0.000865486	0.483978	1017	/work/cyu/stickleback_nuclear_only.fa	1
mrpl3	WT	0.000683036	0.000635727	1.07442	1017	/work/cyu/stickleback_nuclear_only.fa	1
mrpl3	WK	0.00117329	0.000620654	1.8904	1017	/work/cyu/stickleback_nuclear_only.fa	1
mrpl3	SWA	0.00121927	0.000535659	2.2762	1017	/work/cyu/stickleback_nuclear_only.fa	1
mrpl32	THE	0.00256496	0.000875529	2.92962	570	/work/cyu/stickleback_nuclear_only.fa	1
mrpl32	JOE	0.000357541	5.32981e-05	6.70833	570	/work/cyu/stickleback_nuclear_only.fa	1
mrpl32	BEA	0.000302591	7.5044e-05	4.03218	570	/work/cyu/stickleback_nuclear_only.fa	1
mrpl32	MUC	0.000146078	0.000447384	0.326516	570	/work/cyu/stickleback_nuclear_only.fa	1
mrpl32	PYE	0.000807921	0.00105098	0.76873	570	/work/cyu/stickleback_nuclear_only.fa	1
mrpl32	AMO	0.000244827	0.000400059	0.611977	570	/work/cyu/stickleback_nuclear_only.fa	1
mrpl32	SAY	0.00204356	0.00127413	1.60388	570	/work/cyu/stickleback_nuclear_only.fa	1
mrpl32	GOS	0.00256744	0.000122228	21.0053	570	/work/cyu/stickleback_nuclear_only.fa	1
mrpl32	ROB	0.00316748	0.000890252	3.55796	570	/work/cyu/stickleback_nuclear_only.fa	1
mrpl32	FG	0.00451804	0.000354385	12.749	570	/work/cyu/stickleback_nuclear_only.fa	1
mrpl32	BOOT	0.00272323	4.4875e-05	60.6848	570	/work/cyu/stickleback_nuclear_only.fa	1
mrpl32	ECHO	0.000485955	0.000249651	1.94654	570	/work/cyu/stickleback_nuclear_only.fa	1
mrpl32	FRED	0.00124664	8.20677e-05	15.1904	570	/work/cyu/stickleback_nuclear_only.fa	1
mrpl32	LAW	0.00388486	0.000279573	13.8957	570	/work/cyu/stickleback_nuclear_only.fa	1
mrpl32	PACH	0.000304613	0	NA	570	/work/cyu/stickleback_nuclear_only.fa	1
mrpl32	RS	0.00197116	0.00127932	1.54079	570	/work/cyu/stickleback_nuclear_only.fa	1
mrpl32	SC	0.00208038	0.00069798	2.98058	570	/work/cyu/stickleback_nuclear_only.fa	1
mrpl32	LB	0.000357832	0.000908609	0.393824	570	/work/cyu/stickleback_nuclear_only.fa	1
mrpl32	CH	0.000720854	0.0011146	0.64674	570	/work/cyu/stickleback_nuclear_only.fa	1
mrpl32	LG	0.000822198	0.000263417	3.12128	570	/work/cyu/stickleback_nuclear_only.fa	1
mrpl32	SR	0.0016796	0.000104103	16.1341	570	/work/cyu/stickleback_nuclear_only.fa	1
mrpl32	SL	0.000298836	7.81197e-05	3.82536	570	/work/cyu/stickleback_nuclear_only.fa	1
mrpl32	TL	0.000320578	0.000107315	2.98727	570	/work/cyu/stickleback_nuclear_only.fa	1
mrpl32	WB	0.00042452	0.000178537	2.37777	570	/work/cyu/stickleback_nuclear_only.fa	1
mrpl32	WT	0.00454823	6.98318e-05	65.1312	570	/work/cyu/stickleback_nuclear_only.fa	1
mrpl32	WK	0.000640158	0.000173029	3.69972	570	/work/cyu/stickleback_nuclear_only.fa	1
mrpl32	SWA	0.000813055	0.000600083	1.3549	570	/work/cyu/stickleback_nuclear_only.fa	1
mrpl33	THE	0.000160372	0	NA	189	/work/cyu/stickleback_nuclear_only.fa	1
mrpl33	JOE	0.000171559	0	NA	189	/work/cyu/stickleback_nuclear_only.fa	1
mrpl33	BEA	0.00131652	9.36689e-05	14.055	189	/work/cyu/stickleback_nuclear_only.fa	1
mrpl33	MUC	8.8209e-05	0	NA	189	/work/cyu/stickleback_nuclear_only.fa	1
mrpl33	PYE	0.000368143	0.000171174	2.1507	189	/work/cyu/stickleback_nuclear_only.fa	1
mrpl33	AMO	0.000327887	0	NA	189	/work/cyu/stickleback_nuclear_only.fa	1
mrpl33	SAY	0.000922737	0.000128116	7.20237	189	/work/cyu/stickleback_nuclear_only.fa	1
mrpl33	GOS	0.000112844	0	NA	189	/work/cyu/stickleback_nuclear_only.fa	1
mrpl33	ROB	0.000251062	0	NA	189	/work/cyu/stickleback_nuclear_only.fa	1
mrpl33	FG	0	0	NA	189	/work/cyu/stickleback_nuclear_only.fa	1
mrpl33	BOOT	0.000261124	0	NA	189	/work/cyu/stickleback_nuclear_only.fa	1
mrpl33	ECHO	0	0.000114969	0	189	/work/cyu/stickleback_nuclear_only.fa	1
mrpl33	FRED	0	0	NA	189	/work/cyu/stickleback_nuclear_only.fa	1
mrpl33	LAW	0.000486105	0.000221749	2.19214	189	/work/cyu/stickleback_nuclear_only.fa	1
mrpl33	PACH	0.000293106	0	NA	189	/work/cyu/stickleback_nuclear_only.fa	1
mrpl33	RS	0.000895983	0.000242923	3.68835	189	/work/cyu/stickleback_nuclear_only.fa	1
mrpl33	SC	0.000246432	9.59522e-05	2.56828	189	/work/cyu/stickleback_nuclear_only.fa	1
mrpl33	LB	0.00044697	0.000219855	2.03302	189	/work/cyu/stickleback_nuclear_only.fa	1
mrpl33	CH	0.000219176	0.000113537	1.93044	189	/work/cyu/stickleback_nuclear_only.fa	1
mrpl33	LG	0.00018567	0	NA	189	/work/cyu/stickleback_nuclear_only.fa	1
mrpl33	SR	0.000340615	0	NA	189	/work/cyu/stickleback_nuclear_only.fa	1
mrpl33	SL	0.000294407	0	NA	189	/work/cyu/stickleback_nuclear_only.fa	1
mrpl33	TL	8.27651e-05	0.000168147	0.492219	189	/work/cyu/stickleback_nuclear_only.fa	1
mrpl33	WB	0.000128143	0.000102273	1.25294	189	/work/cyu/stickleback_nuclear_only.fa	1
mrpl33	WT	8.3773e-05	0	NA	189	/work/cyu/stickleback_nuclear_only.fa	1
mrpl33	WK	0.000196371	9.75671e-05	2.01268	189	/work/cyu/stickleback_nuclear_only.fa	1
mrpl33	SWA	0.000434017	8.95399e-05	4.8472	189	/work/cyu/stickleback_nuclear_only.fa	1
mrpl35	THE	0.000243853	0.000113534	2.14784	552	/work/cyu/stickleback_nuclear_only.fa	1
mrpl35	JOE	0.000437081	0.000138429	3.15743	552	/work/cyu/stickleback_nuclear_only.fa	1
mrpl35	BEA	0.000385101	0.000560197	0.687438	552	/work/cyu/stickleback_nuclear_only.fa	1
mrpl35	MUC	0.000133231	0.000103895	1.28237	552	/work/cyu/stickleback_nuclear_only.fa	1
mrpl35	PYE	0.00134002	0.00109871	1.21963	552	/work/cyu/stickleback_nuclear_only.fa	1
mrpl35	AMO	0.000991501	0.00088062	1.12591	552	/work/cyu/stickleback_nuclear_only.fa	1
mrpl35	SAY	0.00107145	0.000921613	1.16258	552	/work/cyu/stickleback_nuclear_only.fa	1
mrpl35	GOS	0.000956048	0.000927782	1.03047	552	/work/cyu/stickleback_nuclear_only.fa	1
mrpl35	ROB	0.00118715	0.00124669	0.952247	552	/work/cyu/stickleback_nuclear_only.fa	1
mrpl35	FG	0.000189213	0.000659306	0.286989	552	/work/cyu/stickleback_nuclear_only.fa	1
mrpl35	BOOT	0.000930094	0.000889906	1.04516	552	/work/cyu/stickleback_nuclear_only.fa	1
mrpl35	ECHO	0.00117171	0.000980653	1.19483	552	/work/cyu/stickleback_nuclear_only.fa	1
mrpl35	FRED	0.00115055	0.000138559	8.30374	552	/work/cyu/stickleback_nuclear_only.fa	1
mrpl35	LAW	0.0012459	0.000956674	1.30232	552	/work/cyu/stickleback_nuclear_only.fa	1
mrpl35	PACH	0.00109216	3.51668e-05	31.0567	552	/work/cyu/stickleback_nuclear_only.fa	1
mrpl35	RS	0.00171865	0.0013212	1.30083	552	/work/cyu/stickleback_nuclear_only.fa	1
mrpl35	SC	0.00133351	0.00102005	1.3073	552	/work/cyu/stickleback_nuclear_only.fa	1
mrpl35	LB	0.00060998	0.000977083	0.624286	552	/work/cyu/stickleback_nuclear_only.fa	1
mrpl35	CH	0.00111193	0.000971043	1.14509	552	/work/cyu/stickleback_nuclear_only.fa	1
mrpl35	LG	0.00129983	0.000726467	1.78924	552	/work/cyu/stickleback_nuclear_only.fa	1
mrpl35	SR	0.000252409	0.000868777	0.290534	552	/work/cyu/stickleback_nuclear_only.fa	1
mrpl35	SL	0.00037821	0.000379722	0.996018	552	/work/cyu/stickleback_nuclear_only.fa	1
mrpl35	TL	0.000982966	0.000864098	1.13756	552	/work/cyu/stickleback_nuclear_only.fa	1
mrpl35	WB	0.000688912	0.00105388	0.65369	552	/work/cyu/stickleback_nuclear_only.fa	1
mrpl35	WT	0.000568979	0.000589373	0.965396	552	/work/cyu/stickleback_nuclear_only.fa	1
mrpl35	WK	0.00108253	0.000934348	1.15859	552	/work/cyu/stickleback_nuclear_only.fa	1
mrpl35	SWA	0.000857581	0.000710346	1.20727	552	/work/cyu/stickleback_nuclear_only.fa	1
mrpl37	THE	0.00143028	0.000427979	3.34194	1278	/work/cyu/stickleback_nuclear_only.fa	1
mrpl37	JOE	0.000660315	0.000267888	2.46489	1278	/work/cyu/stickleback_nuclear_only.fa	1
mrpl37	BEA	0.000519638	5.06686e-05	10.2556	1278	/work/cyu/stickleback_nuclear_only.fa	1
mrpl37	MUC	0.00109733	2.66408e-05	41.1899	1278	/work/cyu/stickleback_nuclear_only.fa	1
mrpl37	PYE	0.00152733	0.000123175	12.3997	1278	/work/cyu/stickleback_nuclear_only.fa	1
mrpl37	AMO	0.00175232	0.000366518	4.781	1278	/work/cyu/stickleback_nuclear_only.fa	1
mrpl37	SAY	0.00248665	0.000400643	6.20664	1278	/work/cyu/stickleback_nuclear_only.fa	1
mrpl37	GOS	0.000766482	9.64789e-05	7.94455	1278	/work/cyu/stickleback_nuclear_only.fa	1
mrpl37	ROB	0.00179806	0.000312951	5.7455	1278	/work/cyu/stickleback_nuclear_only.fa	1
mrpl37	FG	0.00180602	0.000464099	3.89145	1278	/work/cyu/stickleback_nuclear_only.fa	1
mrpl37	BOOT	0.00139324	0.000653675	2.13139	1278	/work/cyu/stickleback_nuclear_only.fa	1
mrpl37	ECHO	0.000506898	7.50326e-05	6.75571	1278	/work/cyu/stickleback_nuclear_only.fa	1
mrpl37	FRED	0.00141708	0.000492811	2.8755	1278	/work/cyu/stickleback_nuclear_only.fa	1
mrpl37	LAW	0.0019	0.000910073	2.08774	1278	/work/cyu/stickleback_nuclear_only.fa	1
mrpl37	PACH	0.00127047	0.000358742	3.54145	1278	/work/cyu/stickleback_nuclear_only.fa	1
mrpl37	RS	0.00289596	0.000659453	4.39146	1278	/work/cyu/stickleback_nuclear_only.fa	1
mrpl37	SC	0.00243268	0.000183743	13.2396	1278	/work/cyu/stickleback_nuclear_only.fa	1
mrpl37	LB	0.0020238	0.000116475	17.3754	1278	/work/cyu/stickleback_nuclear_only.fa	1
mrpl37	CH	0.00242027	0.000332881	7.27068	1278	/work/cyu/stickleback_nuclear_only.fa	1
mrpl37	LG	0.00198429	0.000163428	12.1417	1278	/work/cyu/stickleback_nuclear_only.fa	1
mrpl37	SR	0.00131603	6.78334e-05	19.401	1278	/work/cyu/stickleback_nuclear_only.fa	1
mrpl37	SL	0.00208723	0.000445739	4.68264	1278	/work/cyu/stickleback_nuclear_only.fa	1
mrpl37	TL	0.0024724	0.000789105	3.13317	1278	/work/cyu/stickleback_nuclear_only.fa	1
mrpl37	WB	0.00196401	0.000587354	3.34382	1278	/work/cyu/stickleback_nuclear_only.fa	1
mrpl37	WT	0.00149764	0.000181316	8.25985	1278	/work/cyu/stickleback_nuclear_only.fa	1
mrpl37	WK	0.00241419	0.000118084	20.4448	1278	/work/cyu/stickleback_nuclear_only.fa	1
mrpl37	SWA	0.000970515	0.000393438	2.46676	1278	/work/cyu/stickleback_nuclear_only.fa	1
mrpl38	THE	0.00329844	0.00200073	1.64862	536	/work/cyu/stickleback_nuclear_only.fa	1
mrpl38	JOE	0.00150244	0.000578335	2.59788	537	/work/cyu/stickleback_nuclear_only.fa	1
mrpl38	BEA	0.00256356	0.00122025	2.10085	537	/work/cyu/stickleback_nuclear_only.fa	1
mrpl38	MUC	0.00127973	0.000207988	6.15293	537	/work/cyu/stickleback_nuclear_only.fa	1
mrpl38	PYE	0.00246982	0.00192973	1.27988	536	/work/cyu/stickleback_nuclear_only.fa	1
mrpl38	AMO	0.00203569	0.00119061	1.70978	537	/work/cyu/stickleback_nuclear_only.fa	1
mrpl38	SAY	0.00434488	0.00150244	2.89189	537	/work/cyu/stickleback_nuclear_only.fa	1
mrpl38	GOS	0.00139385	0.00111668	1.2482	537	/work/cyu/stickleback_nuclear_only.fa	1
mrpl38	ROB	0.00317094	0.000987505	3.21106	537	/work/cyu/stickleback_nuclear_only.fa	1
mrpl38	FG	0.000908993	0.00134167	0.677506	536	/work/cyu/stickleback_nuclear_only.fa	1
mrpl38	BOOT	0.00089946	0.000629043	1.42989	534	/work/cyu/stickleback_nuclear_only.fa	1
mrpl38	ECHO	0.000485479	0	NA	536	/work/cyu/stickleback_nuclear_only.fa	1
mrpl38	FRED	0.000948216	4.59972e-05	20.6146	536	/work/cyu/stickleback_nuclear_only.fa	1
mrpl38	LAW	0.00317148	0.00190734	1.66278	536	/work/cyu/stickleback_nuclear_only.fa	1
mrpl38	PACH	0.00240746	0.00107762	2.23405	536	/work/cyu/stickleback_nuclear_only.fa	1
mrpl38	RS	0.00286305	0.00213631	1.34018	537	/work/cyu/stickleback_nuclear_only.fa	1
mrpl38	SC	0.00289219	0.00310044	0.93283	537	/work/cyu/stickleback_nuclear_only.fa	1
mrpl38	LB	0.00221033	0.00187755	1.17724	536	/work/cyu/stickleback_nuclear_only.fa	1
mrpl38	CH	0.00263102	0.00291621	0.902203	536	/work/cyu/stickleback_nuclear_only.fa	1
mrpl38	LG	0.000820891	0.00048833	1.68102	537	/work/cyu/stickleback_nuclear_only.fa	1
mrpl38	SR	0.00136323	0.00143702	0.948651	537	/work/cyu/stickleback_nuclear_only.fa	1
mrpl38	SL	0.000295154	0.000309848	0.952578	536	/work/cyu/stickleback_nuclear_only.fa	1
mrpl38	TL	0.000579521	0.00126721	0.457319	537	/work/cyu/stickleback_nuclear_only.fa	1
mrpl38	WB	0.00167163	0.00179892	0.92924	537	/work/cyu/stickleback_nuclear_only.fa	1
mrpl38	WT	0.00263978	0.00110318	2.39288	537	/work/cyu/stickleback_nuclear_only.fa	1
mrpl38	WK	0.000735839	0.000274266	2.68294	537	/work/cyu/stickleback_nuclear_only.fa	1
mrpl38	SWA	0.00151485	5.009e-05	30.2426	536	/work/cyu/stickleback_nuclear_only.fa	1
mrpl39	THE	0.000719901	0.000124871	5.76517	918	/work/cyu/stickleback_nuclear_only.fa	1
mrpl39	JOE	0.000805575	9.15698e-05	8.79739	918	/work/cyu/stickleback_nuclear_only.fa	1
mrpl39	BEA	0.000609473	5.06932e-05	12.0228	918	/work/cyu/stickleback_nuclear_only.fa	1
mrpl39	MUC	0.000825839	0.00015017	5.49935	918	/work/cyu/stickleback_nuclear_only.fa	1
mrpl39	PYE	0.000834243	7.25344e-05	11.5013	918	/work/cyu/stickleback_nuclear_only.fa	1
mrpl39	AMO	0.000960536	0.000333398	2.88105	918	/work/cyu/stickleback_nuclear_only.fa	1
mrpl39	SAY	0.0017861	0.000222412	8.0306	918	/work/cyu/stickleback_nuclear_only.fa	1
mrpl39	GOS	0.00111268	0.000106953	10.4034	918	/work/cyu/stickleback_nuclear_only.fa	1
mrpl39	ROB	0.00124865	0.000209964	5.94699	918	/work/cyu/stickleback_nuclear_only.fa	1
mrpl39	FG	0.00111714	0.000284585	3.92551	918	/work/cyu/stickleback_nuclear_only.fa	1
mrpl39	BOOT	0.000929795	0.000128223	7.25137	918	/work/cyu/stickleback_nuclear_only.fa	1
mrpl39	ECHO	0.00127712	1.94815e-05	65.5555	918	/work/cyu/stickleback_nuclear_only.fa	1
mrpl39	FRED	0.00125031	0.000354834	3.52364	918	/work/cyu/stickleback_nuclear_only.fa	1
mrpl39	LAW	0.00135218	0.000651768	2.07463	918	/work/cyu/stickleback_nuclear_only.fa	1
mrpl39	PACH	0.000695299	4.47195e-05	15.548	918	/work/cyu/stickleback_nuclear_only.fa	1
mrpl39	RS	0.00187667	0.000540123	3.47453	918	/work/cyu/stickleback_nuclear_only.fa	1
mrpl39	SC	0.00155364	0.00027724	5.60393	918	/work/cyu/stickleback_nuclear_only.fa	1
mrpl39	LB	0.000915208	0.000501458	1.82509	918	/work/cyu/stickleback_nuclear_only.fa	1
mrpl39	CH	0.00146998	0.00015905	9.24224	918	/work/cyu/stickleback_nuclear_only.fa	1
mrpl39	LG	0.00152734	0.000221883	6.88355	918	/work/cyu/stickleback_nuclear_only.fa	1
mrpl39	SR	0.000969319	0.000111514	8.69236	918	/work/cyu/stickleback_nuclear_only.fa	1
mrpl39	SL	0.00116949	0.000134514	8.69416	918	/work/cyu/stickleback_nuclear_only.fa	1
mrpl39	TL	0.00123561	6.57181e-05	18.8017	918	/work/cyu/stickleback_nuclear_only.fa	1
mrpl39	WB	0.000778072	0.000217148	3.58315	918	/work/cyu/stickleback_nuclear_only.fa	1
mrpl39	WT	0.001477	0.000113244	13.0426	918	/work/cyu/stickleback_nuclear_only.fa	1
mrpl39	WK	0.0010751	4.46832e-05	24.0604	918	/work/cyu/stickleback_nuclear_only.fa	1
mrpl39	SWA	0.00146496	0.00034521	4.24367	918	/work/cyu/stickleback_nuclear_only.fa	1
mrpl4	THE	0.000304103	0.000483894	0.628449	900	/work/cyu/stickleback_nuclear_only.fa	1
mrpl4	JOE	0.000497228	0.000982449	0.506111	900	/work/cyu/stickleback_nuclear_only.fa	1
mrpl4	BEA	0.000374967	0.000915669	0.4095	900	/work/cyu/stickleback_nuclear_only.fa	1
mrpl4	MUC	0.000345651	9.75684e-05	3.54266	900	/work/cyu/stickleback_nuclear_only.fa	1
mrpl4	PYE	0.000466261	0.00109138	0.427221	900	/work/cyu/stickleback_nuclear_only.fa	1
mrpl4	AMO	0.000696183	0.000783326	0.888753	900	/work/cyu/stickleback_nuclear_only.fa	1
mrpl4	SAY	0.000618332	0.000924489	0.668837	900	/work/cyu/stickleback_nuclear_only.fa	1
mrpl4	GOS	0.000414952	0.000952247	0.435761	900	/work/cyu/stickleback_nuclear_only.fa	1
mrpl4	ROB	0.000977054	0.00117262	0.833221	900	/work/cyu/stickleback_nuclear_only.fa	1
mrpl4	FG	0.000378688	0.00152994	0.247518	900	/work/cyu/stickleback_nuclear_only.fa	1
mrpl4	BOOT	0.000306831	0.000755274	0.406251	900	/work/cyu/stickleback_nuclear_only.fa	1
mrpl4	ECHO	0.000223322	0.000324745	0.687684	900	/work/cyu/stickleback_nuclear_only.fa	1
mrpl4	FRED	0.000209775	0.000221891	0.9454	900	/work/cyu/stickleback_nuclear_only.fa	1
mrpl4	LAW	0.000303006	0.000828232	0.365847	900	/work/cyu/stickleback_nuclear_only.fa	1
mrpl4	PACH	0.000179691	0.000712263	0.252282	900	/work/cyu/stickleback_nuclear_only.fa	1
mrpl4	RS	0.0012892	0.0010018	1.28688	900	/work/cyu/stickleback_nuclear_only.fa	1
mrpl4	SC	0.000803015	0.000583929	1.37519	900	/work/cyu/stickleback_nuclear_only.fa	1
mrpl4	LB	0.000700285	0.00111891	0.625863	900	/work/cyu/stickleback_nuclear_only.fa	1
mrpl4	CH	0.000383577	0.00121673	0.315251	900	/work/cyu/stickleback_nuclear_only.fa	1
mrpl4	LG	0.00030728	0.00133013	0.231015	900	/work/cyu/stickleback_nuclear_only.fa	1
mrpl4	SR	0.000738559	0.00102419	0.721112	900	/work/cyu/stickleback_nuclear_only.fa	1
mrpl4	SL	0.000468133	0.000785845	0.595706	900	/work/cyu/stickleback_nuclear_only.fa	1
mrpl4	TL	0.000860407	0.000702108	1.22546	900	/work/cyu/stickleback_nuclear_only.fa	1
mrpl4	WB	0.000365689	0.000482525	0.757865	900	/work/cyu/stickleback_nuclear_only.fa	1
mrpl4	WT	0.000447105	0.00100292	0.445804	900	/work/cyu/stickleback_nuclear_only.fa	1
mrpl4	WK	0.000766831	0.000627686	1.22168	900	/work/cyu/stickleback_nuclear_only.fa	1
mrpl4	SWA	0.000262709	0.000115057	2.28329	900	/work/cyu/stickleback_nuclear_only.fa	1
mrpl41	THE	0.000500541	0.000914491	0.547343	405	/work/cyu/stickleback_nuclear_only.fa	1
mrpl41	JOE	0.00164682	0.00146446	1.12452	405	/work/cyu/stickleback_nuclear_only.fa	1
mrpl41	BEA	0.000204076	0.00018946	1.07714	405	/work/cyu/stickleback_nuclear_only.fa	1
mrpl41	MUC	0.000160109	0.00045924	0.34864	405	/work/cyu/stickleback_nuclear_only.fa	1
mrpl41	PYE	0.00182492	0.000979085	1.8639	405	/work/cyu/stickleback_nuclear_only.fa	1
mrpl41	AMO	0.000837262	0.00146027	0.573359	405	/work/cyu/stickleback_nuclear_only.fa	1
mrpl41	SAY	0.000657477	0.00154444	0.425705	405	/work/cyu/stickleback_nuclear_only.fa	1
mrpl41	GOS	0.00120473	0.00126819	0.949958	405	/work/cyu/stickleback_nuclear_only.fa	1
mrpl41	ROB	0.000391292	0.00144863	0.270112	405	/work/cyu/stickleback_nuclear_only.fa	1
mrpl41	FG	0.000161307	0.00113223	0.142468	405	/work/cyu/stickleback_nuclear_only.fa	1
mrpl41	BOOT	5.30817e-05	0.00125338	0.0423509	405	/work/cyu/stickleback_nuclear_only.fa	1
mrpl41	ECHO	0.000201713	0.00127222	0.158552	405	/work/cyu/stickleback_nuclear_only.fa	1
mrpl41	FRED	0.000178995	0.000226478	0.79034	405	/work/cyu/stickleback_nuclear_only.fa	1
mrpl41	LAW	0.000174255	0.00152722	0.1141	405	/work/cyu/stickleback_nuclear_only.fa	1
mrpl41	PACH	0.000526246	5.79606e-05	9.07937	405	/work/cyu/stickleback_nuclear_only.fa	1
mrpl41	RS	0.00103643	0.00173704	0.596665	405	/work/cyu/stickleback_nuclear_only.fa	1
mrpl41	SC	0.000446565	0.00151781	0.294217	405	/work/cyu/stickleback_nuclear_only.fa	1
mrpl41	LB	0.000179393	0.00205356	0.087357	405	/work/cyu/stickleback_nuclear_only.fa	1
mrpl41	CH	0.000256718	0.00175772	0.146052	405	/work/cyu/stickleback_nuclear_only.fa	1
mrpl41	LG	0.000560369	0.00178145	0.314559	405	/work/cyu/stickleback_nuclear_only.fa	1
mrpl41	SR	0.00012402	0.000532749	0.232793	405	/work/cyu/stickleback_nuclear_only.fa	1
mrpl41	SL	0.000240128	0.00141284	0.169961	405	/work/cyu/stickleback_nuclear_only.fa	1
mrpl41	TL	0.000387756	0.000453709	0.854635	405	/work/cyu/stickleback_nuclear_only.fa	1
mrpl41	WB	4.59601e-05	0.00115	0.0399652	405	/work/cyu/stickleback_nuclear_only.fa	1
mrpl41	WT	0.000241363	0.00179918	0.134151	405	/work/cyu/stickleback_nuclear_only.fa	1
mrpl41	WK	0.000189425	0.0015882	0.119271	405	/work/cyu/stickleback_nuclear_only.fa	1
mrpl41	SWA	0.000249008	3.91535e-05	6.35979	405	/work/cyu/stickleback_nuclear_only.fa	1
mrpl42	THE	0.000164395	0.00182503	0.0900781	288	/work/cyu/stickleback_nuclear_only.fa	1
mrpl42	JOE	0.000379887	0.000172404	2.20347	288	/work/cyu/stickleback_nuclear_only.fa	1
mrpl42	BEA	5.22967e-05	0	NA	288	/work/cyu/stickleback_nuclear_only.fa	1
mrpl42	MUC	0.00012773	6.48539e-05	1.9695	288	/work/cyu/stickleback_nuclear_only.fa	1
mrpl42	PYE	6.60341e-05	0.000112411	0.587436	288	/work/cyu/stickleback_nuclear_only.fa	1
mrpl42	AMO	0.000219463	0.00182521	0.12024	288	/work/cyu/stickleback_nuclear_only.fa	1
mrpl42	SAY	7.50378e-05	0.000143789	0.521859	288	/work/cyu/stickleback_nuclear_only.fa	1
mrpl42	GOS	0.000345961	0	NA	288	/work/cyu/stickleback_nuclear_only.fa	1
mrpl42	ROB	0	0.000441777	0	288	/work/cyu/stickleback_nuclear_only.fa	1
mrpl42	FG	6.2226e-05	5.95672e-05	1.04464	288	/work/cyu/stickleback_nuclear_only.fa	1
mrpl42	BOOT	0	8.55668e-05	0	288	/work/cyu/stickleback_nuclear_only.fa	1
mrpl42	ECHO	0.000143141	0	NA	288	/work/cyu/stickleback_nuclear_only.fa	1
mrpl42	FRED	0.000107985	0.000111412	0.969246	288	/work/cyu/stickleback_nuclear_only.fa	1
mrpl42	LAW	0.000838797	6.81249e-05	12.3126	288	/work/cyu/stickleback_nuclear_only.fa	1
mrpl42	PACH	5.84174e-05	0.000124396	0.469609	288	/work/cyu/stickleback_nuclear_only.fa	1
mrpl42	RS	0.000781665	0.000473104	1.65221	288	/work/cyu/stickleback_nuclear_only.fa	1
mrpl42	SC	0.000377084	0.000578908	0.651371	288	/work/cyu/stickleback_nuclear_only.fa	1
mrpl42	LB	0.000356123	0.000107662	3.30777	288	/work/cyu/stickleback_nuclear_only.fa	1
mrpl42	CH	0.000178292	0.00029913	0.596034	288	/work/cyu/stickleback_nuclear_only.fa	1
mrpl42	LG	0.000288952	0	NA	288	/work/cyu/stickleback_nuclear_only.fa	1
mrpl42	SR	0.00025104	6.77758e-05	3.70397	288	/work/cyu/stickleback_nuclear_only.fa	1
mrpl42	SL	0.000198559	0.000123892	1.60268	288	/work/cyu/stickleback_nuclear_only.fa	1
mrpl42	TL	6.54802e-05	0	NA	288	/work/cyu/stickleback_nuclear_only.fa	1
mrpl42	WB	0.000582656	0	NA	288	/work/cyu/stickleback_nuclear_only.fa	1
mrpl42	WT	0.000123727	6.28992e-05	1.96707	288	/work/cyu/stickleback_nuclear_only.fa	1
mrpl42	WK	5.96511e-05	6.01652e-05	0.991454	288	/work/cyu/stickleback_nuclear_only.fa	1
mrpl42	SWA	0.000132226	0.00180577	0.073224	288	/work/cyu/stickleback_nuclear_only.fa	1
mrpl43	THE	0.000234837	0.000831157	0.282542	462	/work/cyu/stickleback_nuclear_only.fa	1
mrpl43	JOE	0.000250451	0.00106615	0.234912	462	/work/cyu/stickleback_nuclear_only.fa	1
mrpl43	BEA	0.000358809	0.000919976	0.39002	462	/work/cyu/stickleback_nuclear_only.fa	1
mrpl43	MUC	0.000229613	3.63862e-05	6.31045	462	/work/cyu/stickleback_nuclear_only.fa	1
mrpl43	PYE	0.00031341	0.000790807	0.396316	462	/work/cyu/stickleback_nuclear_only.fa	1
mrpl43	AMO	0.000732742	0.000757429	0.967407	462	/work/cyu/stickleback_nuclear_only.fa	1
mrpl43	SAY	0.00043765	0.000314636	1.39097	462	/work/cyu/stickleback_nuclear_only.fa	1
mrpl43	GOS	0.000199675	0.000533493	0.374279	462	/work/cyu/stickleback_nuclear_only.fa	1
mrpl43	ROB	0.000343592	0	NA	462	/work/cyu/stickleback_nuclear_only.fa	1
mrpl43	FG	0.000111078	0.000105112	1.05675	462	/work/cyu/stickleback_nuclear_only.fa	1
mrpl43	BOOT	0.000239949	5.8317e-05	4.11456	462	/work/cyu/stickleback_nuclear_only.fa	1
mrpl43	ECHO	0	0.000102058	0	462	/work/cyu/stickleback_nuclear_only.fa	1
mrpl43	FRED	0	0.000180711	0	462	/work/cyu/stickleback_nuclear_only.fa	1
mrpl43	LAW	0.000663768	0.00075932	0.874162	462	/work/cyu/stickleback_nuclear_only.fa	1
mrpl43	PACH	0.000322288	0	NA	462	/work/cyu/stickleback_nuclear_only.fa	1
mrpl43	RS	0.00117364	0.00104936	1.11844	462	/work/cyu/stickleback_nuclear_only.fa	1
mrpl43	SC	0.000552168	0.000360016	1.53373	462	/work/cyu/stickleback_nuclear_only.fa	1
mrpl43	LB	0.000416324	0.000194675	2.13856	462	/work/cyu/stickleback_nuclear_only.fa	1
mrpl43	CH	0.000509751	0.00113375	0.449614	462	/work/cyu/stickleback_nuclear_only.fa	1
mrpl43	LG	0.000448937	0.00120879	0.371392	462	/work/cyu/stickleback_nuclear_only.fa	1
mrpl43	SR	0.000691487	0.00122442	0.564749	462	/work/cyu/stickleback_nuclear_only.fa	1
mrpl43	SL	0.000136009	0.00145065	0.0937569	462	/work/cyu/stickleback_nuclear_only.fa	1
mrpl43	TL	0.000216403	2.64718e-05	8.17488	462	/work/cyu/stickleback_nuclear_only.fa	1
mrpl43	WB	0.00010171	0	NA	462	/work/cyu/stickleback_nuclear_only.fa	1
mrpl43	WT	6.5209e-05	0.000555829	0.117319	462	/work/cyu/stickleback_nuclear_only.fa	1
mrpl43	WK	0.00103916	0.000921993	1.12708	462	/work/cyu/stickleback_nuclear_only.fa	1
mrpl43	SWA	0.000502999	0.00183873	0.273558	462	/work/cyu/stickleback_nuclear_only.fa	1
mrpl44	THE	0.00154133	0.000233957	6.5881	993	/work/cyu/stickleback_nuclear_only.fa	1
mrpl44	JOE	0.000974215	0.000267051	3.64805	993	/work/cyu/stickleback_nuclear_only.fa	1
mrpl44	BEA	0.000295191	0.000106833	2.7631	993	/work/cyu/stickleback_nuclear_only.fa	1
mrpl44	MUC	0.00148618	0.00093776	1.58482	993	/work/cyu/stickleback_nuclear_only.fa	1
mrpl44	PYE	0.000929105	0.000497134	1.86892	993	/work/cyu/stickleback_nuclear_only.fa	1
mrpl44	AMO	0.00098085	0.00117995	0.831262	993	/work/cyu/stickleback_nuclear_only.fa	1
mrpl44	SAY	0.00148225	0.000692055	2.14182	993	/work/cyu/stickleback_nuclear_only.fa	1
mrpl44	GOS	0.000352448	0.00045245	0.778978	993	/work/cyu/stickleback_nuclear_only.fa	1
mrpl44	ROB	0.00148767	0.000742298	2.00415	993	/work/cyu/stickleback_nuclear_only.fa	1
mrpl44	FG	0.000761576	0.000673162	1.13134	993	/work/cyu/stickleback_nuclear_only.fa	1
mrpl44	BOOT	0.000292748	0	NA	993	/work/cyu/stickleback_nuclear_only.fa	1
mrpl44	ECHO	0.000318632	0.00018693	1.70456	993	/work/cyu/stickleback_nuclear_only.fa	1
mrpl44	FRED	0.000675665	0.000170254	3.96857	993	/work/cyu/stickleback_nuclear_only.fa	1
mrpl44	LAW	0.000835111	0.000238809	3.49698	993	/work/cyu/stickleback_nuclear_only.fa	1
mrpl44	PACH	0.00101703	0.000952957	1.06724	993	/work/cyu/stickleback_nuclear_only.fa	1
mrpl44	RS	0.0019198	0.0013059	1.47009	993	/work/cyu/stickleback_nuclear_only.fa	1
mrpl44	SC	0.00108361	0.000987753	1.09705	993	/work/cyu/stickleback_nuclear_only.fa	1
mrpl44	LB	0.000897157	0.000778363	1.15262	993	/work/cyu/stickleback_nuclear_only.fa	1
mrpl44	CH	0.00139835	0.000587478	2.38026	993	/work/cyu/stickleback_nuclear_only.fa	1
mrpl44	LG	0.00145243	0.00110381	1.31583	993	/work/cyu/stickleback_nuclear_only.fa	1
mrpl44	SR	0.0017387	0.00139188	1.24918	993	/work/cyu/stickleback_nuclear_only.fa	1
mrpl44	SL	0.00122304	0.00105738	1.15667	993	/work/cyu/stickleback_nuclear_only.fa	1
mrpl44	TL	0.000418507	0.000673648	0.621254	993	/work/cyu/stickleback_nuclear_only.fa	1
mrpl44	WB	0.000755601	0.000722376	1.04599	993	/work/cyu/stickleback_nuclear_only.fa	1
mrpl44	WT	0.00139207	0.000384503	3.62042	993	/work/cyu/stickleback_nuclear_only.fa	1
mrpl44	WK	0.000321082	0.000289195	1.11026	993	/work/cyu/stickleback_nuclear_only.fa	1
mrpl44	SWA	0.000876002	0.000269983	3.24466	993	/work/cyu/stickleback_nuclear_only.fa	1
mrpl45	THE	0.00119563	0.000810002	1.47608	939	/work/cyu/stickleback_nuclear_only.fa	1
mrpl45	JOE	0.00136224	0.000351133	3.87957	939	/work/cyu/stickleback_nuclear_only.fa	1
mrpl45	BEA	0.000672577	0.000667177	1.00809	939	/work/cyu/stickleback_nuclear_only.fa	1
mrpl45	MUC	0.000370192	0.000244242	1.51567	939	/work/cyu/stickleback_nuclear_only.fa	1
mrpl45	PYE	0.00179353	0.00115576	1.55182	939	/work/cyu/stickleback_nuclear_only.fa	1
mrpl45	AMO	0.00210823	0.00178847	1.17879	939	/work/cyu/stickleback_nuclear_only.fa	1
mrpl45	SAY	0.00206962	0.000726162	2.85008	939	/work/cyu/stickleback_nuclear_only.fa	1
mrpl45	GOS	0.000915857	0.000824116	1.11132	939	/work/cyu/stickleback_nuclear_only.fa	1
mrpl45	ROB	0.00118231	0.000691133	1.71068	939	/work/cyu/stickleback_nuclear_only.fa	1
mrpl45	FG	0.00110852	0.000580118	1.91084	939	/work/cyu/stickleback_nuclear_only.fa	1
mrpl45	BOOT	0.000674752	0.000537354	1.2557	939	/work/cyu/stickleback_nuclear_only.fa	1
mrpl45	ECHO	0.000197309	0.000252351	0.781881	939	/work/cyu/stickleback_nuclear_only.fa	1
mrpl45	FRED	0.000685286	0.000144092	4.75589	939	/work/cyu/stickleback_nuclear_only.fa	1
mrpl45	LAW	0.0015715	0.00133239	1.17946	939	/work/cyu/stickleback_nuclear_only.fa	1
mrpl45	PACH	0.000625292	0.000142114	4.39994	939	/work/cyu/stickleback_nuclear_only.fa	1
mrpl45	RS	0.00217582	0.00146421	1.486	939	/work/cyu/stickleback_nuclear_only.fa	1
mrpl45	SC	0.0012635	0.000505545	2.49928	939	/work/cyu/stickleback_nuclear_only.fa	1
mrpl45	LB	0.00156182	0.00030563	5.11019	939	/work/cyu/stickleback_nuclear_only.fa	1
mrpl45	CH	0.00177044	0.000980967	1.80479	939	/work/cyu/stickleback_nuclear_only.fa	1
mrpl45	LG	0.00138348	0.000836927	1.65305	939	/work/cyu/stickleback_nuclear_only.fa	1
mrpl45	SR	0.00132913	0.000330058	4.02695	939	/work/cyu/stickleback_nuclear_only.fa	1
mrpl45	SL	0.000725469	0.000800528	0.906238	939	/work/cyu/stickleback_nuclear_only.fa	1
mrpl45	TL	0.000206425	0.000119784	1.7233	939	/work/cyu/stickleback_nuclear_only.fa	1
mrpl45	WB	0.00159757	0.00106801	1.49584	939	/work/cyu/stickleback_nuclear_only.fa	1
mrpl45	WT	0.00165751	0.000945223	1.75357	939	/work/cyu/stickleback_nuclear_only.fa	1
mrpl45	WK	0.00157796	0.000603907	2.61292	939	/work/cyu/stickleback_nuclear_only.fa	1
mrpl45	SWA	0.000217917	0.000132295	1.64721	939	/work/cyu/stickleback_nuclear_only.fa	1
mrpl46	THE	0.00255341	0.0011747	2.17367	828	/work/cyu/stickleback_nuclear_only.fa	1
mrpl46	JOE	0.00173851	0.000147856	11.7581	828	/work/cyu/stickleback_nuclear_only.fa	1
mrpl46	BEA	0.0020535	4.93866e-05	41.5801	828	/work/cyu/stickleback_nuclear_only.fa	1
mrpl46	MUC	0.000533997	0.000101463	5.26299	828	/work/cyu/stickleback_nuclear_only.fa	1
mrpl46	PYE	0.00224307	0.000728959	3.07708	828	/work/cyu/stickleback_nuclear_only.fa	1
mrpl46	AMO	0.0022174	0.000244163	9.08167	828	/work/cyu/stickleback_nuclear_only.fa	1
mrpl46	SAY	0.00260718	0.000380531	6.85143	828	/work/cyu/stickleback_nuclear_only.fa	1
mrpl46	GOS	0.00125964	0.000338786	3.71811	828	/work/cyu/stickleback_nuclear_only.fa	1
mrpl46	ROB	0.00269624	0.000392881	6.86272	828	/work/cyu/stickleback_nuclear_only.fa	1
mrpl46	FG	0.00166641	0.000483835	3.44417	828	/work/cyu/stickleback_nuclear_only.fa	1
mrpl46	BOOT	0.00175021	0.000698319	2.50632	828	/work/cyu/stickleback_nuclear_only.fa	1
mrpl46	ECHO	0.00138522	0.000439645	3.15077	828	/work/cyu/stickleback_nuclear_only.fa	1
mrpl46	FRED	0.00118044	0.000366167	3.22377	828	/work/cyu/stickleback_nuclear_only.fa	1
mrpl46	LAW	0.00236191	0.00123193	1.91724	828	/work/cyu/stickleback_nuclear_only.fa	1
mrpl46	PACH	0.000291499	0.00055066	0.529363	828	/work/cyu/stickleback_nuclear_only.fa	1
mrpl46	RS	0.00341873	0.000956756	3.57325	828	/work/cyu/stickleback_nuclear_only.fa	1
mrpl46	SC	0.00273203	0.000875416	3.12083	828	/work/cyu/stickleback_nuclear_only.fa	1
mrpl46	LB	0.00212472	0.000874312	2.43017	828	/work/cyu/stickleback_nuclear_only.fa	1
mrpl46	CH	0.0023022	0.000526301	4.3743	828	/work/cyu/stickleback_nuclear_only.fa	1
mrpl46	LG	0.00209017	0.000943892	2.21442	828	/work/cyu/stickleback_nuclear_only.fa	1
mrpl46	SR	0.00167642	0.000818674	2.04773	828	/work/cyu/stickleback_nuclear_only.fa	1
mrpl46	SL	0.0020932	0.000635709	3.2927	828	/work/cyu/stickleback_nuclear_only.fa	1
mrpl46	TL	0.00176477	0.000554461	3.18286	828	/work/cyu/stickleback_nuclear_only.fa	1
mrpl46	WB	0.00288102	0.000207916	13.8566	828	/work/cyu/stickleback_nuclear_only.fa	1
mrpl46	WT	0.00211159	0.000687521	3.07131	828	/work/cyu/stickleback_nuclear_only.fa	1
mrpl46	WK	0.001969	0.000802142	2.45468	828	/work/cyu/stickleback_nuclear_only.fa	1
mrpl46	SWA	0.00154902	0.000638273	2.42689	828	/work/cyu/stickleback_nuclear_only.fa	1
mrpl47	THE	0.00305447	0.00077558	3.9383	702	/work/cyu/stickleback_nuclear_only.fa	1
mrpl47	JOE	0.00170206	0.000669323	2.54295	702	/work/cyu/stickleback_nuclear_only.fa	1
mrpl47	BEA	0.00320942	2.08332e-05	154.053	702	/work/cyu/stickleback_nuclear_only.fa	1
mrpl47	MUC	0.00117744	0.000652411	1.80476	702	/work/cyu/stickleback_nuclear_only.fa	1
mrpl47	PYE	0.00483808	0.000779732	6.2048	702	/work/cyu/stickleback_nuclear_only.fa	1
mrpl47	AMO	0.005042	0.000357542	14.1018	702	/work/cyu/stickleback_nuclear_only.fa	1
mrpl47	SAY	0.00586398	0.000841144	6.97143	702	/work/cyu/stickleback_nuclear_only.fa	1
mrpl47	GOS	0.00346826	6.80309e-05	50.9807	702	/work/cyu/stickleback_nuclear_only.fa	1
mrpl47	ROB	0.00544867	0.000778008	7.00336	702	/work/cyu/stickleback_nuclear_only.fa	1
mrpl47	FG	0.00401353	0.000796532	5.03876	702	/work/cyu/stickleback_nuclear_only.fa	1
mrpl47	BOOT	0.00419382	0.000110553	37.9348	702	/work/cyu/stickleback_nuclear_only.fa	1
mrpl47	ECHO	0.0033526	7.69779e-05	43.5528	702	/work/cyu/stickleback_nuclear_only.fa	1
mrpl47	FRED	0.00139271	0.000343924	4.04948	702	/work/cyu/stickleback_nuclear_only.fa	1
mrpl47	LAW	0.00434279	0.000327798	13.2484	702	/work/cyu/stickleback_nuclear_only.fa	1
mrpl47	PACH	0.000399681	2.93452e-05	13.62	702	/work/cyu/stickleback_nuclear_only.fa	1
mrpl47	RS	0.00543143	0.000944298	5.75182	702	/work/cyu/stickleback_nuclear_only.fa	1
mrpl47	SC	0.00434465	0.000606822	7.15967	702	/work/cyu/stickleback_nuclear_only.fa	1
mrpl47	LB	0.00432649	0.000868945	4.97901	702	/work/cyu/stickleback_nuclear_only.fa	1
mrpl47	CH	0.00495985	0.000761036	6.51723	702	/work/cyu/stickleback_nuclear_only.fa	1
mrpl47	LG	0.00485411	0.000797938	6.08332	702	/work/cyu/stickleback_nuclear_only.fa	1
mrpl47	SR	0.0045185	0.000702505	6.43199	702	/work/cyu/stickleback_nuclear_only.fa	1
mrpl47	SL	0.00490619	0.000778266	6.304	702	/work/cyu/stickleback_nuclear_only.fa	1
mrpl47	TL	0.00136528	0.000147793	9.23775	702	/work/cyu/stickleback_nuclear_only.fa	1
mrpl47	WB	0.00523483	0.000821437	6.37277	702	/work/cyu/stickleback_nuclear_only.fa	1
mrpl47	WT	0.00388141	0.000587866	6.60254	702	/work/cyu/stickleback_nuclear_only.fa	1
mrpl47	WK	0.00374616	0.000514305	7.28392	702	/work/cyu/stickleback_nuclear_only.fa	1
mrpl47	SWA	0.000884125	0.0001171	7.55019	702	/work/cyu/stickleback_nuclear_only.fa	1
mrpl48	THE	0.000684218	0.000530047	1.29086	615	/work/cyu/stickleback_nuclear_only.fa	1
mrpl48	JOE	0.000381463	0.00011232	3.39622	615	/work/cyu/stickleback_nuclear_only.fa	1
mrpl48	BEA	0.000404455	6.51505e-05	6.20802	615	/work/cyu/stickleback_nuclear_only.fa	1
mrpl48	MUC	0.00100736	0.000887842	1.13462	615	/work/cyu/stickleback_nuclear_only.fa	1
mrpl48	PYE	0.00179113	0.000175271	10.2192	615	/work/cyu/stickleback_nuclear_only.fa	1
mrpl48	AMO	0.000350247	0.000111054	3.15385	615	/work/cyu/stickleback_nuclear_only.fa	1
mrpl48	SAY	0.00147134	0.000520466	2.82696	615	/work/cyu/stickleback_nuclear_only.fa	1
mrpl48	GOS	0.000232431	0.000955183	0.243337	615	/work/cyu/stickleback_nuclear_only.fa	1
mrpl48	ROB	0.00141707	0.00102276	1.38554	615	/work/cyu/stickleback_nuclear_only.fa	1
mrpl48	FG	0.00116328	0.00033034	3.52146	615	/work/cyu/stickleback_nuclear_only.fa	1
mrpl48	BOOT	0.000261216	0.000263165	0.992596	615	/work/cyu/stickleback_nuclear_only.fa	1
mrpl48	ECHO	0.000148789	0.00116126	0.128127	615	/work/cyu/stickleback_nuclear_only.fa	1
mrpl48	FRED	0.00211744	0.000218049	9.71086	615	/work/cyu/stickleback_nuclear_only.fa	1
mrpl48	LAW	0.000287282	0.000479176	0.599533	615	/work/cyu/stickleback_nuclear_only.fa	1
mrpl48	PACH	0.00145235	0.000100284	14.4824	615	/work/cyu/stickleback_nuclear_only.fa	1
mrpl48	RS	0.00263638	0.00104687	2.51834	615	/work/cyu/stickleback_nuclear_only.fa	1
mrpl48	SC	0.00178179	0.00102492	1.73847	615	/work/cyu/stickleback_nuclear_only.fa	1
mrpl48	LB	0.00188144	0.000371089	5.07005	615	/work/cyu/stickleback_nuclear_only.fa	1
mrpl48	CH	0.00156837	0.00101664	1.54269	615	/work/cyu/stickleback_nuclear_only.fa	1
mrpl48	LG	0.00217266	0.000215392	10.087	615	/work/cyu/stickleback_nuclear_only.fa	1
mrpl48	SR	0.00238277	0.00146998	1.62095	615	/work/cyu/stickleback_nuclear_only.fa	1
mrpl48	SL	0.00146322	0.000398898	3.66816	615	/work/cyu/stickleback_nuclear_only.fa	1
mrpl48	TL	0.000129585	0.000349724	0.370535	615	/work/cyu/stickleback_nuclear_only.fa	1
mrpl48	WB	0.0018638	0.000745696	2.49941	615	/work/cyu/stickleback_nuclear_only.fa	1
mrpl48	WT	0.00233905	0.000369434	6.33144	615	/work/cyu/stickleback_nuclear_only.fa	1
mrpl48	WK	0.000853731	0.000833603	1.02415	615	/work/cyu/stickleback_nuclear_only.fa	1
mrpl48	SWA	0.000970003	0.00149098	0.650582	615	/work/cyu/stickleback_nuclear_only.fa	1
mrpl49	THE	0	0	NA	370	/work/cyu/stickleback_nuclear_only.fa	1
mrpl49	JOE	0	0	NA	279	/work/cyu/stickleback_nuclear_only.fa	1
mrpl49	BEA	0	0	NA	367	/work/cyu/stickleback_nuclear_only.fa	1
mrpl49	MUC	NA	NA	NA	0	/work/cyu/stickleback_nuclear_only.fa	1
mrpl49	PYE	0	0	NA	322	/work/cyu/stickleback_nuclear_only.fa	1
mrpl49	AMO	0	0	NA	359	/work/cyu/stickleback_nuclear_only.fa	1
mrpl49	SAY	0	0	NA	357	/work/cyu/stickleback_nuclear_only.fa	1
mrpl49	GOS	0	0	NA	185	/work/cyu/stickleback_nuclear_only.fa	1
mrpl49	ROB	0	0	NA	356	/work/cyu/stickleback_nuclear_only.fa	1
mrpl49	FG	0	0	NA	152	/work/cyu/stickleback_nuclear_only.fa	1
mrpl49	BOOT	0	0	NA	378	/work/cyu/stickleback_nuclear_only.fa	1
mrpl49	ECHO	0	0	NA	96	/work/cyu/stickleback_nuclear_only.fa	1
mrpl49	FRED	0	0	NA	30	/work/cyu/stickleback_nuclear_only.fa	1
mrpl49	LAW	0	0	NA	367	/work/cyu/stickleback_nuclear_only.fa	1
mrpl49	PACH	0	0	NA	252	/work/cyu/stickleback_nuclear_only.fa	1
mrpl49	RS	0	0	NA	380	/work/cyu/stickleback_nuclear_only.fa	1
mrpl49	SC	0	0	NA	291	/work/cyu/stickleback_nuclear_only.fa	1
mrpl49	LB	0	0	NA	169	/work/cyu/stickleback_nuclear_only.fa	1
mrpl49	CH	0	0	NA	385	/work/cyu/stickleback_nuclear_only.fa	1
mrpl49	LG	0	0	NA	259	/work/cyu/stickleback_nuclear_only.fa	1
mrpl49	SR	0	0	NA	338	/work/cyu/stickleback_nuclear_only.fa	1
mrpl49	SL	0	0	NA	327	/work/cyu/stickleback_nuclear_only.fa	1
mrpl49	TL	0	0	NA	75	/work/cyu/stickleback_nuclear_only.fa	1
mrpl49	WB	0	0	NA	367	/work/cyu/stickleback_nuclear_only.fa	1
mrpl49	WT	0	0	NA	365	/work/cyu/stickleback_nuclear_only.fa	1
mrpl49	WK	0	0	NA	270	/work/cyu/stickleback_nuclear_only.fa	1
mrpl49	SWA	NA	NA	NA	0	/work/cyu/stickleback_nuclear_only.fa	1
mrpl51	THE	0.00221327	0	NA	387	/work/cyu/stickleback_nuclear_only.fa	1
mrpl51	JOE	0.000414389	0.000256929	1.61285	387	/work/cyu/stickleback_nuclear_only.fa	1
mrpl51	BEA	0.000249926	4.01158e-05	6.23011	387	/work/cyu/stickleback_nuclear_only.fa	1
mrpl51	MUC	0.000131579	0.000150017	0.877091	387	/work/cyu/stickleback_nuclear_only.fa	1
mrpl51	PYE	0.000167292	0.00011639	1.43734	387	/work/cyu/stickleback_nuclear_only.fa	1
mrpl51	AMO	0.00242667	0.00012957	18.7287	387	/work/cyu/stickleback_nuclear_only.fa	1
mrpl51	SAY	0.00194341	0	NA	387	/work/cyu/stickleback_nuclear_only.fa	1
mrpl51	GOS	0.000307467	0	NA	387	/work/cyu/stickleback_nuclear_only.fa	1
mrpl51	ROB	0.00264729	0.000134354	19.7038	387	/work/cyu/stickleback_nuclear_only.fa	1
mrpl51	FG	0.00167307	7.8277e-05	21.3737	387	/work/cyu/stickleback_nuclear_only.fa	1
mrpl51	BOOT	0.00193564	0	NA	387	/work/cyu/stickleback_nuclear_only.fa	1
mrpl51	ECHO	0.000402886	0.000225509	1.78656	387	/work/cyu/stickleback_nuclear_only.fa	1
mrpl51	FRED	0.000632981	0	NA	387	/work/cyu/stickleback_nuclear_only.fa	1
mrpl51	LAW	0.0016921	0.000150259	11.2612	387	/work/cyu/stickleback_nuclear_only.fa	1
mrpl51	PACH	0.000291223	6.36144e-05	4.57794	387	/work/cyu/stickleback_nuclear_only.fa	1
mrpl51	RS	0.00115649	0.000243946	4.74075	387	/work/cyu/stickleback_nuclear_only.fa	1
mrpl51	SC	0.00256703	0.000115054	22.3115	387	/work/cyu/stickleback_nuclear_only.fa	1
mrpl51	LB	0.00247746	0.000163286	15.1725	387	/work/cyu/stickleback_nuclear_only.fa	1
mrpl51	CH	0.00258636	0	NA	387	/work/cyu/stickleback_nuclear_only.fa	1
mrpl51	LG	0.00348438	9.98835e-05	34.8844	387	/work/cyu/stickleback_nuclear_only.fa	1
mrpl51	SR	0.00270719	0.00019036	14.2214	387	/work/cyu/stickleback_nuclear_only.fa	1
mrpl51	SL	0.00249236	4.95489e-05	50.301	387	/work/cyu/stickleback_nuclear_only.fa	1
mrpl51	TL	0.00382725	8.65792e-05	44.2052	387	/work/cyu/stickleback_nuclear_only.fa	1
mrpl51	WB	0.00254144	0.000217575	11.6807	387	/work/cyu/stickleback_nuclear_only.fa	1
mrpl51	WT	0.0034367	0.000108289	31.7364	387	/work/cyu/stickleback_nuclear_only.fa	1
mrpl51	WK	0.00252754	0	NA	387	/work/cyu/stickleback_nuclear_only.fa	1
mrpl51	SWA	0.00385974	6.84628e-05	56.3772	387	/work/cyu/stickleback_nuclear_only.fa	1
mrpl52	THE	0.00305612	0.000692445	4.41352	375	/work/cyu/stickleback_nuclear_only.fa	1
mrpl52	JOE	0.00168856	0.000163096	10.3532	375	/work/cyu/stickleback_nuclear_only.fa	1
mrpl52	BEA	0.00231173	0.000112856	20.4838	375	/work/cyu/stickleback_nuclear_only.fa	1
mrpl52	MUC	0	4.71867e-05	0	375	/work/cyu/stickleback_nuclear_only.fa	1
mrpl52	PYE	0.00233361	5.31997e-05	43.865	375	/work/cyu/stickleback_nuclear_only.fa	1
mrpl52	AMO	0.00245062	0.000134984	18.1549	375	/work/cyu/stickleback_nuclear_only.fa	1
mrpl52	SAY	0.00301065	0.000449418	6.69899	375	/work/cyu/stickleback_nuclear_only.fa	1
mrpl52	GOS	0.000582756	9.37718e-05	6.21462	375	/work/cyu/stickleback_nuclear_only.fa	1
mrpl52	ROB	0.0020374	0	NA	375	/work/cyu/stickleback_nuclear_only.fa	1
mrpl52	FG	0.0042759	0.000185064	23.1049	375	/work/cyu/stickleback_nuclear_only.fa	1
mrpl52	BOOT	0.00125038	0	NA	375	/work/cyu/stickleback_nuclear_only.fa	1
mrpl52	ECHO	0.000155479	5.38892e-05	2.88517	375	/work/cyu/stickleback_nuclear_only.fa	1
mrpl52	FRED	0.00191938	0.000401828	4.77663	375	/work/cyu/stickleback_nuclear_only.fa	1
mrpl52	LAW	0.00153627	0.000351155	4.37491	375	/work/cyu/stickleback_nuclear_only.fa	1
mrpl52	PACH	0.00174727	0.00012084	14.4594	375	/work/cyu/stickleback_nuclear_only.fa	1
mrpl52	RS	0.00331012	0.000303155	10.9189	375	/work/cyu/stickleback_nuclear_only.fa	1
mrpl52	SC	0.00267108	0.000151999	17.573	375	/work/cyu/stickleback_nuclear_only.fa	1
mrpl52	LB	0.00482287	8.16015e-05	59.1027	375	/work/cyu/stickleback_nuclear_only.fa	1
mrpl52	CH	0.00212638	0.000112793	18.8521	375	/work/cyu/stickleback_nuclear_only.fa	1
mrpl52	LG	0.00303482	0	NA	375	/work/cyu/stickleback_nuclear_only.fa	1
mrpl52	SR	0.00320761	0.000196247	16.3447	375	/work/cyu/stickleback_nuclear_only.fa	1
mrpl52	SL	0.0031331	0.000122513	25.5736	375	/work/cyu/stickleback_nuclear_only.fa	1
mrpl52	TL	0.00109021	0	NA	375	/work/cyu/stickleback_nuclear_only.fa	1
mrpl52	WB	0.00127016	0.000135286	9.38873	375	/work/cyu/stickleback_nuclear_only.fa	1
mrpl52	WT	0.00291772	0	NA	375	/work/cyu/stickleback_nuclear_only.fa	1
mrpl52	WK	0.00383258	3.80151e-05	100.817	375	/work/cyu/stickleback_nuclear_only.fa	1
mrpl52	SWA	0.00222635	8.41625e-05	26.453	375	/work/cyu/stickleback_nuclear_only.fa	1
mrpl53	THE	0.00184399	0	NA	321	/work/cyu/stickleback_nuclear_only.fa	1
mrpl53	JOE	0.000906842	0.000193487	4.68683	321	/work/cyu/stickleback_nuclear_only.fa	1
mrpl53	BEA	0.00312424	0.000195732	15.9618	321	/work/cyu/stickleback_nuclear_only.fa	1
mrpl53	MUC	0.000196571	0.000104715	1.8772	321	/work/cyu/stickleback_nuclear_only.fa	1
mrpl53	PYE	0.00377157	0.000159957	23.5787	321	/work/cyu/stickleback_nuclear_only.fa	1
mrpl53	AMO	0.0036654	0	NA	321	/work/cyu/stickleback_nuclear_only.fa	1
mrpl53	SAY	0.00288186	0.000149847	19.232	321	/work/cyu/stickleback_nuclear_only.fa	1
mrpl53	GOS	0.000616267	5.89206e-05	10.4593	321	/work/cyu/stickleback_nuclear_only.fa	1
mrpl53	ROB	0.00167505	0	NA	321	/work/cyu/stickleback_nuclear_only.fa	1
mrpl53	FG	0.00225397	0	NA	321	/work/cyu/stickleback_nuclear_only.fa	1
mrpl53	BOOT	0.00015689	7.07337e-05	2.21804	321	/work/cyu/stickleback_nuclear_only.fa	1
mrpl53	ECHO	0.000652653	6.05339e-05	10.7816	321	/work/cyu/stickleback_nuclear_only.fa	1
mrpl53	FRED	0.00307057	8.6271e-05	35.5921	321	/work/cyu/stickleback_nuclear_only.fa	1
mrpl53	LAW	0.00152256	6.91795e-05	22.0088	321	/work/cyu/stickleback_nuclear_only.fa	1
mrpl53	PACH	0.000376297	0	NA	321	/work/cyu/stickleback_nuclear_only.fa	1
mrpl53	RS	0.00510969	0.000342517	14.9181	321	/work/cyu/stickleback_nuclear_only.fa	1
mrpl53	SC	0.00391059	0.000159139	24.5734	321	/work/cyu/stickleback_nuclear_only.fa	1
mrpl53	LB	0.00360881	0.000107057	33.7091	321	/work/cyu/stickleback_nuclear_only.fa	1
mrpl53	CH	0.00334695	4.34197e-05	77.0836	321	/work/cyu/stickleback_nuclear_only.fa	1
mrpl53	LG	0.00297579	5.78948e-05	51.4	321	/work/cyu/stickleback_nuclear_only.fa	1
mrpl53	SR	0.00366136	0	NA	321	/work/cyu/stickleback_nuclear_only.fa	1
mrpl53	SL	0.00305833	0	NA	321	/work/cyu/stickleback_nuclear_only.fa	1
mrpl53	TL	0.00144351	0	NA	321	/work/cyu/stickleback_nuclear_only.fa	1
mrpl53	WB	0.00246834	0.000246298	10.0218	321	/work/cyu/stickleback_nuclear_only.fa	1
mrpl53	WT	0.00215679	4.67479e-05	46.1366	321	/work/cyu/stickleback_nuclear_only.fa	1
mrpl53	WK	0.00226482	0.000173807	13.0307	321	/work/cyu/stickleback_nuclear_only.fa	1
mrpl53	SWA	0.00149405	0.000107438	13.9062	321	/work/cyu/stickleback_nuclear_only.fa	1
mrpl57	THE	0.000237003	0.00132748	0.178536	306	/work/cyu/stickleback_nuclear_only.fa	1
mrpl57	JOE	0.000308606	0.000357872	0.862335	306	/work/cyu/stickleback_nuclear_only.fa	1
mrpl57	BEA	0.000164216	0.00307229	0.0534506	306	/work/cyu/stickleback_nuclear_only.fa	1
mrpl57	MUC	0.000166749	5.27388e-05	3.16178	306	/work/cyu/stickleback_nuclear_only.fa	1
mrpl57	PYE	0.000254547	0.00227449	0.111914	306	/work/cyu/stickleback_nuclear_only.fa	1
mrpl57	AMO	0.000461255	0.00157577	0.292717	306	/work/cyu/stickleback_nuclear_only.fa	1
mrpl57	SAY	0.000344015	0.00216754	0.158713	306	/work/cyu/stickleback_nuclear_only.fa	1
mrpl57	GOS	0.000379679	0.00023613	1.60792	306	/work/cyu/stickleback_nuclear_only.fa	1
mrpl57	ROB	0.000315183	0.00208918	0.150864	306	/work/cyu/stickleback_nuclear_only.fa	1
mrpl57	FG	0.000918062	0.000340868	2.69331	306	/work/cyu/stickleback_nuclear_only.fa	1
mrpl57	BOOT	0.000239143	0	NA	306	/work/cyu/stickleback_nuclear_only.fa	1
mrpl57	ECHO	0.000409409	0	NA	306	/work/cyu/stickleback_nuclear_only.fa	1
mrpl57	FRED	0.000287804	0.000873056	0.329651	306	/work/cyu/stickleback_nuclear_only.fa	1
mrpl57	LAW	0.000220151	0.000138983	1.58402	306	/work/cyu/stickleback_nuclear_only.fa	1
mrpl57	PACH	7.3304e-05	0.000158159	0.463483	306	/work/cyu/stickleback_nuclear_only.fa	1
mrpl57	RS	0.000826613	0.00253543	0.326025	306	/work/cyu/stickleback_nuclear_only.fa	1
mrpl57	SC	0.000281413	0.00182755	0.153984	306	/work/cyu/stickleback_nuclear_only.fa	1
mrpl57	LB	0.000233737	0.0014634	0.159722	306	/work/cyu/stickleback_nuclear_only.fa	1
mrpl57	CH	0.000211015	0.00134881	0.156446	306	/work/cyu/stickleback_nuclear_only.fa	1
mrpl57	LG	0.00166629	0.00119251	1.3973	306	/work/cyu/stickleback_nuclear_only.fa	1
mrpl57	SR	0.000285634	0.00234888	0.121604	306	/work/cyu/stickleback_nuclear_only.fa	1
mrpl57	SL	8.86461e-05	0.00310784	0.0285234	306	/work/cyu/stickleback_nuclear_only.fa	1
mrpl57	TL	0.000170483	8.45769e-05	2.01572	306	/work/cyu/stickleback_nuclear_only.fa	1
mrpl57	WB	0.000159698	0.000103895	1.53711	306	/work/cyu/stickleback_nuclear_only.fa	1
mrpl57	WT	0.000198044	0.000648174	0.305542	306	/work/cyu/stickleback_nuclear_only.fa	1
mrpl57	WK	0.000165156	0.00229776	0.071877	306	/work/cyu/stickleback_nuclear_only.fa	1
mrpl57	SWA	8.24736e-05	4.38757e-05	1.87971	306	/work/cyu/stickleback_nuclear_only.fa	1
mrpl9	THE	0.00094157	0.000734102	1.28262	726	/work/cyu/stickleback_nuclear_only.fa	1
mrpl9	JOE	0.000910425	0.000334083	2.72515	726	/work/cyu/stickleback_nuclear_only.fa	1
mrpl9	BEA	0.000206611	2.10601e-05	9.81055	726	/work/cyu/stickleback_nuclear_only.fa	1
mrpl9	MUC	0.000230391	0.000136193	1.69165	726	/work/cyu/stickleback_nuclear_only.fa	1
mrpl9	PYE	0.00252265	0.000818646	3.08149	726	/work/cyu/stickleback_nuclear_only.fa	1
mrpl9	AMO	0.000358191	4.13464e-05	8.66318	726	/work/cyu/stickleback_nuclear_only.fa	1
mrpl9	SAY	0.00261935	0.000995608	2.63091	726	/work/cyu/stickleback_nuclear_only.fa	1
mrpl9	GOS	0.000411743	0.000475064	0.866709	726	/work/cyu/stickleback_nuclear_only.fa	1
mrpl9	ROB	0.00207721	0.000703513	2.95263	726	/work/cyu/stickleback_nuclear_only.fa	1
mrpl9	FG	0.000766755	0.00086668	0.884704	726	/work/cyu/stickleback_nuclear_only.fa	1
mrpl9	BOOT	3.97605e-05	0.000116443	0.341457	726	/work/cyu/stickleback_nuclear_only.fa	1
mrpl9	ECHO	0.000216312	6.68626e-05	3.23517	726	/work/cyu/stickleback_nuclear_only.fa	1
mrpl9	FRED	0.00252347	0.000188992	13.3522	726	/work/cyu/stickleback_nuclear_only.fa	1
mrpl9	LAW	0.00078864	0.000521798	1.51139	726	/work/cyu/stickleback_nuclear_only.fa	1
mrpl9	PACH	0.00268775	0.00063011	4.26552	726	/work/cyu/stickleback_nuclear_only.fa	1
mrpl9	RS	0.00344138	0.00132186	2.60345	726	/work/cyu/stickleback_nuclear_only.fa	1
mrpl9	SC	0.00242097	0.00107148	2.25946	726	/work/cyu/stickleback_nuclear_only.fa	1
mrpl9	LB	0.0018387	0.00060695	3.0294	726	/work/cyu/stickleback_nuclear_only.fa	1
mrpl9	CH	0.00249692	0.00113894	2.19232	726	/work/cyu/stickleback_nuclear_only.fa	1
mrpl9	LG	0.0010363	0.000298178	3.47546	726	/work/cyu/stickleback_nuclear_only.fa	1
mrpl9	SR	0.00060816	5.04555e-05	12.0534	726	/work/cyu/stickleback_nuclear_only.fa	1
mrpl9	SL	0.00156508	0.00047058	3.32586	726	/work/cyu/stickleback_nuclear_only.fa	1
mrpl9	TL	0.000146478	4.79101e-05	3.05735	726	/work/cyu/stickleback_nuclear_only.fa	1
mrpl9	WB	0.000382544	0.000793105	0.482337	726	/work/cyu/stickleback_nuclear_only.fa	1
mrpl9	WT	0.00104265	0.000328102	3.17782	726	/work/cyu/stickleback_nuclear_only.fa	1
mrpl9	WK	0.000515855	5.32313e-05	9.69082	726	/work/cyu/stickleback_nuclear_only.fa	1
mrpl9	SWA	0.000297534	0.000115852	2.56823	726	/work/cyu/stickleback_nuclear_only.fa	1
mrps10	THE	0.00104122	0.000774907	1.34367	600	/work/cyu/stickleback_nuclear_only.fa	1
mrps10	JOE	0.000494707	8.67965e-05	5.69961	600	/work/cyu/stickleback_nuclear_only.fa	1
mrps10	BEA	0.000202851	0.000133762	1.51651	600	/work/cyu/stickleback_nuclear_only.fa	1
mrps10	MUC	0.000272002	0.00058541	0.464635	600	/work/cyu/stickleback_nuclear_only.fa	1
mrps10	PYE	0.000619385	0.000431151	1.43658	600	/work/cyu/stickleback_nuclear_only.fa	1
mrps10	AMO	0.00161777	0	NA	600	/work/cyu/stickleback_nuclear_only.fa	1
mrps10	SAY	0.00157516	0.000502064	3.13737	600	/work/cyu/stickleback_nuclear_only.fa	1
mrps10	GOS	0.0012446	3.88515e-05	32.0349	600	/work/cyu/stickleback_nuclear_only.fa	1
mrps10	ROB	0.0020646	0.00020623	10.0112	600	/work/cyu/stickleback_nuclear_only.fa	1
mrps10	FG	0.00114745	0.00143352	0.80044	600	/work/cyu/stickleback_nuclear_only.fa	1
mrps10	BOOT	0.00187293	0.00013251	14.1343	600	/work/cyu/stickleback_nuclear_only.fa	1
mrps10	ECHO	0.00104311	7.44194e-05	14.0167	600	/work/cyu/stickleback_nuclear_only.fa	1
mrps10	FRED	0.000589776	0.000880185	0.670059	600	/work/cyu/stickleback_nuclear_only.fa	1
mrps10	LAW	0.00128339	0.000134036	9.575	600	/work/cyu/stickleback_nuclear_only.fa	1
mrps10	PACH	6.03856e-05	0.000505694	0.119411	600	/work/cyu/stickleback_nuclear_only.fa	1
mrps10	RS	0.00181092	0.000506126	3.57801	600	/work/cyu/stickleback_nuclear_only.fa	1
mrps10	SC	0.00152586	0.000140332	10.8732	600	/work/cyu/stickleback_nuclear_only.fa	1
mrps10	LB	0.000970674	0.000868344	1.11785	600	/work/cyu/stickleback_nuclear_only.fa	1
mrps10	CH	0.00200244	0.000288123	6.94994	600	/work/cyu/stickleback_nuclear_only.fa	1
mrps10	LG	0.00267984	8.64073e-05	31.0141	600	/work/cyu/stickleback_nuclear_only.fa	1
mrps10	SR	0.00160639	5.82628e-05	27.5715	600	/work/cyu/stickleback_nuclear_only.fa	1
mrps10	SL	0.00158682	0.000124686	12.7265	600	/work/cyu/stickleback_nuclear_only.fa	1
mrps10	TL	0.000326255	0.000420101	0.776611	600	/work/cyu/stickleback_nuclear_only.fa	1
mrps10	WB	0.00156461	0.000208917	7.48914	600	/work/cyu/stickleback_nuclear_only.fa	1
mrps10	WT	0.00209528	0.00074811	2.80077	600	/work/cyu/stickleback_nuclear_only.fa	1
mrps10	WK	0.000739338	8.88786e-05	8.31852	600	/work/cyu/stickleback_nuclear_only.fa	1
mrps10	SWA	0.000143157	6.13046e-05	2.33517	600	/work/cyu/stickleback_nuclear_only.fa	1
mrps11	THE	0.00135832	0.000817926	1.66069	399	/work/cyu/stickleback_nuclear_only.fa	1
mrps11	JOE	0.00299775	0.0015764	1.90165	399	/work/cyu/stickleback_nuclear_only.fa	1
mrps11	BEA	0.00268196	0.00376155	0.712992	399	/work/cyu/stickleback_nuclear_only.fa	1
mrps11	MUC	4.63824e-05	0.00075962	0.06106	399	/work/cyu/stickleback_nuclear_only.fa	1
mrps11	PYE	0.00251886	0.00183791	1.3705	399	/work/cyu/stickleback_nuclear_only.fa	1
mrps11	AMO	0.00252393	0.00187467	1.34633	399	/work/cyu/stickleback_nuclear_only.fa	1
mrps11	SAY	0.00264246	0.00278213	0.9498	399	/work/cyu/stickleback_nuclear_only.fa	1
mrps11	GOS	0.00361458	0.00222695	1.62311	399	/work/cyu/stickleback_nuclear_only.fa	1
mrps11	ROB	0.0031849	0.00230339	1.3827	399	/work/cyu/stickleback_nuclear_only.fa	1
mrps11	FG	0.00226586	0.001916	1.1826	399	/work/cyu/stickleback_nuclear_only.fa	1
mrps11	BOOT	0.000684657	0.00114313	0.598933	399	/work/cyu/stickleback_nuclear_only.fa	1
mrps11	ECHO	0.00262325	0.00204903	1.28024	399	/work/cyu/stickleback_nuclear_only.fa	1
mrps11	FRED	0.000296313	0.000331477	0.893919	399	/work/cyu/stickleback_nuclear_only.fa	1
mrps11	LAW	0.00278164	0.00161033	1.72738	399	/work/cyu/stickleback_nuclear_only.fa	1
mrps11	PACH	0.000153047	5.56005e-05	2.75262	399	/work/cyu/stickleback_nuclear_only.fa	1
mrps11	RS	0.00316583	0.00216619	1.46148	399	/work/cyu/stickleback_nuclear_only.fa	1
mrps11	SC	0.00243921	0.00175523	1.38968	399	/work/cyu/stickleback_nuclear_only.fa	1
mrps11	LB	0.00178341	0.00180886	0.985932	399	/work/cyu/stickleback_nuclear_only.fa	1
mrps11	CH	0.0024692	0.00129813	1.90212	399	/work/cyu/stickleback_nuclear_only.fa	1
mrps11	LG	0.0026875	0.00160362	1.67589	399	/work/cyu/stickleback_nuclear_only.fa	1
mrps11	SR	0.00362364	0.00121497	2.98248	399	/work/cyu/stickleback_nuclear_only.fa	1
mrps11	SL	0.00427265	0.00343152	1.24512	399	/work/cyu/stickleback_nuclear_only.fa	1
mrps11	TL	0.00432545	0.00242781	1.78163	399	/work/cyu/stickleback_nuclear_only.fa	1
mrps11	WB	0.00281677	0.00163834	1.71929	399	/work/cyu/stickleback_nuclear_only.fa	1
mrps11	WT	0.00419556	0.000926578	4.52802	399	/work/cyu/stickleback_nuclear_only.fa	1
mrps11	WK	0.00129383	0.000389319	3.32331	399	/work/cyu/stickleback_nuclear_only.fa	1
mrps11	SWA	0.00189907	0.00218919	0.867476	399	/work/cyu/stickleback_nuclear_only.fa	1
mrps14	THE	0.00248824	0.00195347	1.27376	390	/work/cyu/stickleback_nuclear_only.fa	1
mrps14	JOE	0.00258018	0.00123862	2.08311	390	/work/cyu/stickleback_nuclear_only.fa	1
mrps14	BEA	0.00130369	0.000499221	2.61145	390	/work/cyu/stickleback_nuclear_only.fa	1
mrps14	MUC	0.00166844	0.001827	0.91321	390	/work/cyu/stickleback_nuclear_only.fa	1
mrps14	PYE	0.00302514	0.00237125	1.27576	390	/work/cyu/stickleback_nuclear_only.fa	1
mrps14	AMO	0.00270306	0.00112268	2.40768	390	/work/cyu/stickleback_nuclear_only.fa	1
mrps14	SAY	0.00268096	0.00199273	1.34537	390	/work/cyu/stickleback_nuclear_only.fa	1
mrps14	GOS	0.00273412	0.00170104	1.60732	390	/work/cyu/stickleback_nuclear_only.fa	1
mrps14	ROB	0.00206896	0.00170095	1.21635	390	/work/cyu/stickleback_nuclear_only.fa	1
mrps14	FG	0.00229525	0.00119009	1.92863	390	/work/cyu/stickleback_nuclear_only.fa	1
mrps14	BOOT	0.00178896	0.000425601	4.20337	390	/work/cyu/stickleback_nuclear_only.fa	1
mrps14	ECHO	0.00272457	0.00134699	2.0227	390	/work/cyu/stickleback_nuclear_only.fa	1
mrps14	FRED	0.00155022	8.35994e-05	18.5434	390	/work/cyu/stickleback_nuclear_only.fa	1
mrps14	LAW	0.0028376	0.00184141	1.541	390	/work/cyu/stickleback_nuclear_only.fa	1
mrps14	PACH	0.000469125	0.000312057	1.50333	390	/work/cyu/stickleback_nuclear_only.fa	1
mrps14	RS	0.00304318	0.0017192	1.77011	390	/work/cyu/stickleback_nuclear_only.fa	1
mrps14	SC	0.00230392	0.00151504	1.52069	390	/work/cyu/stickleback_nuclear_only.fa	1
mrps14	LB	0.00228905	0.00183491	1.2475	390	/work/cyu/stickleback_nuclear_only.fa	1
mrps14	CH	0.0026399	0.00154392	1.70987	390	/work/cyu/stickleback_nuclear_only.fa	1
mrps14	LG	0.00262477	0.00162091	1.61932	390	/work/cyu/stickleback_nuclear_only.fa	1
mrps14	SR	0.000897127	0.00167895	0.534337	390	/work/cyu/stickleback_nuclear_only.fa	1
mrps14	SL	0.000976702	0.00115796	0.84347	390	/work/cyu/stickleback_nuclear_only.fa	1
mrps14	TL	0.00147593	0.0010648	1.38611	390	/work/cyu/stickleback_nuclear_only.fa	1
mrps14	WB	0.00265444	0.00171415	1.54855	390	/work/cyu/stickleback_nuclear_only.fa	1
mrps14	WT	0.00252669	0.00156484	1.61466	390	/work/cyu/stickleback_nuclear_only.fa	1
mrps14	WK	0.00276692	0.00141438	1.95627	390	/work/cyu/stickleback_nuclear_only.fa	1
mrps14	SWA	0.00266641	3.97212e-05	67.128	390	/work/cyu/stickleback_nuclear_only.fa	1
mrps15	THE	0.000475749	0	NA	537	/work/cyu/stickleback_nuclear_only.fa	1
mrps15	JOE	0.000325182	0.000123224	2.63894	537	/work/cyu/stickleback_nuclear_only.fa	1
mrps15	BEA	0.000500521	0.000795314	0.629337	537	/work/cyu/stickleback_nuclear_only.fa	1
mrps15	MUC	0.000104353	0.000360116	0.289775	537	/work/cyu/stickleback_nuclear_only.fa	1
mrps15	PYE	0.000414047	0.000256165	1.61633	537	/work/cyu/stickleback_nuclear_only.fa	1
mrps15	AMO	0.000220605	2.60763e-05	8.45999	537	/work/cyu/stickleback_nuclear_only.fa	1
mrps15	SAY	0.000322877	0.000254096	1.27069	537	/work/cyu/stickleback_nuclear_only.fa	1
mrps15	GOS	0.000528226	0.000113873	4.63873	537	/work/cyu/stickleback_nuclear_only.fa	1
mrps15	ROB	0.000319027	0.000126512	2.5217	537	/work/cyu/stickleback_nuclear_only.fa	1
mrps15	FG	0.000130322	8.78236e-05	1.48391	537	/work/cyu/stickleback_nuclear_only.fa	1
mrps15	BOOT	0.000427157	0.000182471	2.34095	537	/work/cyu/stickleback_nuclear_only.fa	1
mrps15	ECHO	0.000269622	3.51707e-05	7.6661	537	/work/cyu/stickleback_nuclear_only.fa	1
mrps15	FRED	0.000305209	0.000241952	1.26144	537	/work/cyu/stickleback_nuclear_only.fa	1
mrps15	LAW	0.000440003	6.90568e-05	6.37161	537	/work/cyu/stickleback_nuclear_only.fa	1
mrps15	PACH	0.000295545	7.62622e-05	3.87538	537	/work/cyu/stickleback_nuclear_only.fa	1
mrps15	RS	0.00113785	0.000488659	2.32851	537	/work/cyu/stickleback_nuclear_only.fa	1
mrps15	SC	0.000860557	0.000244065	3.52593	537	/work/cyu/stickleback_nuclear_only.fa	1
mrps15	LB	0.000658311	0.0008659	0.760261	537	/work/cyu/stickleback_nuclear_only.fa	1
mrps15	CH	0.000321136	0.000177255	1.81172	537	/work/cyu/stickleback_nuclear_only.fa	1
mrps15	LG	0.000165499	0.000175387	0.94362	537	/work/cyu/stickleback_nuclear_only.fa	1
mrps15	SR	0.000159419	0.000105537	1.51055	537	/work/cyu/stickleback_nuclear_only.fa	1
mrps15	SL	0.000988279	5.20693e-05	18.9801	537	/work/cyu/stickleback_nuclear_only.fa	1
mrps15	TL	0.00011646	0.000102238	1.13911	537	/work/cyu/stickleback_nuclear_only.fa	1
mrps15	WB	0.00101624	0.00026707	3.80515	537	/work/cyu/stickleback_nuclear_only.fa	1
mrps15	WT	0.00016412	2.75334e-05	5.96077	537	/work/cyu/stickleback_nuclear_only.fa	1
mrps15	WK	0.000514199	5.7878e-05	8.88419	537	/work/cyu/stickleback_nuclear_only.fa	1
mrps15	SWA	0.000366635	0.000181055	2.02499	537	/work/cyu/stickleback_nuclear_only.fa	1
mrps16	THE	0.00761982	0.00120719	6.31204	405	/work/cyu/stickleback_nuclear_only.fa	1
mrps16	JOE	0.00512408	0.000529018	9.68603	405	/work/cyu/stickleback_nuclear_only.fa	1
mrps16	BEA	9.66623e-05	0.000192375	0.502469	405	/work/cyu/stickleback_nuclear_only.fa	1
mrps16	MUC	0.00128037	8.74098e-05	14.6479	405	/work/cyu/stickleback_nuclear_only.fa	1
mrps16	PYE	0.00440916	0.00084918	5.19226	405	/work/cyu/stickleback_nuclear_only.fa	1
mrps16	AMO	0.00607545	0.000889869	6.82735	405	/work/cyu/stickleback_nuclear_only.fa	1
mrps16	SAY	0.00443475	0.000853513	5.19588	405	/work/cyu/stickleback_nuclear_only.fa	1
mrps16	GOS	0.00558203	0.00129816	4.29996	405	/work/cyu/stickleback_nuclear_only.fa	1
mrps16	ROB	0.00530619	0.000639154	8.3019	405	/work/cyu/stickleback_nuclear_only.fa	1
mrps16	FG	0.000447	0.000451809	0.989357	405	/work/cyu/stickleback_nuclear_only.fa	1
mrps16	BOOT	0.00479431	0.0012221	3.923	405	/work/cyu/stickleback_nuclear_only.fa	1
mrps16	ECHO	0.00430241	0.000971916	4.42673	405	/work/cyu/stickleback_nuclear_only.fa	1
mrps16	FRED	0.00631363	0.00117392	5.37824	405	/work/cyu/stickleback_nuclear_only.fa	1
mrps16	LAW	0.00696844	0.000124674	55.8932	405	/work/cyu/stickleback_nuclear_only.fa	1
mrps16	PACH	0.000733304	5.86423e-05	12.5047	405	/work/cyu/stickleback_nuclear_only.fa	1
mrps16	RS	0.00510597	0.00115717	4.41246	405	/work/cyu/stickleback_nuclear_only.fa	1
mrps16	SC	0.00381536	0.000714876	5.3371	405	/work/cyu/stickleback_nuclear_only.fa	1
mrps16	LB	0.0019064	0.000313342	6.08407	405	/work/cyu/stickleback_nuclear_only.fa	1
mrps16	CH	0.00257963	0.000266219	9.68987	405	/work/cyu/stickleback_nuclear_only.fa	1
mrps16	LG	0.00365363	0.000329075	11.1027	405	/work/cyu/stickleback_nuclear_only.fa	1
mrps16	SR	0.000160881	9.11706e-05	1.76462	405	/work/cyu/stickleback_nuclear_only.fa	1
mrps16	SL	0.00634326	0.0011355	5.58633	405	/work/cyu/stickleback_nuclear_only.fa	1
mrps16	TL	0.00011622	0	NA	405	/work/cyu/stickleback_nuclear_only.fa	1
mrps16	WB	0.000309996	0	NA	405	/work/cyu/stickleback_nuclear_only.fa	1
mrps16	WT	0.000876748	0.000147162	5.95773	405	/work/cyu/stickleback_nuclear_only.fa	1
mrps16	WK	0.0056556	0.0012345	4.58128	405	/work/cyu/stickleback_nuclear_only.fa	1
mrps16	SWA	0.00391761	0.00132891	2.94799	405	/work/cyu/stickleback_nuclear_only.fa	1
mrps17	THE	0.000174256	0.00116651	0.149383	420	/work/cyu/stickleback_nuclear_only.fa	1
mrps17	JOE	0.000393705	0.000519384	0.758023	420	/work/cyu/stickleback_nuclear_only.fa	1
mrps17	BEA	0.000269309	0.000163263	1.64954	420	/work/cyu/stickleback_nuclear_only.fa	1
mrps17	MUC	0.00017971	9.16064e-05	1.96176	420	/work/cyu/stickleback_nuclear_only.fa	1
mrps17	PYE	7.95393e-05	0.000513042	0.155034	420	/work/cyu/stickleback_nuclear_only.fa	1
mrps17	AMO	0.000140649	0.00113399	0.12403	420	/work/cyu/stickleback_nuclear_only.fa	1
mrps17	SAY	0.00085689	0.00138949	0.616694	420	/work/cyu/stickleback_nuclear_only.fa	1
mrps17	GOS	0.000217172	0.00135124	0.160721	420	/work/cyu/stickleback_nuclear_only.fa	1
mrps17	ROB	0.000542805	0.00138207	0.392748	420	/work/cyu/stickleback_nuclear_only.fa	1
mrps17	FG	0.000279198	0.00126692	0.220375	420	/work/cyu/stickleback_nuclear_only.fa	1
mrps17	BOOT	0.000218116	0.00130267	0.167437	420	/work/cyu/stickleback_nuclear_only.fa	1
mrps17	ECHO	0.000407129	0.00139417	0.292023	420	/work/cyu/stickleback_nuclear_only.fa	1
mrps17	FRED	0.000156041	0.000360482	0.432867	420	/work/cyu/stickleback_nuclear_only.fa	1
mrps17	LAW	0.000278203	0.00124581	0.223311	420	/work/cyu/stickleback_nuclear_only.fa	1
mrps17	PACH	0.000216947	8.94778e-05	2.42459	420	/work/cyu/stickleback_nuclear_only.fa	1
mrps17	RS	0.000966686	0.00139651	0.692214	420	/work/cyu/stickleback_nuclear_only.fa	1
mrps17	SC	0.000438346	0.00109352	0.40086	420	/work/cyu/stickleback_nuclear_only.fa	1
mrps17	LB	0.000200258	0.000584948	0.342352	420	/work/cyu/stickleback_nuclear_only.fa	1
mrps17	CH	0.000229916	0.00137359	0.167383	420	/work/cyu/stickleback_nuclear_only.fa	1
mrps17	LG	0.000214095	0.000436993	0.489928	420	/work/cyu/stickleback_nuclear_only.fa	1
mrps17	SR	0.000211655	0.00123839	0.170911	420	/work/cyu/stickleback_nuclear_only.fa	1
mrps17	SL	9.6884e-05	0.00116562	0.0831179	420	/work/cyu/stickleback_nuclear_only.fa	1
mrps17	TL	0.000166634	0.000766447	0.217412	420	/work/cyu/stickleback_nuclear_only.fa	1
mrps17	WB	0.000197017	0.000572747	0.343986	420	/work/cyu/stickleback_nuclear_only.fa	1
mrps17	WT	0.000169471	0.00128753	0.131625	420	/work/cyu/stickleback_nuclear_only.fa	1
mrps17	WK	8.74747e-05	0.000945167	0.0925495	420	/work/cyu/stickleback_nuclear_only.fa	1
mrps17	SWA	0.000410513	0.00212173	0.19348	420	/work/cyu/stickleback_nuclear_only.fa	1
mrps18a	THE	0.0021986	0.000915501	2.40153	606	/work/cyu/stickleback_nuclear_only.fa	1
mrps18a	JOE	0.000890989	0.000171816	5.18572	606	/work/cyu/stickleback_nuclear_only.fa	1
mrps18a	BEA	0.00242288	0.000777021	3.11816	606	/work/cyu/stickleback_nuclear_only.fa	1
mrps18a	MUC	0.000965304	0.00182448	0.529084	606	/work/cyu/stickleback_nuclear_only.fa	1
mrps18a	PYE	0.00229802	0.00142467	1.61302	606	/work/cyu/stickleback_nuclear_only.fa	1
mrps18a	AMO	0.00227282	0.00131434	1.72925	606	/work/cyu/stickleback_nuclear_only.fa	1
mrps18a	SAY	0.00228579	0.00115487	1.97926	606	/work/cyu/stickleback_nuclear_only.fa	1
mrps18a	GOS	0.00243861	0.000378154	6.44874	606	/work/cyu/stickleback_nuclear_only.fa	1
mrps18a	ROB	0.00164306	0.000574727	2.85886	606	/work/cyu/stickleback_nuclear_only.fa	1
mrps18a	FG	0.00161832	0.00142364	1.13675	606	/work/cyu/stickleback_nuclear_only.fa	1
mrps18a	BOOT	0.00286976	0.000839178	3.41973	606	/work/cyu/stickleback_nuclear_only.fa	1
mrps18a	ECHO	0.00352178	6.32879e-05	55.647	606	/work/cyu/stickleback_nuclear_only.fa	1
mrps18a	FRED	0.00223086	0.000408563	5.46026	606	/work/cyu/stickleback_nuclear_only.fa	1
mrps18a	LAW	0.00361711	0.0009824	3.68191	606	/work/cyu/stickleback_nuclear_only.fa	1
mrps18a	PACH	0.00106662	3.29844e-05	32.3371	606	/work/cyu/stickleback_nuclear_only.fa	1
mrps18a	RS	0.00329609	0.00147375	2.23654	606	/work/cyu/stickleback_nuclear_only.fa	1
mrps18a	SC	0.00212305	0.00145245	1.4617	606	/work/cyu/stickleback_nuclear_only.fa	1
mrps18a	LB	0.00331851	0.000875465	3.79057	606	/work/cyu/stickleback_nuclear_only.fa	1
mrps18a	CH	0.00202716	0.00145548	1.39278	606	/work/cyu/stickleback_nuclear_only.fa	1
mrps18a	LG	0.00277095	0.00157952	1.7543	606	/work/cyu/stickleback_nuclear_only.fa	1
mrps18a	SR	0.00238771	0.000498404	4.79071	606	/work/cyu/stickleback_nuclear_only.fa	1
mrps18a	SL	0.00127054	0.000574663	2.21092	606	/work/cyu/stickleback_nuclear_only.fa	1
mrps18a	TL	0.00199382	0	NA	606	/work/cyu/stickleback_nuclear_only.fa	1
mrps18a	WB	0.00193909	0.00202071	0.959609	606	/work/cyu/stickleback_nuclear_only.fa	1
mrps18a	WT	0.00215133	0.000966359	2.22622	606	/work/cyu/stickleback_nuclear_only.fa	1
mrps18a	WK	0.00271111	0.000842355	3.21849	606	/work/cyu/stickleback_nuclear_only.fa	1
mrps18a	SWA	0.00150769	6.92528e-05	21.7708	606	/work/cyu/stickleback_nuclear_only.fa	1
mrps18b	THE	0.000952288	3.92542e-05	24.2595	720	/work/cyu/stickleback_nuclear_only.fa	1
mrps18b	JOE	0.000222965	6.1279e-05	3.63853	720	/work/cyu/stickleback_nuclear_only.fa	1
mrps18b	BEA	0.00171975	5.8404e-05	29.4457	720	/work/cyu/stickleback_nuclear_only.fa	1
mrps18b	MUC	0.000199193	1.97309e-05	10.0955	720	/work/cyu/stickleback_nuclear_only.fa	1
mrps18b	PYE	0.000647409	0.000195541	3.31086	720	/work/cyu/stickleback_nuclear_only.fa	1
mrps18b	AMO	0.000967302	1.95846e-05	49.391	720	/work/cyu/stickleback_nuclear_only.fa	1
mrps18b	SAY	0.000707901	6.26135e-05	11.3059	720	/work/cyu/stickleback_nuclear_only.fa	1
mrps18b	GOS	0.000496569	6.10087e-05	8.13932	720	/work/cyu/stickleback_nuclear_only.fa	1
mrps18b	ROB	0.0010538	0.000181303	5.81237	720	/work/cyu/stickleback_nuclear_only.fa	1
mrps18b	FG	0.000414823	0.000225593	1.83881	720	/work/cyu/stickleback_nuclear_only.fa	1
mrps18b	BOOT	0.00112868	6.09291e-05	18.5244	720	/work/cyu/stickleback_nuclear_only.fa	1
mrps18b	ECHO	0.000304789	0	NA	720	/work/cyu/stickleback_nuclear_only.fa	1
mrps18b	FRED	0.00119473	0.0001048	11.4002	720	/work/cyu/stickleback_nuclear_only.fa	1
mrps18b	LAW	0.000472565	0.000161034	2.93457	720	/work/cyu/stickleback_nuclear_only.fa	1
mrps18b	PACH	0.000753573	0.000103438	7.28526	720	/work/cyu/stickleback_nuclear_only.fa	1
mrps18b	RS	0.00206095	0.000345402	5.96682	720	/work/cyu/stickleback_nuclear_only.fa	1
mrps18b	SC	0.000646951	2.79299e-05	23.1634	720	/work/cyu/stickleback_nuclear_only.fa	1
mrps18b	LB	0.00137893	0.000388821	3.54643	720	/work/cyu/stickleback_nuclear_only.fa	1
mrps18b	CH	0.000380108	6.39556e-05	5.94331	720	/work/cyu/stickleback_nuclear_only.fa	1
mrps18b	LG	0.00163653	0.000380756	4.29811	720	/work/cyu/stickleback_nuclear_only.fa	1
mrps18b	SR	0.000545995	0.000473121	1.15403	720	/work/cyu/stickleback_nuclear_only.fa	1
mrps18b	SL	0.000245427	0.000204329	1.20114	720	/work/cyu/stickleback_nuclear_only.fa	1
mrps18b	TL	0.000823421	3.67956e-05	22.3783	720	/work/cyu/stickleback_nuclear_only.fa	1
mrps18b	WB	0.00091989	0.00012832	7.16874	720	/work/cyu/stickleback_nuclear_only.fa	1
mrps18b	WT	0.000325104	0.000291461	1.11543	720	/work/cyu/stickleback_nuclear_only.fa	1
mrps18b	WK	0.000249315	7.46956e-05	3.33775	720	/work/cyu/stickleback_nuclear_only.fa	1
mrps18b	SWA	0.000543651	6.55933e-05	8.28821	720	/work/cyu/stickleback_nuclear_only.fa	1
mrps2	THE	0.0058801	0.000205037	28.6782	768	/work/cyu/stickleback_nuclear_only.fa	1
mrps2	JOE	0.00044837	0.00021454	2.08991	768	/work/cyu/stickleback_nuclear_only.fa	1
mrps2	BEA	0.00148351	7.12544e-05	20.8199	768	/work/cyu/stickleback_nuclear_only.fa	1
mrps2	MUC	0.000256606	6.19427e-05	4.14263	768	/work/cyu/stickleback_nuclear_only.fa	1
mrps2	PYE	0.00432363	5.33804e-05	80.9966	768	/work/cyu/stickleback_nuclear_only.fa	1
mrps2	AMO	0.00530369	4.32433e-05	122.648	768	/work/cyu/stickleback_nuclear_only.fa	1
mrps2	SAY	0.00531415	0.000177673	29.9098	768	/work/cyu/stickleback_nuclear_only.fa	1
mrps2	GOS	0.00176279	0	NA	768	/work/cyu/stickleback_nuclear_only.fa	1
mrps2	ROB	0.00430388	2.9004e-05	148.389	768	/work/cyu/stickleback_nuclear_only.fa	1
mrps2	FG	0.00256398	0.000108323	23.6697	768	/work/cyu/stickleback_nuclear_only.fa	1
mrps2	BOOT	0.00214692	7.17518e-05	29.9215	768	/work/cyu/stickleback_nuclear_only.fa	1
mrps2	ECHO	0.000211203	0.000127785	1.6528	768	/work/cyu/stickleback_nuclear_only.fa	1
mrps2	FRED	0.00483309	9.9881e-05	48.3884	768	/work/cyu/stickleback_nuclear_only.fa	1
mrps2	LAW	0.00361702	7.34499e-05	49.2446	768	/work/cyu/stickleback_nuclear_only.fa	1
mrps2	PACH	0.00248786	0.000608039	4.09161	768	/work/cyu/stickleback_nuclear_only.fa	1
mrps2	RS	0.00607998	0.000432556	14.056	768	/work/cyu/stickleback_nuclear_only.fa	1
mrps2	SC	0.00557207	6.6012e-05	84.41	768	/work/cyu/stickleback_nuclear_only.fa	1
mrps2	LB	0.00525019	6.24156e-05	84.1167	768	/work/cyu/stickleback_nuclear_only.fa	1
mrps2	CH	0.00423967	6.01229e-05	70.5166	768	/work/cyu/stickleback_nuclear_only.fa	1
mrps2	LG	0.00445319	0.000134103	33.2073	768	/work/cyu/stickleback_nuclear_only.fa	1
mrps2	SR	0.00503018	4.39368e-05	114.487	768	/work/cyu/stickleback_nuclear_only.fa	1
mrps2	SL	0.00370579	7.48432e-05	49.5141	768	/work/cyu/stickleback_nuclear_only.fa	1
mrps2	TL	0.00212843	0.000115048	18.5003	768	/work/cyu/stickleback_nuclear_only.fa	1
mrps2	WB	0.00307947	0.000165957	18.5558	768	/work/cyu/stickleback_nuclear_only.fa	1
mrps2	WT	0.00370439	2.02964e-05	182.514	768	/work/cyu/stickleback_nuclear_only.fa	1
mrps2	WK	0.00490281	0.000305781	16.0337	768	/work/cyu/stickleback_nuclear_only.fa	1
mrps2	SWA	0.00107796	0.000264877	4.06966	768	/work/cyu/stickleback_nuclear_only.fa	1
mrps21	THE	0.00240372	0.00247174	0.972481	258	/work/cyu/stickleback_nuclear_only.fa	1
mrps21	JOE	0.000274375	0.000144384	1.90031	258	/work/cyu/stickleback_nuclear_only.fa	1
mrps21	BEA	0.000223067	0.000122295	1.82401	258	/work/cyu/stickleback_nuclear_only.fa	1
mrps21	MUC	9.4195e-05	8.22996e-05	1.14454	258	/work/cyu/stickleback_nuclear_only.fa	1
mrps21	PYE	0.00224575	0.00232945	0.964069	258	/work/cyu/stickleback_nuclear_only.fa	1
mrps21	AMO	0.00214253	0.00180623	1.18619	258	/work/cyu/stickleback_nuclear_only.fa	1
mrps21	SAY	0.00234773	0.00225955	1.03903	258	/work/cyu/stickleback_nuclear_only.fa	1
mrps21	GOS	0.00359989	0.00191286	1.88195	258	/work/cyu/stickleback_nuclear_only.fa	1
mrps21	ROB	0.00265222	0.00214419	1.23693	258	/work/cyu/stickleback_nuclear_only.fa	1
mrps21	FG	0.00165845	0.00163971	1.01142	258	/work/cyu/stickleback_nuclear_only.fa	1
mrps21	BOOT	0.000996292	0	NA	258	/work/cyu/stickleback_nuclear_only.fa	1
mrps21	ECHO	0.00102081	0.00082299	1.24036	258	/work/cyu/stickleback_nuclear_only.fa	1
mrps21	FRED	0.000340041	0	NA	258	/work/cyu/stickleback_nuclear_only.fa	1
mrps21	LAW	0.00406	0.00201145	2.01845	258	/work/cyu/stickleback_nuclear_only.fa	1
mrps21	PACH	0.000260175	8.99392e-05	2.89279	258	/work/cyu/stickleback_nuclear_only.fa	1
mrps21	RS	0.00162863	0.000523426	3.11147	258	/work/cyu/stickleback_nuclear_only.fa	1
mrps21	SC	0.00188102	0.00142672	1.31842	258	/work/cyu/stickleback_nuclear_only.fa	1
mrps21	LB	0.00256867	0.00179188	1.4335	258	/work/cyu/stickleback_nuclear_only.fa	1
mrps21	CH	0.00259156	0.00206456	1.25526	258	/work/cyu/stickleback_nuclear_only.fa	1
mrps21	LG	0.000355026	0.000789325	0.449784	258	/work/cyu/stickleback_nuclear_only.fa	1
mrps21	SR	0.000111328	0.000116475	0.955815	258	/work/cyu/stickleback_nuclear_only.fa	1
mrps21	SL	0.0017621	0.00172363	1.02232	258	/work/cyu/stickleback_nuclear_only.fa	1
mrps21	TL	0.000372772	0.00031809	1.17191	258	/work/cyu/stickleback_nuclear_only.fa	1
mrps21	WB	0.00213598	0.00148707	1.43637	258	/work/cyu/stickleback_nuclear_only.fa	1
mrps21	WT	0.00193187	0.00207531	0.930884	258	/work/cyu/stickleback_nuclear_only.fa	1
mrps21	WK	0.000417534	0.00121118	0.344733	258	/work/cyu/stickleback_nuclear_only.fa	1
mrps21	SWA	0.00274942	0.00107471	2.55831	258	/work/cyu/stickleback_nuclear_only.fa	1
mrps22	THE	0.00248304	0.00153164	1.62117	1008	/work/cyu/stickleback_nuclear_only.fa	1
mrps22	JOE	0.000409496	0.000162112	2.52601	1008	/work/cyu/stickleback_nuclear_only.fa	1
mrps22	BEA	0.00119863	0.000784127	1.52862	1008	/work/cyu/stickleback_nuclear_only.fa	1
mrps22	MUC	0.000492492	0.000196124	2.51112	1008	/work/cyu/stickleback_nuclear_only.fa	1
mrps22	PYE	0.00348269	0.00130051	2.67794	1008	/work/cyu/stickleback_nuclear_only.fa	1
mrps22	AMO	0.00193091	0.00242798	0.795274	1008	/work/cyu/stickleback_nuclear_only.fa	1
mrps22	SAY	0.002194	0.00151104	1.45197	1008	/work/cyu/stickleback_nuclear_only.fa	1
mrps22	GOS	0.000493101	0.000487527	1.01143	1008	/work/cyu/stickleback_nuclear_only.fa	1
mrps22	ROB	0.0030055	0.00164786	1.82388	1008	/work/cyu/stickleback_nuclear_only.fa	1
mrps22	FG	0.002422	0.000827698	2.92619	1008	/work/cyu/stickleback_nuclear_only.fa	1
mrps22	BOOT	0.0003277	0.000686896	0.477073	1008	/work/cyu/stickleback_nuclear_only.fa	1
mrps22	ECHO	0.000291372	0.000179632	1.62205	1008	/work/cyu/stickleback_nuclear_only.fa	1
mrps22	FRED	0.00187312	0.00129869	1.44231	1008	/work/cyu/stickleback_nuclear_only.fa	1
mrps22	LAW	0.00107185	0.00158911	0.674498	1008	/work/cyu/stickleback_nuclear_only.fa	1
mrps22	PACH	0.00150902	0.00125376	1.20359	1008	/work/cyu/stickleback_nuclear_only.fa	1
mrps22	RS	0.00372078	0.00163962	2.26929	1008	/work/cyu/stickleback_nuclear_only.fa	1
mrps22	SC	0.00360452	0.00113355	3.17986	1008	/work/cyu/stickleback_nuclear_only.fa	1
mrps22	LB	0.00292946	0.00182844	1.60216	1008	/work/cyu/stickleback_nuclear_only.fa	1
mrps22	CH	0.00325523	0.00145372	2.23924	1008	/work/cyu/stickleback_nuclear_only.fa	1
mrps22	LG	0.00303285	0.000911454	3.32748	1008	/work/cyu/stickleback_nuclear_only.fa	1
mrps22	SR	0.0019849	0.000950343	2.08861	1008	/work/cyu/stickleback_nuclear_only.fa	1
mrps22	SL	0.0024695	0.000519172	4.75661	1008	/work/cyu/stickleback_nuclear_only.fa	1
mrps22	TL	0.00158203	0.00071675	2.20723	1008	/work/cyu/stickleback_nuclear_only.fa	1
mrps22	WB	0.0030823	0.00203916	1.51155	1008	/work/cyu/stickleback_nuclear_only.fa	1
mrps22	WT	0.0029461	0.000685371	4.29855	1008	/work/cyu/stickleback_nuclear_only.fa	1
mrps22	WK	0.00308292	0.000734798	4.1956	1008	/work/cyu/stickleback_nuclear_only.fa	1
mrps22	SWA	0.00166247	8.28401e-05	20.0684	1008	/work/cyu/stickleback_nuclear_only.fa	1
mrps23	THE	0.000995687	5.58997e-05	17.812	570	/work/cyu/stickleback_nuclear_only.fa	1
mrps23	JOE	0.00131323	0.000354424	3.70525	570	/work/cyu/stickleback_nuclear_only.fa	1
mrps23	BEA	0.000462984	9.71175e-05	4.76726	570	/work/cyu/stickleback_nuclear_only.fa	1
mrps23	MUC	9.89638e-05	0.000134839	0.733941	570	/work/cyu/stickleback_nuclear_only.fa	1
mrps23	PYE	0.000321311	0.000180024	1.78482	570	/work/cyu/stickleback_nuclear_only.fa	1
mrps23	AMO	0.000416748	0.000566043	0.736247	570	/work/cyu/stickleback_nuclear_only.fa	1
mrps23	SAY	0.00113451	0.000310477	3.65408	570	/work/cyu/stickleback_nuclear_only.fa	1
mrps23	GOS	0.000214134	8.64667e-05	2.4765	570	/work/cyu/stickleback_nuclear_only.fa	1
mrps23	ROB	0.000747258	0.000510084	1.46497	570	/work/cyu/stickleback_nuclear_only.fa	1
mrps23	FG	0.000729579	5.91127e-05	12.3422	570	/work/cyu/stickleback_nuclear_only.fa	1
mrps23	BOOT	0.00101465	9.61426e-05	10.5536	570	/work/cyu/stickleback_nuclear_only.fa	1
mrps23	ECHO	0.000243713	3.61768e-05	6.73672	570	/work/cyu/stickleback_nuclear_only.fa	1
mrps23	FRED	0.00109605	9.48477e-05	11.5559	570	/work/cyu/stickleback_nuclear_only.fa	1
mrps23	LAW	0.00119905	0.000150467	7.9689	570	/work/cyu/stickleback_nuclear_only.fa	1
mrps23	PACH	0.00072984	3.40563e-05	21.4304	570	/work/cyu/stickleback_nuclear_only.fa	1
mrps23	RS	0.00177261	0.000591644	2.99607	570	/work/cyu/stickleback_nuclear_only.fa	1
mrps23	SC	0.000773148	0.000169789	4.55358	570	/work/cyu/stickleback_nuclear_only.fa	1
mrps23	LB	0.000867104	9.38825e-05	9.23606	570	/work/cyu/stickleback_nuclear_only.fa	1
mrps23	CH	0.000776123	0.000276347	2.80851	570	/work/cyu/stickleback_nuclear_only.fa	1
mrps23	LG	0.001313	0.000131857	9.95777	570	/work/cyu/stickleback_nuclear_only.fa	1
mrps23	SR	0.000251784	6.52522e-05	3.85864	570	/work/cyu/stickleback_nuclear_only.fa	1
mrps23	SL	0.00144777	6.19001e-05	23.3889	570	/work/cyu/stickleback_nuclear_only.fa	1
mrps23	TL	3.50498e-05	0.000439324	0.0797811	570	/work/cyu/stickleback_nuclear_only.fa	1
mrps23	WB	0.000289231	0.000112691	2.56658	570	/work/cyu/stickleback_nuclear_only.fa	1
mrps23	WT	0.000511102	3.39194e-05	15.0682	570	/work/cyu/stickleback_nuclear_only.fa	1
mrps23	WK	0.000147766	0	NA	570	/work/cyu/stickleback_nuclear_only.fa	1
mrps23	SWA	0.000169431	6.48476e-05	2.61276	570	/work/cyu/stickleback_nuclear_only.fa	1
mrps25	THE	0.000679637	0.000186695	3.64037	498	/work/cyu/stickleback_nuclear_only.fa	1
mrps25	JOE	0.000836259	0.000191538	4.36602	498	/work/cyu/stickleback_nuclear_only.fa	1
mrps25	BEA	0.000257719	0.000157815	1.63305	498	/work/cyu/stickleback_nuclear_only.fa	1
mrps25	MUC	0.000300332	2.6304e-05	11.4177	498	/work/cyu/stickleback_nuclear_only.fa	1
mrps25	PYE	0.00219135	0.000884159	2.47846	498	/work/cyu/stickleback_nuclear_only.fa	1
mrps25	AMO	0.00162641	0.00199104	0.816862	498	/work/cyu/stickleback_nuclear_only.fa	1
mrps25	SAY	0.00215777	0.00129857	1.66166	498	/work/cyu/stickleback_nuclear_only.fa	1
mrps25	GOS	0.00189891	0.000834206	2.27631	498	/work/cyu/stickleback_nuclear_only.fa	1
mrps25	ROB	0.00195358	0.00148933	1.31171	498	/work/cyu/stickleback_nuclear_only.fa	1
mrps25	FG	0.00202947	0.00112024	1.81164	498	/work/cyu/stickleback_nuclear_only.fa	1
mrps25	BOOT	0.00196302	0.000701081	2.79999	498	/work/cyu/stickleback_nuclear_only.fa	1
mrps25	ECHO	0.00206592	4.77384e-05	43.2759	498	/work/cyu/stickleback_nuclear_only.fa	1
mrps25	FRED	0.000193897	0.000168855	1.1483	498	/work/cyu/stickleback_nuclear_only.fa	1
mrps25	LAW	0.00161643	0.000409958	3.94291	498	/work/cyu/stickleback_nuclear_only.fa	1
mrps25	PACH	0.000151793	0.00102176	0.148561	498	/work/cyu/stickleback_nuclear_only.fa	1
mrps25	RS	0.00329471	0.00152786	2.15643	498	/work/cyu/stickleback_nuclear_only.fa	1
mrps25	SC	0.00498719	0.00259823	1.91946	498	/work/cyu/stickleback_nuclear_only.fa	1
mrps25	LB	0.00162857	0.000902363	1.80478	498	/work/cyu/stickleback_nuclear_only.fa	1
mrps25	CH	0.00275292	0.00212463	1.29572	498	/work/cyu/stickleback_nuclear_only.fa	1
mrps25	LG	0.00266365	0.00127144	2.09498	498	/work/cyu/stickleback_nuclear_only.fa	1
mrps25	SR	0.00361189	0.00159872	2.25924	498	/work/cyu/stickleback_nuclear_only.fa	1
mrps25	SL	0.00168318	0.000973888	1.72831	498	/work/cyu/stickleback_nuclear_only.fa	1
mrps25	TL	0.000480836	6.05056e-05	7.94697	498	/work/cyu/stickleback_nuclear_only.fa	1
mrps25	WB	0.00115272	0.00132726	0.8685	498	/work/cyu/stickleback_nuclear_only.fa	1
mrps25	WT	0.00231285	0.000780865	2.96191	498	/work/cyu/stickleback_nuclear_only.fa	1
mrps25	WK	0.000550199	0.000114398	4.80952	498	/work/cyu/stickleback_nuclear_only.fa	1
mrps25	SWA	0.000163902	0.000169117	0.969165	498	/work/cyu/stickleback_nuclear_only.fa	1
mrps26	THE	0.00067383	0.000184714	3.64796	618	/work/cyu/stickleback_nuclear_only.fa	1
mrps26	JOE	0.000763159	0.00015714	4.85655	618	/work/cyu/stickleback_nuclear_only.fa	1
mrps26	BEA	0.00113175	4.62291e-05	24.4812	618	/work/cyu/stickleback_nuclear_only.fa	1
mrps26	MUC	0.000426537	7.93829e-05	5.37316	618	/work/cyu/stickleback_nuclear_only.fa	1
mrps26	PYE	0.00145044	0.000146271	9.91611	618	/work/cyu/stickleback_nuclear_only.fa	1
mrps26	AMO	0.00175038	0.000228648	7.65535	618	/work/cyu/stickleback_nuclear_only.fa	1
mrps26	SAY	0.00269647	0.000202921	13.2883	618	/work/cyu/stickleback_nuclear_only.fa	1
mrps26	GOS	0.00220304	0.000123742	17.8035	618	/work/cyu/stickleback_nuclear_only.fa	1
mrps26	ROB	0.000806184	4.0548e-05	19.8822	618	/work/cyu/stickleback_nuclear_only.fa	1
mrps26	FG	0.00104175	7.64105e-05	13.6336	618	/work/cyu/stickleback_nuclear_only.fa	1
mrps26	BOOT	0.0016084	0.000149508	10.7579	618	/work/cyu/stickleback_nuclear_only.fa	1
mrps26	ECHO	0.000230815	7.31064e-05	3.15725	618	/work/cyu/stickleback_nuclear_only.fa	1
mrps26	FRED	0.000403811	0.000154451	2.61448	618	/work/cyu/stickleback_nuclear_only.fa	1
mrps26	LAW	0.000925766	3.23761e-05	28.5941	618	/work/cyu/stickleback_nuclear_only.fa	1
mrps26	PACH	0.000957639	0	NA	618	/work/cyu/stickleback_nuclear_only.fa	1
mrps26	RS	0.00229539	0.000374525	6.1288	618	/work/cyu/stickleback_nuclear_only.fa	1
mrps26	SC	0.00153307	0.000142294	10.774	618	/work/cyu/stickleback_nuclear_only.fa	1
mrps26	LB	0.00191296	8.96191e-05	21.3454	618	/work/cyu/stickleback_nuclear_only.fa	1
mrps26	CH	0.00128078	0.000158746	8.0681	618	/work/cyu/stickleback_nuclear_only.fa	1
mrps26	LG	0.00157631	7.51442e-05	20.9772	618	/work/cyu/stickleback_nuclear_only.fa	1
mrps26	SR	0.00110429	0.000405024	2.72647	618	/work/cyu/stickleback_nuclear_only.fa	1
mrps26	SL	0.00157166	0.000116519	13.4885	618	/work/cyu/stickleback_nuclear_only.fa	1
mrps26	TL	0.00272416	4.76035e-05	57.2261	618	/work/cyu/stickleback_nuclear_only.fa	1
mrps26	WB	0.000975352	8.85325e-05	11.0169	618	/work/cyu/stickleback_nuclear_only.fa	1
mrps26	WT	0.00133255	0.00013163	10.1235	618	/work/cyu/stickleback_nuclear_only.fa	1
mrps26	WK	0.00117153	5.82618e-05	20.1081	618	/work/cyu/stickleback_nuclear_only.fa	1
mrps26	SWA	0.000889927	5.20976e-05	17.0819	618	/work/cyu/stickleback_nuclear_only.fa	1
mrps27	THE	0.00170303	0.00051001	3.33922	1239	/work/cyu/stickleback_nuclear_only.fa	1
mrps27	JOE	0.00162181	0.000123576	13.1239	1239	/work/cyu/stickleback_nuclear_only.fa	1
mrps27	BEA	0.00144199	8.39195e-05	17.183	1239	/work/cyu/stickleback_nuclear_only.fa	1
mrps27	MUC	0.000599512	0.000103909	5.76961	1239	/work/cyu/stickleback_nuclear_only.fa	1
mrps27	PYE	0.00157809	0.000434482	3.63213	1239	/work/cyu/stickleback_nuclear_only.fa	1
mrps27	AMO	0.00189324	0.00039825	4.75389	1239	/work/cyu/stickleback_nuclear_only.fa	1
mrps27	SAY	0.00190428	0.000254823	7.47292	1239	/work/cyu/stickleback_nuclear_only.fa	1
mrps27	GOS	0.00213028	0.000855024	2.49149	1239	/work/cyu/stickleback_nuclear_only.fa	1
mrps27	ROB	0.00178487	0.000574604	3.10627	1239	/work/cyu/stickleback_nuclear_only.fa	1
mrps27	FG	0.00139579	0.000197007	7.08496	1239	/work/cyu/stickleback_nuclear_only.fa	1
mrps27	BOOT	0.00222066	0.000651141	3.41041	1239	/work/cyu/stickleback_nuclear_only.fa	1
mrps27	ECHO	0.00186942	0.000840689	2.22368	1239	/work/cyu/stickleback_nuclear_only.fa	1
mrps27	FRED	0.000960679	0.000517052	1.85799	1239	/work/cyu/stickleback_nuclear_only.fa	1
mrps27	LAW	0.00198751	0.000922031	2.15557	1239	/work/cyu/stickleback_nuclear_only.fa	1
mrps27	PACH	0.000502634	4.2079e-05	11.945	1239	/work/cyu/stickleback_nuclear_only.fa	1
mrps27	RS	0.0024466	0.000763175	3.20582	1239	/work/cyu/stickleback_nuclear_only.fa	1
mrps27	SC	0.00234859	0.000349081	6.72793	1239	/work/cyu/stickleback_nuclear_only.fa	1
mrps27	LB	0.00222791	0.000473434	4.70584	1239	/work/cyu/stickleback_nuclear_only.fa	1
mrps27	CH	0.00186801	0.000216302	8.63611	1239	/work/cyu/stickleback_nuclear_only.fa	1
mrps27	LG	0.00167937	0.000261895	6.41239	1239	/work/cyu/stickleback_nuclear_only.fa	1
mrps27	SR	0.000460008	7.11584e-05	6.46456	1239	/work/cyu/stickleback_nuclear_only.fa	1
mrps27	SL	0.00103423	0.000286373	3.61149	1239	/work/cyu/stickleback_nuclear_only.fa	1
mrps27	TL	0.00121983	0.000452654	2.69484	1239	/work/cyu/stickleback_nuclear_only.fa	1
mrps27	WB	0.00191578	0.000434568	4.40846	1239	/work/cyu/stickleback_nuclear_only.fa	1
mrps27	WT	0.00146784	0.0001266	11.5943	1239	/work/cyu/stickleback_nuclear_only.fa	1
mrps27	WK	0.000427683	0.000160061	2.672	1239	/work/cyu/stickleback_nuclear_only.fa	1
mrps27	SWA	0.000913214	2.73399e-05	33.4022	1239	/work/cyu/stickleback_nuclear_only.fa	1
mrps28	THE	0.000793264	0.00162801	0.487259	558	/work/cyu/stickleback_nuclear_only.fa	1
mrps28	JOE	0.000418406	0.000109314	3.82756	558	/work/cyu/stickleback_nuclear_only.fa	1
mrps28	BEA	0.00119672	0.000292626	4.08959	558	/work/cyu/stickleback_nuclear_only.fa	1
mrps28	MUC	0.000211179	8.26129e-05	2.55625	558	/work/cyu/stickleback_nuclear_only.fa	1
mrps28	PYE	0.00246869	0.000721836	3.42001	558	/work/cyu/stickleback_nuclear_only.fa	1
mrps28	AMO	0.00312479	0.000952242	3.28151	558	/work/cyu/stickleback_nuclear_only.fa	1
mrps28	SAY	0.00122471	0.00103592	1.18224	558	/work/cyu/stickleback_nuclear_only.fa	1
mrps28	GOS	0.000991982	0.000193653	5.12248	558	/work/cyu/stickleback_nuclear_only.fa	1
mrps28	ROB	0.00104435	4.54762e-05	22.9648	558	/work/cyu/stickleback_nuclear_only.fa	1
mrps28	FG	0.0018492	0.000636132	2.90695	558	/work/cyu/stickleback_nuclear_only.fa	1
mrps28	BOOT	0.000463262	0.000204245	2.26817	558	/work/cyu/stickleback_nuclear_only.fa	1
mrps28	ECHO	0.000142746	3.97968e-05	3.58686	558	/work/cyu/stickleback_nuclear_only.fa	1
mrps28	FRED	0.0021706	0.00188827	1.14952	558	/work/cyu/stickleback_nuclear_only.fa	1
mrps28	LAW	0.00238477	0.000884106	2.69738	558	/work/cyu/stickleback_nuclear_only.fa	1
mrps28	PACH	0.00169614	0.000665455	2.54885	558	/work/cyu/stickleback_nuclear_only.fa	1
mrps28	RS	0.00261071	0.000658913	3.96214	558	/work/cyu/stickleback_nuclear_only.fa	1
mrps28	SC	0.00157671	0.000310628	5.07587	558	/work/cyu/stickleback_nuclear_only.fa	1
mrps28	LB	0.00138606	0.000128271	10.8057	558	/work/cyu/stickleback_nuclear_only.fa	1
mrps28	CH	0.0017217	0.000564171	3.05174	558	/work/cyu/stickleback_nuclear_only.fa	1
mrps28	LG	0.0026399	0.000934163	2.82595	558	/work/cyu/stickleback_nuclear_only.fa	1
mrps28	SR	0.00163434	0.000756293	2.16098	558	/work/cyu/stickleback_nuclear_only.fa	1
mrps28	SL	0.00261248	0.000895255	2.91814	558	/work/cyu/stickleback_nuclear_only.fa	1
mrps28	TL	0.0014486	9.74507e-05	14.8649	558	/work/cyu/stickleback_nuclear_only.fa	1
mrps28	WB	0.00221083	0.000850998	2.59793	558	/work/cyu/stickleback_nuclear_only.fa	1
mrps28	WT	0.000692879	0.000754355	0.918505	558	/work/cyu/stickleback_nuclear_only.fa	1
mrps28	WK	0.00207077	0.000355533	5.82441	558	/work/cyu/stickleback_nuclear_only.fa	1
mrps28	SWA	0.00179651	6.22101e-05	28.8782	558	/work/cyu/stickleback_nuclear_only.fa	1
mrps30	THE	0.00153369	0.00180472	0.849819	1311	/work/cyu/stickleback_nuclear_only.fa	1
mrps30	JOE	0.000973007	0.00105811	0.91957	1311	/work/cyu/stickleback_nuclear_only.fa	1
mrps30	BEA	0.00226124	0.0017373	1.30158	1311	/work/cyu/stickleback_nuclear_only.fa	1
mrps30	MUC	0.000781769	0.000996884	0.784212	1311	/work/cyu/stickleback_nuclear_only.fa	1
mrps30	PYE	0.00272633	0.00262921	1.03694	1311	/work/cyu/stickleback_nuclear_only.fa	1
mrps30	AMO	0.00283811	0.00187467	1.51393	1311	/work/cyu/stickleback_nuclear_only.fa	1
mrps30	SAY	0.00186829	0.00260435	0.717372	1311	/work/cyu/stickleback_nuclear_only.fa	1
mrps30	GOS	0.000861802	0.00124268	0.6935	1311	/work/cyu/stickleback_nuclear_only.fa	1
mrps30	ROB	0.0019081	0.00279419	0.682881	1311	/work/cyu/stickleback_nuclear_only.fa	1
mrps30	FG	0.000987507	0.00260485	0.379103	1311	/work/cyu/stickleback_nuclear_only.fa	1
mrps30	BOOT	0.00141211	0.00154531	0.913802	1311	/work/cyu/stickleback_nuclear_only.fa	1
mrps30	ECHO	0.000797609	0.00084877	0.939724	1311	/work/cyu/stickleback_nuclear_only.fa	1
mrps30	FRED	0.00125672	0.00215859	0.582193	1311	/work/cyu/stickleback_nuclear_only.fa	1
mrps30	LAW	0.0017773	0.00210847	0.842933	1311	/work/cyu/stickleback_nuclear_only.fa	1
mrps30	PACH	0.0013831	0.000946567	1.46118	1311	/work/cyu/stickleback_nuclear_only.fa	1
mrps30	RS	0.00214142	0.00303486	0.705607	1311	/work/cyu/stickleback_nuclear_only.fa	1
mrps30	SC	0.00159311	0.00305588	0.521328	1311	/work/cyu/stickleback_nuclear_only.fa	1
mrps30	LB	0.00145952	0.00224046	0.651437	1311	/work/cyu/stickleback_nuclear_only.fa	1
mrps30	CH	0.00163241	0.00237984	0.68593	1311	/work/cyu/stickleback_nuclear_only.fa	1
mrps30	LG	0.00136548	0.00231761	0.589175	1311	/work/cyu/stickleback_nuclear_only.fa	1
mrps30	SR	0.00122323	0.00237343	0.515384	1311	/work/cyu/stickleback_nuclear_only.fa	1
mrps30	SL	0.00140629	0.00177029	0.794382	1311	/work/cyu/stickleback_nuclear_only.fa	1
mrps30	TL	0.000881132	0.00177258	0.497089	1311	/work/cyu/stickleback_nuclear_only.fa	1
mrps30	WB	0.00133271	0.00288806	0.461453	1311	/work/cyu/stickleback_nuclear_only.fa	1
mrps30	WT	0.000750558	0.00208486	0.360004	1311	/work/cyu/stickleback_nuclear_only.fa	1
mrps30	WK	0.000886903	0.00228319	0.388449	1311	/work/cyu/stickleback_nuclear_only.fa	1
mrps30	SWA	0.00174904	0.00210874	0.829425	1311	/work/cyu/stickleback_nuclear_only.fa	1
mrps33	THE	0.00335617	0.000558837	6.00562	315	/work/cyu/stickleback_nuclear_only.fa	1
mrps33	JOE	0.000515886	0.00031996	1.61235	315	/work/cyu/stickleback_nuclear_only.fa	1
mrps33	BEA	0.0018215	0.000125383	14.5274	315	/work/cyu/stickleback_nuclear_only.fa	1
mrps33	MUC	0.000585837	5.47345e-05	10.7032	315	/work/cyu/stickleback_nuclear_only.fa	1
mrps33	PYE	0.00106643	0.000155521	6.85717	315	/work/cyu/stickleback_nuclear_only.fa	1
mrps33	AMO	0.00168821	0	NA	315	/work/cyu/stickleback_nuclear_only.fa	1
mrps33	SAY	0.00132241	0.000215217	6.14453	315	/work/cyu/stickleback_nuclear_only.fa	1
mrps33	GOS	0.000585464	6.99377e-05	8.37121	315	/work/cyu/stickleback_nuclear_only.fa	1
mrps33	ROB	0.0019649	0	NA	315	/work/cyu/stickleback_nuclear_only.fa	1
mrps33	FG	0.00228283	8.79085e-05	25.9683	315	/work/cyu/stickleback_nuclear_only.fa	1
mrps33	BOOT	0.000499078	7.04972e-05	7.0794	315	/work/cyu/stickleback_nuclear_only.fa	1
mrps33	ECHO	0.000330475	5.88577e-05	5.61481	315	/work/cyu/stickleback_nuclear_only.fa	1
mrps33	FRED	0.00132314	0.00112382	1.17736	315	/work/cyu/stickleback_nuclear_only.fa	1
mrps33	LAW	0.00162636	0.000433481	3.75185	315	/work/cyu/stickleback_nuclear_only.fa	1
mrps33	PACH	7.36645e-05	0	NA	315	/work/cyu/stickleback_nuclear_only.fa	1
mrps33	RS	0.00183918	0.000662805	2.77484	315	/work/cyu/stickleback_nuclear_only.fa	1
mrps33	SC	0.000926254	0.000118916	7.78917	315	/work/cyu/stickleback_nuclear_only.fa	1
mrps33	LB	0.00132087	0.000259696	5.08623	315	/work/cyu/stickleback_nuclear_only.fa	1
mrps33	CH	0.00133564	0.000427768	3.12234	315	/work/cyu/stickleback_nuclear_only.fa	1
mrps33	LG	0.00140058	0.000755062	1.85492	315	/work/cyu/stickleback_nuclear_only.fa	1
mrps33	SR	0.000184309	0.00031188	0.59096	315	/work/cyu/stickleback_nuclear_only.fa	1
mrps33	SL	0.000446074	0.000269676	1.65411	315	/work/cyu/stickleback_nuclear_only.fa	1
mrps33	TL	0.000285415	0.000181873	1.56931	315	/work/cyu/stickleback_nuclear_only.fa	1
mrps33	WB	0.000510023	0.000189465	2.69191	315	/work/cyu/stickleback_nuclear_only.fa	1
mrps33	WT	0.00070857	0.000346983	2.04209	315	/work/cyu/stickleback_nuclear_only.fa	1
mrps33	WK	0.00105637	9.61915e-05	10.982	315	/work/cyu/stickleback_nuclear_only.fa	1
mrps33	SWA	8.88e-05	0	NA	315	/work/cyu/stickleback_nuclear_only.fa	1
mrps34	THE	0.00067039	0.000664477	1.0089	654	/work/cyu/stickleback_nuclear_only.fa	1
mrps34	JOE	0.000534061	0.00135688	0.393595	654	/work/cyu/stickleback_nuclear_only.fa	1
mrps34	BEA	0.000150461	0.000678711	0.221687	654	/work/cyu/stickleback_nuclear_only.fa	1
mrps34	MUC	0.00014873	0.000690121	0.215513	654	/work/cyu/stickleback_nuclear_only.fa	1
mrps34	PYE	0.00118972	0.00101868	1.1679	654	/work/cyu/stickleback_nuclear_only.fa	1
mrps34	AMO	0.000119747	0.00025918	0.462024	654	/work/cyu/stickleback_nuclear_only.fa	1
mrps34	SAY	0.000608464	0.00131426	0.46297	654	/work/cyu/stickleback_nuclear_only.fa	1
mrps34	GOS	0.00014641	6.55871e-05	2.23229	654	/work/cyu/stickleback_nuclear_only.fa	1
mrps34	ROB	0.000577605	0.0004515	1.2793	654	/work/cyu/stickleback_nuclear_only.fa	1
mrps34	FG	9.80472e-05	0.00127304	0.0770183	654	/work/cyu/stickleback_nuclear_only.fa	1
mrps34	BOOT	0.00030283	0.000181511	1.66838	654	/work/cyu/stickleback_nuclear_only.fa	1
mrps34	ECHO	0.000217276	0.000224196	0.969134	654	/work/cyu/stickleback_nuclear_only.fa	1
mrps34	FRED	0.00112387	0.000548526	2.04888	654	/work/cyu/stickleback_nuclear_only.fa	1
mrps34	LAW	0.000271096	0.000150446	1.80195	654	/work/cyu/stickleback_nuclear_only.fa	1
mrps34	PACH	0.00101414	0.000122132	8.30362	654	/work/cyu/stickleback_nuclear_only.fa	1
mrps34	RS	0.00115465	0.00131061	0.881003	654	/work/cyu/stickleback_nuclear_only.fa	1
mrps34	SC	0.00135509	0.00127446	1.06327	654	/work/cyu/stickleback_nuclear_only.fa	1
mrps34	LB	0.000867775	0.000789134	1.09966	654	/work/cyu/stickleback_nuclear_only.fa	1
mrps34	CH	0.000501312	0.00135429	0.370167	654	/work/cyu/stickleback_nuclear_only.fa	1
mrps34	LG	0.000640277	0.00160816	0.398142	654	/work/cyu/stickleback_nuclear_only.fa	1
mrps34	SR	0.000127977	0.00118232	0.108242	654	/work/cyu/stickleback_nuclear_only.fa	1
mrps34	SL	0.000524571	0.0011744	0.446673	654	/work/cyu/stickleback_nuclear_only.fa	1
mrps34	TL	0.000187632	0.000802531	0.2338	654	/work/cyu/stickleback_nuclear_only.fa	1
mrps34	WB	0.000246815	0.000938871	0.262884	654	/work/cyu/stickleback_nuclear_only.fa	1
mrps34	WT	0.000280057	0.00119942	0.233494	654	/work/cyu/stickleback_nuclear_only.fa	1
mrps34	WK	0.000153838	0.00133119	0.115564	654	/work/cyu/stickleback_nuclear_only.fa	1
mrps34	SWA	0.000649147	0.000428407	1.51526	654	/work/cyu/stickleback_nuclear_only.fa	1
mrps35	THE	0.00189021	0.00159477	1.18525	999	/work/cyu/stickleback_nuclear_only.fa	1
mrps35	JOE	0.000537956	0.000211606	2.54226	999	/work/cyu/stickleback_nuclear_only.fa	1
mrps35	BEA	0.000373439	0.000206783	1.80595	999	/work/cyu/stickleback_nuclear_only.fa	1
mrps35	MUC	0.00120832	0.000655158	1.84433	999	/work/cyu/stickleback_nuclear_only.fa	1
mrps35	PYE	0.00126822	0.00163237	0.776921	999	/work/cyu/stickleback_nuclear_only.fa	1
mrps35	AMO	0.00125741	0.00138113	0.910419	999	/work/cyu/stickleback_nuclear_only.fa	1
mrps35	SAY	0.00146168	0.00117108	1.24815	999	/work/cyu/stickleback_nuclear_only.fa	1
mrps35	GOS	0.00125441	6.78029e-05	18.5008	999	/work/cyu/stickleback_nuclear_only.fa	1
mrps35	ROB	0.00215938	0.00110774	1.94935	999	/work/cyu/stickleback_nuclear_only.fa	1
mrps35	FG	0.00140466	0.000867141	1.61988	999	/work/cyu/stickleback_nuclear_only.fa	1
mrps35	BOOT	0.00159267	0.000921788	1.72781	999	/work/cyu/stickleback_nuclear_only.fa	1
mrps35	ECHO	0.00106882	9.19556e-05	11.6232	999	/work/cyu/stickleback_nuclear_only.fa	1
mrps35	FRED	0.000437189	0.000365129	1.19736	999	/work/cyu/stickleback_nuclear_only.fa	1
mrps35	LAW	0.000997214	0.000599251	1.6641	999	/work/cyu/stickleback_nuclear_only.fa	1
mrps35	PACH	0.000220775	0.000332335	0.664313	999	/work/cyu/stickleback_nuclear_only.fa	1
mrps35	RS	0.00231179	0.00137223	1.6847	999	/work/cyu/stickleback_nuclear_only.fa	1
mrps35	SC	0.0019194	0.000896885	2.14007	999	/work/cyu/stickleback_nuclear_only.fa	1
mrps35	LB	0.00135479	0.00129552	1.04575	999	/work/cyu/stickleback_nuclear_only.fa	1
mrps35	CH	0.00160353	0.0012669	1.26572	999	/work/cyu/stickleback_nuclear_only.fa	1
mrps35	LG	0.00105216	0.000718974	1.46342	999	/work/cyu/stickleback_nuclear_only.fa	1
mrps35	SR	0.000663014	0.000607238	1.09185	999	/work/cyu/stickleback_nuclear_only.fa	1
mrps35	SL	0.00174577	0.000777636	2.24497	999	/work/cyu/stickleback_nuclear_only.fa	1
mrps35	TL	0.000318352	0.00023182	1.37327	999	/work/cyu/stickleback_nuclear_only.fa	1
mrps35	WB	0.00131928	0.000578924	2.27884	999	/work/cyu/stickleback_nuclear_only.fa	1
mrps35	WT	0.00155999	0.00104123	1.49821	999	/work/cyu/stickleback_nuclear_only.fa	1
mrps35	WK	0.00136094	0.000765181	1.77859	999	/work/cyu/stickleback_nuclear_only.fa	1
mrps35	SWA	0.000451729	0.000435612	1.037	999	/work/cyu/stickleback_nuclear_only.fa	1
mrps7	THE	0.000810645	6.54559e-05	12.3846	630	/work/cyu/stickleback_nuclear_only.fa	1
mrps7	JOE	0.00107372	6.47312e-05	16.5873	630	/work/cyu/stickleback_nuclear_only.fa	1
mrps7	BEA	0.000329674	2.40868e-05	13.6869	630	/work/cyu/stickleback_nuclear_only.fa	1
mrps7	MUC	0.000911857	0.000268749	3.39297	630	/work/cyu/stickleback_nuclear_only.fa	1
mrps7	PYE	0.000564016	2.76073e-05	20.4299	630	/work/cyu/stickleback_nuclear_only.fa	1
mrps7	AMO	0.000326456	0.000127384	2.56278	630	/work/cyu/stickleback_nuclear_only.fa	1
mrps7	SAY	0.00159812	0.000165353	9.66487	630	/work/cyu/stickleback_nuclear_only.fa	1
mrps7	GOS	0.000662091	6.83985e-05	9.6799	630	/work/cyu/stickleback_nuclear_only.fa	1
mrps7	ROB	0.00117104	6.96575e-05	16.8114	630	/work/cyu/stickleback_nuclear_only.fa	1
mrps7	FG	0.00020511	0.000111694	1.83636	630	/work/cyu/stickleback_nuclear_only.fa	1
mrps7	BOOT	0.000261617	0	NA	630	/work/cyu/stickleback_nuclear_only.fa	1
mrps7	ECHO	0.000165347	0.000107924	1.53207	630	/work/cyu/stickleback_nuclear_only.fa	1
mrps7	FRED	0.00091493	0.000223055	4.10181	630	/work/cyu/stickleback_nuclear_only.fa	1
mrps7	LAW	0.000741685	0.000100224	7.4003	630	/work/cyu/stickleback_nuclear_only.fa	1
mrps7	PACH	0.000713066	6.18417e-05	11.5305	630	/work/cyu/stickleback_nuclear_only.fa	1
mrps7	RS	0.00165787	0.000466274	3.55557	630	/work/cyu/stickleback_nuclear_only.fa	1
mrps7	SC	0.000792754	0.000271963	2.91493	630	/work/cyu/stickleback_nuclear_only.fa	1
mrps7	LB	0.00110017	0.000528031	2.08354	630	/work/cyu/stickleback_nuclear_only.fa	1
mrps7	CH	0.0010168	0.000149813	6.78712	630	/work/cyu/stickleback_nuclear_only.fa	1
mrps7	LG	0.0009526	0.000241437	3.94555	630	/work/cyu/stickleback_nuclear_only.fa	1
mrps7	SR	0.000244917	0.000251474	0.973928	630	/work/cyu/stickleback_nuclear_only.fa	1
mrps7	SL	0.000963624	0.000726581	1.32624	630	/work/cyu/stickleback_nuclear_only.fa	1
mrps7	TL	0.00142555	2.22434e-05	64.0888	630	/work/cyu/stickleback_nuclear_only.fa	1
mrps7	WB	0.000947333	0.000848082	1.11703	630	/work/cyu/stickleback_nuclear_only.fa	1
mrps7	WT	0.000920249	0.000834514	1.10274	630	/work/cyu/stickleback_nuclear_only.fa	1
mrps7	WK	0.000508745	0.000511293	0.995015	630	/work/cyu/stickleback_nuclear_only.fa	1
mrps7	SWA	9.51112e-05	6.16151e-05	1.54363	630	/work/cyu/stickleback_nuclear_only.fa	1
nars	THE	0.000989187	0.000235033	4.20872	1671	/work/cyu/stickleback_nuclear_only.fa	1
nars	JOE	0.000714939	0.000120048	5.95545	1671	/work/cyu/stickleback_nuclear_only.fa	1
nars	BEA	0.000780086	7.35588e-05	10.6049	1671	/work/cyu/stickleback_nuclear_only.fa	1
nars	MUC	0.000354017	0.000478649	0.739616	1671	/work/cyu/stickleback_nuclear_only.fa	1
nars	PYE	0.00124159	0.000504654	2.46029	1671	/work/cyu/stickleback_nuclear_only.fa	1
nars	AMO	0.00132506	0.000632594	2.09465	1671	/work/cyu/stickleback_nuclear_only.fa	1
nars	SAY	0.00170735	0.000566813	3.0122	1671	/work/cyu/stickleback_nuclear_only.fa	1
nars	GOS	0.000524226	0.000305227	1.7175	1671	/work/cyu/stickleback_nuclear_only.fa	1
nars	ROB	0.00146842	0.000211258	6.95084	1671	/work/cyu/stickleback_nuclear_only.fa	1
nars	FG	0.00124023	0.000584285	2.12265	1671	/work/cyu/stickleback_nuclear_only.fa	1
nars	BOOT	0.000628521	0.000504885	1.24488	1671	/work/cyu/stickleback_nuclear_only.fa	1
nars	ECHO	0.00048814	0.000379268	1.28706	1671	/work/cyu/stickleback_nuclear_only.fa	1
nars	FRED	0.00123525	0.00031017	3.98248	1671	/work/cyu/stickleback_nuclear_only.fa	1
nars	LAW	0.00139501	0.000691359	2.01778	1671	/work/cyu/stickleback_nuclear_only.fa	1
nars	PACH	0.000283783	7.65556e-05	3.70688	1671	/work/cyu/stickleback_nuclear_only.fa	1
nars	RS	0.00224008	0.000817538	2.74004	1671	/work/cyu/stickleback_nuclear_only.fa	1
nars	SC	0.00137796	0.000340649	4.04511	1671	/work/cyu/stickleback_nuclear_only.fa	1
nars	LB	0.0019257	0.000655965	2.93568	1671	/work/cyu/stickleback_nuclear_only.fa	1
nars	CH	0.00160986	0.000687579	2.34134	1671	/work/cyu/stickleback_nuclear_only.fa	1
nars	LG	0.00147579	0.000672737	2.1937	1671	/work/cyu/stickleback_nuclear_only.fa	1
nars	SR	0.00119218	0.000743127	1.60427	1671	/work/cyu/stickleback_nuclear_only.fa	1
nars	SL	0.00144426	0.000582557	2.47917	1671	/work/cyu/stickleback_nuclear_only.fa	1
nars	TL	0.000358867	0.00017639	2.03451	1671	/work/cyu/stickleback_nuclear_only.fa	1
nars	WB	0.0019145	0.000615624	3.10985	1671	/work/cyu/stickleback_nuclear_only.fa	1
nars	WT	0.000929317	0.000510901	1.81898	1671	/work/cyu/stickleback_nuclear_only.fa	1
nars	WK	0.00163676	0.000711017	2.30199	1671	/work/cyu/stickleback_nuclear_only.fa	1
nars	SWA	0.000461392	0.00011439	4.03349	1671	/work/cyu/stickleback_nuclear_only.fa	1
nars2	THE	0.000402482	1.19499e-05	33.6807	1452	/work/cyu/stickleback_nuclear_only.fa	1
nars2	JOE	0.000346177	0.000189428	1.82749	1452	/work/cyu/stickleback_nuclear_only.fa	1
nars2	BEA	0.000335859	2.06175e-05	16.29	1452	/work/cyu/stickleback_nuclear_only.fa	1
nars2	MUC	0.000170871	1.14817e-05	14.882	1452	/work/cyu/stickleback_nuclear_only.fa	1
nars2	PYE	0.000455557	9.50203e-05	4.79431	1452	/work/cyu/stickleback_nuclear_only.fa	1
nars2	AMO	0.000196776	7.1349e-05	2.75793	1452	/work/cyu/stickleback_nuclear_only.fa	1
nars2	SAY	0.000398717	7.77819e-05	5.12609	1452	/work/cyu/stickleback_nuclear_only.fa	1
nars2	GOS	0.000274022	0.000123574	2.21748	1452	/work/cyu/stickleback_nuclear_only.fa	1
nars2	ROB	0.000285322	0.00010785	2.64554	1452	/work/cyu/stickleback_nuclear_only.fa	1
nars2	FG	0.000586059	4.38944e-05	13.3516	1452	/work/cyu/stickleback_nuclear_only.fa	1
nars2	BOOT	0.00020986	0.000170557	1.23044	1452	/work/cyu/stickleback_nuclear_only.fa	1
nars2	ECHO	0.000221726	7.37863e-05	3.00497	1452	/work/cyu/stickleback_nuclear_only.fa	1
nars2	FRED	0.000172194	6.40627e-05	2.68789	1452	/work/cyu/stickleback_nuclear_only.fa	1
nars2	LAW	0.000508544	0.000114663	4.43511	1452	/work/cyu/stickleback_nuclear_only.fa	1
nars2	PACH	0.000363793	8.40824e-05	4.32662	1452	/work/cyu/stickleback_nuclear_only.fa	1
nars2	RS	0.00101839	0.000313352	3.25	1452	/work/cyu/stickleback_nuclear_only.fa	1
nars2	SC	0.000394515	0.000136158	2.89747	1452	/work/cyu/stickleback_nuclear_only.fa	1
nars2	LB	0.000745576	9.88752e-05	7.54057	1452	/work/cyu/stickleback_nuclear_only.fa	1
nars2	CH	0.000851789	5.93833e-05	14.3439	1452	/work/cyu/stickleback_nuclear_only.fa	1
nars2	LG	0.000671738	3.16827e-05	21.202	1452	/work/cyu/stickleback_nuclear_only.fa	1
nars2	SR	0.000260907	6.76693e-05	3.85562	1452	/work/cyu/stickleback_nuclear_only.fa	1
nars2	SL	0.000864084	3.33354e-05	25.9209	1452	/work/cyu/stickleback_nuclear_only.fa	1
nars2	TL	0.000349964	8.44609e-05	4.14351	1452	/work/cyu/stickleback_nuclear_only.fa	1
nars2	WB	0.000760136	3.97482e-05	19.1238	1452	/work/cyu/stickleback_nuclear_only.fa	1
nars2	WT	0.000560577	0.000193143	2.9024	1452	/work/cyu/stickleback_nuclear_only.fa	1
nars2	WK	0.00021139	7.33255e-05	2.8829	1452	/work/cyu/stickleback_nuclear_only.fa	1
nars2	SWA	0.000351647	3.20145e-05	10.984	1452	/work/cyu/stickleback_nuclear_only.fa	1
ndufa1	THE	0.000361602	0	NA	210	/work/cyu/stickleback_nuclear_only.fa	1
ndufa1	JOE	0.000394829	6.22445e-05	6.3432	210	/work/cyu/stickleback_nuclear_only.fa	1
ndufa1	BEA	0.000207061	0	NA	210	/work/cyu/stickleback_nuclear_only.fa	1
ndufa1	MUC	7.38927e-05	0	NA	210	/work/cyu/stickleback_nuclear_only.fa	1
ndufa1	PYE	0.000218301	0.000149648	1.45876	210	/work/cyu/stickleback_nuclear_only.fa	1
ndufa1	AMO	0.000193602	0.00220404	0.0878398	210	/work/cyu/stickleback_nuclear_only.fa	1
ndufa1	SAY	0.000358977	0.000411735	0.871864	210	/work/cyu/stickleback_nuclear_only.fa	1
ndufa1	GOS	0	0.00228193	0	210	/work/cyu/stickleback_nuclear_only.fa	1
ndufa1	ROB	0.000115015	0.000532413	0.216026	210	/work/cyu/stickleback_nuclear_only.fa	1
ndufa1	FG	0	6.45828e-05	0	210	/work/cyu/stickleback_nuclear_only.fa	1
ndufa1	BOOT	0	0.000824267	0	210	/work/cyu/stickleback_nuclear_only.fa	1
ndufa1	ECHO	0.00010935	0.000216157	0.505882	210	/work/cyu/stickleback_nuclear_only.fa	1
ndufa1	FRED	0.000481209	0.000128356	3.74902	210	/work/cyu/stickleback_nuclear_only.fa	1
ndufa1	LAW	0.000424966	0.00149256	0.284723	210	/work/cyu/stickleback_nuclear_only.fa	1
ndufa1	PACH	9.33358e-05	0.00017036	0.547873	210	/work/cyu/stickleback_nuclear_only.fa	1
ndufa1	RS	0.000741354	0.00143169	0.517818	210	/work/cyu/stickleback_nuclear_only.fa	1
ndufa1	SC	0.000129546	0.00083627	0.15491	210	/work/cyu/stickleback_nuclear_only.fa	1
ndufa1	LB	0.000341535	0.000595947	0.573097	210	/work/cyu/stickleback_nuclear_only.fa	1
ndufa1	CH	0.000204161	0.000424487	0.480959	210	/work/cyu/stickleback_nuclear_only.fa	1
ndufa1	LG	8.68876e-05	9.18994e-05	0.945464	210	/work/cyu/stickleback_nuclear_only.fa	1
ndufa1	SR	0.000163711	0.000258653	0.632937	210	/work/cyu/stickleback_nuclear_only.fa	1
ndufa1	SL	0.000283138	0.000220497	1.28409	210	/work/cyu/stickleback_nuclear_only.fa	1
ndufa1	TL	0.000314231	6.96311e-05	4.51279	210	/work/cyu/stickleback_nuclear_only.fa	1
ndufa1	WB	0.000243517	0	NA	210	/work/cyu/stickleback_nuclear_only.fa	1
ndufa1	WT	0.000205235	0	NA	210	/work/cyu/stickleback_nuclear_only.fa	1
ndufa1	WK	0.000303968	0.00167033	0.181981	210	/work/cyu/stickleback_nuclear_only.fa	1
ndufa1	SWA	0.000280331	0	NA	210	/work/cyu/stickleback_nuclear_only.fa	1
ndufa10	THE	0.0013242	0.000902373	1.46746	1044	/work/cyu/stickleback_nuclear_only.fa	1
ndufa10	JOE	0.000606297	0.000240497	2.52102	1044	/work/cyu/stickleback_nuclear_only.fa	1
ndufa10	BEA	0.00107827	0.0019524	0.552282	1044	/work/cyu/stickleback_nuclear_only.fa	1
ndufa10	MUC	0.000234882	0.000138018	1.70183	1044	/work/cyu/stickleback_nuclear_only.fa	1
ndufa10	PYE	0.00166812	0.00153559	1.0863	1044	/work/cyu/stickleback_nuclear_only.fa	1
ndufa10	AMO	0.00160725	0.00128209	1.25362	1044	/work/cyu/stickleback_nuclear_only.fa	1
ndufa10	SAY	0.00243178	0.00108668	2.2378	1044	/work/cyu/stickleback_nuclear_only.fa	1
ndufa10	GOS	0.000736364	6.19514e-05	11.8862	1044	/work/cyu/stickleback_nuclear_only.fa	1
ndufa10	ROB	0.00188892	0.00139977	1.34946	1044	/work/cyu/stickleback_nuclear_only.fa	1
ndufa10	FG	0.00100016	0.000946038	1.05721	1044	/work/cyu/stickleback_nuclear_only.fa	1
ndufa10	BOOT	0.00029078	4.55378e-05	6.38545	1043	/work/cyu/stickleback_nuclear_only.fa	1
ndufa10	ECHO	0.00126115	4.30991e-05	29.2616	1044	/work/cyu/stickleback_nuclear_only.fa	1
ndufa10	FRED	0.00139215	0.000344198	4.04463	1044	/work/cyu/stickleback_nuclear_only.fa	1
ndufa10	LAW	0.000574301	0.000306116	1.87609	1044	/work/cyu/stickleback_nuclear_only.fa	1
ndufa10	PACH	0.000849812	0.000260497	3.26226	1044	/work/cyu/stickleback_nuclear_only.fa	1
ndufa10	RS	0.00174427	0.00067298	2.59186	1044	/work/cyu/stickleback_nuclear_only.fa	1
ndufa10	SC	0.00187985	0.000712539	2.63824	1044	/work/cyu/stickleback_nuclear_only.fa	1
ndufa10	LB	0.0029384	0.000484435	6.06563	1044	/work/cyu/stickleback_nuclear_only.fa	1
ndufa10	CH	0.00151201	0.000787432	1.92018	1044	/work/cyu/stickleback_nuclear_only.fa	1
ndufa10	LG	0.00115362	0.00116131	0.993378	1044	/work/cyu/stickleback_nuclear_only.fa	1
ndufa10	SR	0.00194759	0.000732314	2.65951	1044	/work/cyu/stickleback_nuclear_only.fa	1
ndufa10	SL	0.00114129	0.00145729	0.783161	1044	/work/cyu/stickleback_nuclear_only.fa	1
ndufa10	TL	0.000440391	0.000177325	2.48352	1044	/work/cyu/stickleback_nuclear_only.fa	1
ndufa10	WB	0.00139736	0.000402841	3.46876	1044	/work/cyu/stickleback_nuclear_only.fa	1
ndufa10	WT	0.0025657	0.000738275	3.47527	1044	/work/cyu/stickleback_nuclear_only.fa	1
ndufa10	WK	0.00237097	0.00100131	2.36786	1044	/work/cyu/stickleback_nuclear_only.fa	1
ndufa10	SWA	0.000557807	0.000199688	2.7934	1044	/work/cyu/stickleback_nuclear_only.fa	1
ndufa11	THE	0.000658922	5.94358e-05	11.0863	417	/work/cyu/stickleback_nuclear_only.fa	1
ndufa11	JOE	0.000394496	0.0001767	2.23258	417	/work/cyu/stickleback_nuclear_only.fa	1
ndufa11	BEA	0.000314495	0.000137487	2.28745	417	/work/cyu/stickleback_nuclear_only.fa	1
ndufa11	MUC	0.000332345	7.15215e-05	4.64678	417	/work/cyu/stickleback_nuclear_only.fa	1
ndufa11	PYE	0.000319085	7.47994e-05	4.26587	417	/work/cyu/stickleback_nuclear_only.fa	1
ndufa11	AMO	0.0016431	0.000108373	15.1615	417	/work/cyu/stickleback_nuclear_only.fa	1
ndufa11	SAY	0.000916783	0.000170843	5.36623	417	/work/cyu/stickleback_nuclear_only.fa	1
ndufa11	GOS	0.000274558	0.000161453	1.70055	417	/work/cyu/stickleback_nuclear_only.fa	1
ndufa11	ROB	0.000432332	5.28307e-05	8.18336	417	/work/cyu/stickleback_nuclear_only.fa	1
ndufa11	FG	6.84118e-05	0	NA	417	/work/cyu/stickleback_nuclear_only.fa	1
ndufa11	BOOT	0.000109686	4.79818e-05	2.28599	417	/work/cyu/stickleback_nuclear_only.fa	1
ndufa11	ECHO	9.35071e-05	0.000133172	0.702153	417	/work/cyu/stickleback_nuclear_only.fa	1
ndufa11	FRED	0.00150153	0.000197436	7.60513	417	/work/cyu/stickleback_nuclear_only.fa	1
ndufa11	LAW	0.000533274	0.000162182	3.28812	417	/work/cyu/stickleback_nuclear_only.fa	1
ndufa11	PACH	0.000156287	0.000113247	1.38005	417	/work/cyu/stickleback_nuclear_only.fa	1
ndufa11	RS	0.00181074	0.000405421	4.46631	417	/work/cyu/stickleback_nuclear_only.fa	1
ndufa11	SC	0.00111562	0.000107913	10.3381	417	/work/cyu/stickleback_nuclear_only.fa	1
ndufa11	LB	0.000681819	9.13186e-05	7.46637	417	/work/cyu/stickleback_nuclear_only.fa	1
ndufa11	CH	0.000939446	5.72959e-05	16.3964	417	/work/cyu/stickleback_nuclear_only.fa	1
ndufa11	LG	0.00124667	3.43811e-05	36.2604	417	/work/cyu/stickleback_nuclear_only.fa	1
ndufa11	SR	0.000888328	3.73761e-05	23.7673	417	/work/cyu/stickleback_nuclear_only.fa	1
ndufa11	SL	0.000462634	6.706e-05	6.89882	417	/work/cyu/stickleback_nuclear_only.fa	1
ndufa11	TL	0.00073152	4.52237e-05	16.1756	417	/work/cyu/stickleback_nuclear_only.fa	1
ndufa11	WB	0.00254893	0.000195604	13.031	417	/work/cyu/stickleback_nuclear_only.fa	1
ndufa11	WT	0.000297727	7.51895e-05	3.9597	417	/work/cyu/stickleback_nuclear_only.fa	1
ndufa11	WK	0.000702628	0	NA	417	/work/cyu/stickleback_nuclear_only.fa	1
ndufa11	SWA	4.05828e-05	4.16322e-05	0.974794	417	/work/cyu/stickleback_nuclear_only.fa	1
ndufa12	THE	0.00124239	0.000931115	1.3343	435	/work/cyu/stickleback_nuclear_only.fa	1
ndufa12	JOE	0.000736052	0.00142286	0.517305	435	/work/cyu/stickleback_nuclear_only.fa	1
ndufa12	BEA	0.00110934	0.00133095	0.833494	435	/work/cyu/stickleback_nuclear_only.fa	1
ndufa12	MUC	0.000347246	0.000214863	1.61613	435	/work/cyu/stickleback_nuclear_only.fa	1
ndufa12	PYE	0.00201891	0.000483522	4.17542	435	/work/cyu/stickleback_nuclear_only.fa	1
ndufa12	AMO	0.00218291	0.000314947	6.93106	435	/work/cyu/stickleback_nuclear_only.fa	1
ndufa12	SAY	0.00175607	0.000971931	1.80678	435	/work/cyu/stickleback_nuclear_only.fa	1
ndufa12	GOS	0.00135218	0.000160078	8.447	435	/work/cyu/stickleback_nuclear_only.fa	1
ndufa12	ROB	0.00105588	0.000202468	5.21508	435	/work/cyu/stickleback_nuclear_only.fa	1
ndufa12	FG	0.0012256	0.000229226	5.3467	435	/work/cyu/stickleback_nuclear_only.fa	1
ndufa12	BOOT	0.00134276	0.000316334	4.24475	435	/work/cyu/stickleback_nuclear_only.fa	1
ndufa12	ECHO	0.000615673	5.27896e-05	11.6628	435	/work/cyu/stickleback_nuclear_only.fa	1
ndufa12	FRED	0.000977099	8.15218e-05	11.9857	435	/work/cyu/stickleback_nuclear_only.fa	1
ndufa12	LAW	0.00213083	0.000162287	13.1301	435	/work/cyu/stickleback_nuclear_only.fa	1
ndufa12	PACH	0.00149994	4.73571e-05	31.6729	435	/work/cyu/stickleback_nuclear_only.fa	1
ndufa12	RS	0.00220947	0.00139649	1.58217	435	/work/cyu/stickleback_nuclear_only.fa	1
ndufa12	SC	0.00189832	0.00157393	1.2061	435	/work/cyu/stickleback_nuclear_only.fa	1
ndufa12	LB	0.00100575	0.000966352	1.04077	435	/work/cyu/stickleback_nuclear_only.fa	1
ndufa12	CH	0.0018364	0.0010842	1.69378	435	/work/cyu/stickleback_nuclear_only.fa	1
ndufa12	LG	0.00169735	0.000940269	1.80518	435	/work/cyu/stickleback_nuclear_only.fa	1
ndufa12	SR	0.0017073	0.00114119	1.49606	435	/work/cyu/stickleback_nuclear_only.fa	1
ndufa12	SL	0.00180763	0.00116539	1.55109	435	/work/cyu/stickleback_nuclear_only.fa	1
ndufa12	TL	0.00223534	0.000288779	7.74064	435	/work/cyu/stickleback_nuclear_only.fa	1
ndufa12	WB	0.0012427	0.000682706	1.82026	435	/work/cyu/stickleback_nuclear_only.fa	1
ndufa12	WT	0.00102049	0.00150378	0.678619	435	/work/cyu/stickleback_nuclear_only.fa	1
ndufa12	WK	0.00168891	0.000311464	5.42249	435	/work/cyu/stickleback_nuclear_only.fa	1
ndufa12	SWA	0.000807746	0.000627577	1.28709	435	/work/cyu/stickleback_nuclear_only.fa	1
ndufa13	THE	0.000667472	9.58807e-05	6.96149	426	/work/cyu/stickleback_nuclear_only.fa	1
ndufa13	JOE	0.000377141	7.72091e-05	4.88467	426	/work/cyu/stickleback_nuclear_only.fa	1
ndufa13	BEA	0.00120515	3.8517e-05	31.2887	426	/work/cyu/stickleback_nuclear_only.fa	1
ndufa13	MUC	0.000340511	0.000100352	3.39318	426	/work/cyu/stickleback_nuclear_only.fa	1
ndufa13	PYE	0.000641973	0.000233406	2.75045	426	/work/cyu/stickleback_nuclear_only.fa	1
ndufa13	AMO	0.000274646	4.15199e-05	6.61482	426	/work/cyu/stickleback_nuclear_only.fa	1
ndufa13	SAY	9.02985e-05	9.9417e-05	0.90828	426	/work/cyu/stickleback_nuclear_only.fa	1
ndufa13	GOS	0.000114458	0	NA	426	/work/cyu/stickleback_nuclear_only.fa	1
ndufa13	ROB	0.000232823	0	NA	426	/work/cyu/stickleback_nuclear_only.fa	1
ndufa13	FG	0.000135794	0.000135555	1.00176	426	/work/cyu/stickleback_nuclear_only.fa	1
ndufa13	BOOT	0.000180421	6.58794e-05	2.73866	426	/work/cyu/stickleback_nuclear_only.fa	1
ndufa13	ECHO	0.000125944	5.15618e-05	2.44258	426	/work/cyu/stickleback_nuclear_only.fa	1
ndufa13	FRED	0.000251636	6.32741e-05	3.97691	426	/work/cyu/stickleback_nuclear_only.fa	1
ndufa13	LAW	0.000201835	0	NA	426	/work/cyu/stickleback_nuclear_only.fa	1
ndufa13	PACH	0.000271369	0.000828373	0.327593	426	/work/cyu/stickleback_nuclear_only.fa	1
ndufa13	RS	0.000980232	0.000229283	4.2752	426	/work/cyu/stickleback_nuclear_only.fa	1
ndufa13	SC	0.000420143	8.87631e-05	4.73331	426	/work/cyu/stickleback_nuclear_only.fa	1
ndufa13	LB	0.000203351	7.40685e-05	2.74545	426	/work/cyu/stickleback_nuclear_only.fa	1
ndufa13	CH	0.000348092	7.96755e-05	4.36888	426	/work/cyu/stickleback_nuclear_only.fa	1
ndufa13	LG	0.000112958	8.15868e-05	1.38452	426	/work/cyu/stickleback_nuclear_only.fa	1
ndufa13	SR	0.000208523	0	NA	426	/work/cyu/stickleback_nuclear_only.fa	1
ndufa13	SL	0.000731753	7.05327e-05	10.3747	426	/work/cyu/stickleback_nuclear_only.fa	1
ndufa13	TL	4.64379e-05	0.000232561	0.199681	426	/work/cyu/stickleback_nuclear_only.fa	1
ndufa13	WB	0.000250237	5.36226e-05	4.66664	426	/work/cyu/stickleback_nuclear_only.fa	1
ndufa13	WT	0.000154937	0.000155199	0.998306	426	/work/cyu/stickleback_nuclear_only.fa	1
ndufa13	WK	0.00112426	8.06366e-05	13.9423	426	/work/cyu/stickleback_nuclear_only.fa	1
ndufa13	SWA	0.00029445	0.000121173	2.43	426	/work/cyu/stickleback_nuclear_only.fa	1
ndufa2	THE	0	4.93475e-05	0	309	/work/cyu/stickleback_nuclear_only.fa	1
ndufa2	JOE	0.000488772	0.00020249	2.4138	309	/work/cyu/stickleback_nuclear_only.fa	1
ndufa2	BEA	0.000120724	0	NA	309	/work/cyu/stickleback_nuclear_only.fa	1
ndufa2	MUC	0.00100679	0	NA	309	/work/cyu/stickleback_nuclear_only.fa	1
ndufa2	PYE	0.000182196	5.26849e-05	3.45822	309	/work/cyu/stickleback_nuclear_only.fa	1
ndufa2	AMO	0.000169386	0.000221544	0.764569	309	/work/cyu/stickleback_nuclear_only.fa	1
ndufa2	SAY	0.000352428	7.65188e-05	4.60577	309	/work/cyu/stickleback_nuclear_only.fa	1
ndufa2	GOS	0.000395898	7.28975e-05	5.43088	309	/work/cyu/stickleback_nuclear_only.fa	1
ndufa2	ROB	7.91186e-05	0.000169675	0.466295	309	/work/cyu/stickleback_nuclear_only.fa	1
ndufa2	FG	4.0855e-05	4.11135e-05	0.993711	309	/work/cyu/stickleback_nuclear_only.fa	1
ndufa2	BOOT	0.00117459	0	NA	309	/work/cyu/stickleback_nuclear_only.fa	1
ndufa2	ECHO	0.000403479	0	NA	309	/work/cyu/stickleback_nuclear_only.fa	1
ndufa2	FRED	0.000334591	0.000444699	0.752399	309	/work/cyu/stickleback_nuclear_only.fa	1
ndufa2	LAW	0.00064735	0.000160536	4.03244	309	/work/cyu/stickleback_nuclear_only.fa	1
ndufa2	PACH	0.00065474	0	NA	309	/work/cyu/stickleback_nuclear_only.fa	1
ndufa2	RS	0.000778401	0.000325334	2.39262	309	/work/cyu/stickleback_nuclear_only.fa	1
ndufa2	SC	0.000205392	0.000106011	1.93747	309	/work/cyu/stickleback_nuclear_only.fa	1
ndufa2	LB	0.000318894	6.01282e-05	5.30356	309	/work/cyu/stickleback_nuclear_only.fa	1
ndufa2	CH	0.000143694	0	NA	309	/work/cyu/stickleback_nuclear_only.fa	1
ndufa2	LG	0.000184898	0.000184045	1.00463	309	/work/cyu/stickleback_nuclear_only.fa	1
ndufa2	SR	0.00127219	5.33333e-05	23.8536	309	/work/cyu/stickleback_nuclear_only.fa	1
ndufa2	SL	0.000201611	7.23967e-05	2.78481	309	/work/cyu/stickleback_nuclear_only.fa	1
ndufa2	TL	6.21924e-05	0	NA	309	/work/cyu/stickleback_nuclear_only.fa	1
ndufa2	WB	0.000187701	6.44132e-05	2.91402	309	/work/cyu/stickleback_nuclear_only.fa	1
ndufa2	WT	0	0.000121598	0	309	/work/cyu/stickleback_nuclear_only.fa	1
ndufa2	WK	0.000104579	0.00135465	0.0772003	309	/work/cyu/stickleback_nuclear_only.fa	1
ndufa2	SWA	0.000126075	0	NA	309	/work/cyu/stickleback_nuclear_only.fa	1
ndufa4	THE	0.00179725	5.91022e-05	30.4092	258	/work/cyu/stickleback_nuclear_only.fa	1
ndufa4	JOE	0.000360907	0.000410737	0.878681	258	/work/cyu/stickleback_nuclear_only.fa	1
ndufa4	BEA	0.00552806	0.00014168	39.018	258	/work/cyu/stickleback_nuclear_only.fa	1
ndufa4	MUC	0.00398682	0.000251957	15.8234	258	/work/cyu/stickleback_nuclear_only.fa	1
ndufa4	PYE	0.00172747	5.79964e-05	29.7859	258	/work/cyu/stickleback_nuclear_only.fa	1
ndufa4	AMO	0.00018146	0.000143808	1.26182	258	/work/cyu/stickleback_nuclear_only.fa	1
ndufa4	SAY	0.00146123	0.000299644	4.87654	258	/work/cyu/stickleback_nuclear_only.fa	1
ndufa4	GOS	0.00481448	0	NA	258	/work/cyu/stickleback_nuclear_only.fa	1
ndufa4	ROB	0.00287638	0.000232346	12.3798	258	/work/cyu/stickleback_nuclear_only.fa	1
ndufa4	FG	0.000536807	0.000529123	1.01452	258	/work/cyu/stickleback_nuclear_only.fa	1
ndufa4	BOOT	0.00572064	0.000139838	40.909	258	/work/cyu/stickleback_nuclear_only.fa	1
ndufa4	ECHO	0.0057895	0	NA	258	/work/cyu/stickleback_nuclear_only.fa	1
ndufa4	FRED	0.00051792	0	NA	258	/work/cyu/stickleback_nuclear_only.fa	1
ndufa4	LAW	0.00601884	0	NA	258	/work/cyu/stickleback_nuclear_only.fa	1
ndufa4	PACH	0.000484826	0.000378022	1.28253	258	/work/cyu/stickleback_nuclear_only.fa	1
ndufa4	RS	0.00245234	0.000374286	6.55205	258	/work/cyu/stickleback_nuclear_only.fa	1
ndufa4	SC	0.00560277	0.000127849	43.8232	258	/work/cyu/stickleback_nuclear_only.fa	1
ndufa4	LB	0.00403477	7.75957e-05	51.9974	258	/work/cyu/stickleback_nuclear_only.fa	1
ndufa4	CH	0.00406791	0.000113486	35.845	258	/work/cyu/stickleback_nuclear_only.fa	1
ndufa4	LG	0.00198801	7.20319e-05	27.5991	258	/work/cyu/stickleback_nuclear_only.fa	1
ndufa4	SR	0.00399904	0.000141698	28.2223	258	/work/cyu/stickleback_nuclear_only.fa	1
ndufa4	SL	0.0029611	0.000274695	10.7796	258	/work/cyu/stickleback_nuclear_only.fa	1
ndufa4	TL	0	0	NA	258	/work/cyu/stickleback_nuclear_only.fa	1
ndufa4	WB	0.000273253	0	NA	258	/work/cyu/stickleback_nuclear_only.fa	1
ndufa4	WT	0.00239081	6.28531e-05	38.038	258	/work/cyu/stickleback_nuclear_only.fa	1
ndufa4	WK	0.00407591	0	NA	258	/work/cyu/stickleback_nuclear_only.fa	1
ndufa4	SWA	0.00237868	9.1824e-05	25.9048	258	/work/cyu/stickleback_nuclear_only.fa	1
ndufa5	THE	0.000228145	4.48277e-05	5.08938	348	/work/cyu/stickleback_nuclear_only.fa	1
ndufa5	JOE	0.000286556	0.000102448	2.79709	348	/work/cyu/stickleback_nuclear_only.fa	1
ndufa5	BEA	0.000227363	0	NA	348	/work/cyu/stickleback_nuclear_only.fa	1
ndufa5	MUC	0.00016255	5.73913e-05	2.83231	348	/work/cyu/stickleback_nuclear_only.fa	1
ndufa5	PYE	0.000258265	0.000151435	1.70545	348	/work/cyu/stickleback_nuclear_only.fa	1
ndufa5	AMO	4.26052e-05	0.000158785	0.26832	348	/work/cyu/stickleback_nuclear_only.fa	1
ndufa5	SAY	0.00026598	0	NA	348	/work/cyu/stickleback_nuclear_only.fa	1
ndufa5	GOS	0.000127782	0.000136017	0.939462	348	/work/cyu/stickleback_nuclear_only.fa	1
ndufa5	ROB	0.000412103	0.000205543	2.00494	348	/work/cyu/stickleback_nuclear_only.fa	1
ndufa5	FG	0.00021207	5.59963e-05	3.78721	348	/work/cyu/stickleback_nuclear_only.fa	1
ndufa5	BOOT	0.000201082	6.5987e-05	3.0473	348	/work/cyu/stickleback_nuclear_only.fa	1
ndufa5	ECHO	0.000124245	5.58373e-05	2.22512	348	/work/cyu/stickleback_nuclear_only.fa	1
ndufa5	FRED	8.18183e-05	0	NA	348	/work/cyu/stickleback_nuclear_only.fa	1
ndufa5	LAW	0.000250736	0.000378844	0.661846	348	/work/cyu/stickleback_nuclear_only.fa	1
ndufa5	PACH	0.00020674	5.47296e-05	3.77748	348	/work/cyu/stickleback_nuclear_only.fa	1
ndufa5	RS	0.000669265	0.000184338	3.63064	348	/work/cyu/stickleback_nuclear_only.fa	1
ndufa5	SC	0.000235773	2.26507e-05	10.4091	348	/work/cyu/stickleback_nuclear_only.fa	1
ndufa5	LB	0.000246065	5.4505e-05	4.51453	348	/work/cyu/stickleback_nuclear_only.fa	1
ndufa5	CH	0.000143535	1.86924e-05	7.6788	348	/work/cyu/stickleback_nuclear_only.fa	1
ndufa5	LG	0.000181061	0	NA	348	/work/cyu/stickleback_nuclear_only.fa	1
ndufa5	SR	0.000245331	3.63373e-05	6.75148	348	/work/cyu/stickleback_nuclear_only.fa	1
ndufa5	SL	0.000310618	8.76148e-05	3.54526	348	/work/cyu/stickleback_nuclear_only.fa	1
ndufa5	TL	0.000156054	0	NA	348	/work/cyu/stickleback_nuclear_only.fa	1
ndufa5	WB	5.25157e-05	0.000602072	0.087225	348	/work/cyu/stickleback_nuclear_only.fa	1
ndufa5	WT	0.000103961	0	NA	348	/work/cyu/stickleback_nuclear_only.fa	1
ndufa5	WK	0.000143263	0.000206468	0.693873	348	/work/cyu/stickleback_nuclear_only.fa	1
ndufa5	SWA	0.000150664	0.00112588	0.133819	348	/work/cyu/stickleback_nuclear_only.fa	1
ndufa6	THE	0.000919646	0.000149675	6.14427	387	/work/cyu/stickleback_nuclear_only.fa	1
ndufa6	JOE	0.00102476	0.000225369	4.54702	387	/work/cyu/stickleback_nuclear_only.fa	1
ndufa6	BEA	0.000821611	3.45373e-05	23.7891	387	/work/cyu/stickleback_nuclear_only.fa	1
ndufa6	MUC	0.000318828	0.000171479	1.85928	387	/work/cyu/stickleback_nuclear_only.fa	1
ndufa6	PYE	0.0013342	0	NA	387	/work/cyu/stickleback_nuclear_only.fa	1
ndufa6	AMO	0.00148209	0.00014516	10.2101	387	/work/cyu/stickleback_nuclear_only.fa	1
ndufa6	SAY	0.00146821	0	NA	387	/work/cyu/stickleback_nuclear_only.fa	1
ndufa6	GOS	0.00209195	0	NA	387	/work/cyu/stickleback_nuclear_only.fa	1
ndufa6	ROB	0.000328863	5.63074e-05	5.84049	387	/work/cyu/stickleback_nuclear_only.fa	1
ndufa6	FG	0.00207736	3.60183e-05	57.6752	387	/work/cyu/stickleback_nuclear_only.fa	1
ndufa6	BOOT	0.00222277	0.000106745	20.8232	387	/work/cyu/stickleback_nuclear_only.fa	1
ndufa6	ECHO	0.00108982	7.15254e-05	15.2369	387	/work/cyu/stickleback_nuclear_only.fa	1
ndufa6	FRED	0.00043472	5.22422e-05	8.32125	387	/work/cyu/stickleback_nuclear_only.fa	1
ndufa6	LAW	0.00124517	0.000197851	6.2935	387	/work/cyu/stickleback_nuclear_only.fa	1
ndufa6	PACH	0.000186982	0.000102297	1.82782	387	/work/cyu/stickleback_nuclear_only.fa	1
ndufa6	RS	0.00186955	0.000236909	7.89142	387	/work/cyu/stickleback_nuclear_only.fa	1
ndufa6	SC	0.00167713	0.000122634	13.6759	387	/work/cyu/stickleback_nuclear_only.fa	1
ndufa6	LB	0.00150049	6.89217e-05	21.771	387	/work/cyu/stickleback_nuclear_only.fa	1
ndufa6	CH	0.00126809	9.73788e-05	13.0223	387	/work/cyu/stickleback_nuclear_only.fa	1
ndufa6	LG	0.00198165	4.80213e-05	41.266	387	/work/cyu/stickleback_nuclear_only.fa	1
ndufa6	SR	0.00232186	0.000163032	14.2417	387	/work/cyu/stickleback_nuclear_only.fa	1
ndufa6	SL	0.000771046	0	NA	387	/work/cyu/stickleback_nuclear_only.fa	1
ndufa6	TL	0.00173332	0	NA	387	/work/cyu/stickleback_nuclear_only.fa	1
ndufa6	WB	0.00182636	0.000126858	14.3969	387	/work/cyu/stickleback_nuclear_only.fa	1
ndufa6	WT	0.00228536	0.000139739	16.3545	387	/work/cyu/stickleback_nuclear_only.fa	1
ndufa6	WK	0.00113482	0.000106673	10.6383	387	/work/cyu/stickleback_nuclear_only.fa	1
ndufa6	SWA	0.00208282	4.52495e-05	46.0296	387	/work/cyu/stickleback_nuclear_only.fa	1
ndufa7	THE	0.000326772	4.40475e-05	7.41862	336	/work/cyu/stickleback_nuclear_only.fa	1
ndufa7	JOE	0.000244757	4.27927e-05	5.71959	336	/work/cyu/stickleback_nuclear_only.fa	1
ndufa7	BEA	0.000174305	0.000186427	0.934975	336	/work/cyu/stickleback_nuclear_only.fa	1
ndufa7	MUC	0.000428998	0.000109452	3.9195	336	/work/cyu/stickleback_nuclear_only.fa	1
ndufa7	PYE	0.000467049	0	NA	336	/work/cyu/stickleback_nuclear_only.fa	1
ndufa7	AMO	0.000533827	5.71526e-05	9.34039	336	/work/cyu/stickleback_nuclear_only.fa	1
ndufa7	SAY	0.000866697	0.000119396	7.25902	336	/work/cyu/stickleback_nuclear_only.fa	1
ndufa7	GOS	0	6.70396e-05	0	336	/work/cyu/stickleback_nuclear_only.fa	1
ndufa7	ROB	0.00113133	0.000155072	7.29546	336	/work/cyu/stickleback_nuclear_only.fa	1
ndufa7	FG	0.000395245	0.000133189	2.96754	336	/work/cyu/stickleback_nuclear_only.fa	1
ndufa7	BOOT	0.000219692	7.42481e-05	2.9589	336	/work/cyu/stickleback_nuclear_only.fa	1
ndufa7	ECHO	0.000253983	0.000146642	1.73199	336	/work/cyu/stickleback_nuclear_only.fa	1
ndufa7	FRED	8.47403e-05	0.000154051	0.550078	336	/work/cyu/stickleback_nuclear_only.fa	1
ndufa7	LAW	0.000489186	0.000181405	2.69665	336	/work/cyu/stickleback_nuclear_only.fa	1
ndufa7	PACH	0.000135291	0	NA	336	/work/cyu/stickleback_nuclear_only.fa	1
ndufa7	RS	0.00147856	0.000332271	4.44986	336	/work/cyu/stickleback_nuclear_only.fa	1
ndufa7	SC	0.000709721	2.23217e-05	31.7952	336	/work/cyu/stickleback_nuclear_only.fa	1
ndufa7	LB	0.00138531	0.000216264	6.40564	336	/work/cyu/stickleback_nuclear_only.fa	1
ndufa7	CH	0.000412826	0.000375076	1.10065	336	/work/cyu/stickleback_nuclear_only.fa	1
ndufa7	LG	0.000174022	0	NA	336	/work/cyu/stickleback_nuclear_only.fa	1
ndufa7	SR	9.90748e-05	0	NA	336	/work/cyu/stickleback_nuclear_only.fa	1
ndufa7	SL	0.000203589	0	NA	336	/work/cyu/stickleback_nuclear_only.fa	1
ndufa7	TL	0.000156392	5.71948e-05	2.73438	336	/work/cyu/stickleback_nuclear_only.fa	1
ndufa7	WB	0.000382335	6.87671e-05	5.55986	336	/work/cyu/stickleback_nuclear_only.fa	1
ndufa7	WT	0.000238127	4.74962e-05	5.0136	336	/work/cyu/stickleback_nuclear_only.fa	1
ndufa7	WK	0.000431201	5.98199e-05	7.20832	336	/work/cyu/stickleback_nuclear_only.fa	1
ndufa7	SWA	0.000328361	5.30401e-05	6.19081	336	/work/cyu/stickleback_nuclear_only.fa	1
ndufa8	THE	0.00149944	0.000132815	11.2897	513	/work/cyu/stickleback_nuclear_only.fa	1
ndufa8	JOE	0.0012316	0.000131912	9.33654	513	/work/cyu/stickleback_nuclear_only.fa	1
ndufa8	BEA	0.00084524	2.85086e-05	29.6485	513	/work/cyu/stickleback_nuclear_only.fa	1
ndufa8	MUC	0.00109732	9.53661e-05	11.5064	513	/work/cyu/stickleback_nuclear_only.fa	1
ndufa8	PYE	0.00285947	0.000310511	9.20891	513	/work/cyu/stickleback_nuclear_only.fa	1
ndufa8	AMO	0.00290552	0.000707467	4.10693	513	/work/cyu/stickleback_nuclear_only.fa	1
ndufa8	SAY	0.00180243	0.000309862	5.81689	513	/work/cyu/stickleback_nuclear_only.fa	1
ndufa8	GOS	0.00061695	0.000376173	1.64007	513	/work/cyu/stickleback_nuclear_only.fa	1
ndufa8	ROB	0.00199524	0.000204516	9.75591	513	/work/cyu/stickleback_nuclear_only.fa	1
ndufa8	FG	0.000807072	2.50818e-05	32.1777	513	/work/cyu/stickleback_nuclear_only.fa	1
ndufa8	BOOT	0.000358582	0.000286472	1.25172	513	/work/cyu/stickleback_nuclear_only.fa	1
ndufa8	ECHO	0.0001245	3.90028e-05	3.19208	513	/work/cyu/stickleback_nuclear_only.fa	1
ndufa8	FRED	0.00101534	0.000195968	5.18113	513	/work/cyu/stickleback_nuclear_only.fa	1
ndufa8	LAW	0.00119088	0.00153803	0.77429	513	/work/cyu/stickleback_nuclear_only.fa	1
ndufa8	PACH	0.00147542	0.00108048	1.36552	513	/work/cyu/stickleback_nuclear_only.fa	1
ndufa8	RS	0.00298683	0.000625994	4.77133	513	/work/cyu/stickleback_nuclear_only.fa	1
ndufa8	SC	0.00191497	0.000243297	7.87091	513	/work/cyu/stickleback_nuclear_only.fa	1
ndufa8	LB	0.00154381	0.000139283	11.084	513	/work/cyu/stickleback_nuclear_only.fa	1
ndufa8	CH	0.00207055	0.000363386	5.69793	513	/work/cyu/stickleback_nuclear_only.fa	1
ndufa8	LG	0.00159073	0.000926895	1.71619	513	/work/cyu/stickleback_nuclear_only.fa	1
ndufa8	SR	0.00201923	9.14935e-05	22.0697	513	/work/cyu/stickleback_nuclear_only.fa	1
ndufa8	SL	0.00202133	0.00039394	5.13107	513	/work/cyu/stickleback_nuclear_only.fa	1
ndufa8	TL	0.00114444	5.65177e-05	20.2492	513	/work/cyu/stickleback_nuclear_only.fa	1
ndufa8	WB	0.00119473	0.000328337	3.63874	513	/work/cyu/stickleback_nuclear_only.fa	1
ndufa8	WT	0.00159553	0.00122198	1.30569	513	/work/cyu/stickleback_nuclear_only.fa	1
ndufa8	WK	0.00185861	0.000732351	2.53787	513	/work/cyu/stickleback_nuclear_only.fa	1
ndufa8	SWA	0.00183362	9.02242e-05	20.3229	513	/work/cyu/stickleback_nuclear_only.fa	1
ndufa9a	THE	3.11411e-05	1.59901e-05	1.94753	1134	/work/cyu/stickleback_nuclear_only.fa	1
ndufa9a	JOE	2.68905e-05	7.65657e-05	0.351209	1134	/work/cyu/stickleback_nuclear_only.fa	1
ndufa9a	BEA	2.197e-05	2.197e-05	1	1134	/work/cyu/stickleback_nuclear_only.fa	1
ndufa9a	MUC	0.000132653	3.01437e-05	4.4007	1134	/work/cyu/stickleback_nuclear_only.fa	1
ndufa9a	PYE	2.16186e-05	1.5741e-05	1.3734	1134	/work/cyu/stickleback_nuclear_only.fa	1
ndufa9a	AMO	4.44269e-05	0	NA	1134	/work/cyu/stickleback_nuclear_only.fa	1
ndufa9a	SAY	2.81281e-05	0.000114831	0.244953	1134	/work/cyu/stickleback_nuclear_only.fa	1
ndufa9a	GOS	0	0	NA	1134	/work/cyu/stickleback_nuclear_only.fa	1
ndufa9a	ROB	0	0	NA	1134	/work/cyu/stickleback_nuclear_only.fa	1
ndufa9a	FG	0.000457406	1.45083e-05	31.5273	1134	/work/cyu/stickleback_nuclear_only.fa	1
ndufa9a	BOOT	0	4.56666e-05	0	1134	/work/cyu/stickleback_nuclear_only.fa	1
ndufa9a	ECHO	0	0	NA	1134	/work/cyu/stickleback_nuclear_only.fa	1
ndufa9a	FRED	0	0	NA	1134	/work/cyu/stickleback_nuclear_only.fa	1
ndufa9a	LAW	0.000105998	0	NA	1134	/work/cyu/stickleback_nuclear_only.fa	1
ndufa9a	PACH	4.26778e-05	2.61775e-05	1.63033	1134	/work/cyu/stickleback_nuclear_only.fa	1
ndufa9a	RS	0.000105871	0.000178494	0.593134	1134	/work/cyu/stickleback_nuclear_only.fa	1
ndufa9a	SC	5.62229e-05	5.96253e-05	0.942938	1134	/work/cyu/stickleback_nuclear_only.fa	1
ndufa9a	LB	0.00026261	3.5362e-05	7.42635	1134	/work/cyu/stickleback_nuclear_only.fa	1
ndufa9a	CH	5.71149e-05	9.25478e-05	0.61714	1134	/work/cyu/stickleback_nuclear_only.fa	1
ndufa9a	LG	0.000492031	0	NA	1134	/work/cyu/stickleback_nuclear_only.fa	1
ndufa9a	SR	0.000134907	0	NA	1129	/work/cyu/stickleback_nuclear_only.fa	1
ndufa9a	SL	0	0	NA	1128	/work/cyu/stickleback_nuclear_only.fa	1
ndufa9a	TL	4.30282e-05	4.7551e-05	0.904885	1116	/work/cyu/stickleback_nuclear_only.fa	1
ndufa9a	WB	0	2.27257e-05	0	1134	/work/cyu/stickleback_nuclear_only.fa	1
ndufa9a	WT	0.000159598	0.000159598	1	1134	/work/cyu/stickleback_nuclear_only.fa	1
ndufa9a	WK	2.6451e-05	0	NA	1134	/work/cyu/stickleback_nuclear_only.fa	1
ndufa9a	SWA	0	0	NA	1128	/work/cyu/stickleback_nuclear_only.fa	1
ndufab1b	THE	0.000434903	0.000611239	0.71151	465	/work/cyu/stickleback_nuclear_only.fa	1
ndufab1b	JOE	0.000479952	0.00118921	0.40359	465	/work/cyu/stickleback_nuclear_only.fa	1
ndufab1b	BEA	0.00128356	0.00106794	1.2019	465	/work/cyu/stickleback_nuclear_only.fa	1
ndufab1b	MUC	0.000147393	9.24724e-05	1.59392	465	/work/cyu/stickleback_nuclear_only.fa	1
ndufab1b	PYE	0.00196413	0.00178391	1.10103	465	/work/cyu/stickleback_nuclear_only.fa	1
ndufab1b	AMO	0.00169617	0.000933073	1.81783	465	/work/cyu/stickleback_nuclear_only.fa	1
ndufab1b	SAY	0.00136068	0.00131668	1.03342	465	/work/cyu/stickleback_nuclear_only.fa	1
ndufab1b	GOS	0.00120818	0.00136938	0.882277	465	/work/cyu/stickleback_nuclear_only.fa	1
ndufab1b	ROB	0.00121634	0.000710805	1.71122	465	/work/cyu/stickleback_nuclear_only.fa	1
ndufab1b	FG	0.00121776	0.00143679	0.847558	465	/work/cyu/stickleback_nuclear_only.fa	1
ndufab1b	BOOT	0.00090271	0.00166196	0.54316	465	/work/cyu/stickleback_nuclear_only.fa	1
ndufab1b	ECHO	0.00023888	0.000241601	0.988739	465	/work/cyu/stickleback_nuclear_only.fa	1
ndufab1b	FRED	0.000912126	0.000357896	2.54858	465	/work/cyu/stickleback_nuclear_only.fa	1
ndufab1b	LAW	0.000941619	0.000580591	1.62183	465	/work/cyu/stickleback_nuclear_only.fa	1
ndufab1b	PACH	0.00142043	0.00139295	1.01973	465	/work/cyu/stickleback_nuclear_only.fa	1
ndufab1b	RS	0.00175256	0.00182168	0.962059	465	/work/cyu/stickleback_nuclear_only.fa	1
ndufab1b	SC	0.000659972	0.00213919	0.308516	465	/work/cyu/stickleback_nuclear_only.fa	1
ndufab1b	LB	0.00101488	0.00105744	0.959752	465	/work/cyu/stickleback_nuclear_only.fa	1
ndufab1b	CH	0.00105854	0.00152703	0.6932	465	/work/cyu/stickleback_nuclear_only.fa	1
ndufab1b	LG	0.000798098	0.00165188	0.483147	465	/work/cyu/stickleback_nuclear_only.fa	1
ndufab1b	SR	0.00132631	0.000437993	3.02814	465	/work/cyu/stickleback_nuclear_only.fa	1
ndufab1b	SL	0.000820631	0.00142698	0.575083	465	/work/cyu/stickleback_nuclear_only.fa	1
ndufab1b	TL	0.00108829	0.00017757	6.1288	465	/work/cyu/stickleback_nuclear_only.fa	1
ndufab1b	WB	0.00135112	0.0013785	0.980139	465	/work/cyu/stickleback_nuclear_only.fa	1
ndufab1b	WT	0.0015161	0.00196867	0.770114	465	/work/cyu/stickleback_nuclear_only.fa	1
ndufab1b	WK	0.00102905	0.000215581	4.77338	465	/work/cyu/stickleback_nuclear_only.fa	1
ndufab1b	SWA	0.00111154	5.94308e-05	18.7032	465	/work/cyu/stickleback_nuclear_only.fa	1
ndufaf1	THE	0.000470759	1.94809e-05	24.1651	840	/work/cyu/stickleback_nuclear_only.fa	1
ndufaf1	JOE	0.000258203	0.000128355	2.01162	840	/work/cyu/stickleback_nuclear_only.fa	1
ndufaf1	BEA	0.000237187	7.61466e-05	3.11488	840	/work/cyu/stickleback_nuclear_only.fa	1
ndufaf1	MUC	0.000262811	3.93089e-05	6.68581	840	/work/cyu/stickleback_nuclear_only.fa	1
ndufaf1	PYE	0.000290411	8.97259e-05	3.23665	840	/work/cyu/stickleback_nuclear_only.fa	1
ndufaf1	AMO	0.00132238	0.0001089	12.1431	840	/work/cyu/stickleback_nuclear_only.fa	1
ndufaf1	SAY	0.000855668	5.34332e-05	16.0138	840	/work/cyu/stickleback_nuclear_only.fa	1
ndufaf1	GOS	0.000491565	5.43041e-05	9.05209	840	/work/cyu/stickleback_nuclear_only.fa	1
ndufaf1	ROB	0.000943831	0.000117018	8.06568	840	/work/cyu/stickleback_nuclear_only.fa	1
ndufaf1	FG	0.00160011	5.17677e-05	30.9094	840	/work/cyu/stickleback_nuclear_only.fa	1
ndufaf1	BOOT	0.000230296	3.53747e-05	6.5102	840	/work/cyu/stickleback_nuclear_only.fa	1
ndufaf1	ECHO	0.000226499	9.52548e-05	2.37782	840	/work/cyu/stickleback_nuclear_only.fa	1
ndufaf1	FRED	0.000512471	0.000149959	3.41741	840	/work/cyu/stickleback_nuclear_only.fa	1
ndufaf1	LAW	0.000149077	0.00012064	1.23572	840	/work/cyu/stickleback_nuclear_only.fa	1
ndufaf1	PACH	0.000628259	8.4125e-05	7.46816	840	/work/cyu/stickleback_nuclear_only.fa	1
ndufaf1	RS	0.00173945	0.000455296	3.82048	840	/work/cyu/stickleback_nuclear_only.fa	1
ndufaf1	SC	0.00109797	7.66829e-05	14.3183	840	/work/cyu/stickleback_nuclear_only.fa	1
ndufaf1	LB	0.000536579	0.000144245	3.71992	840	/work/cyu/stickleback_nuclear_only.fa	1
ndufaf1	CH	0.000719468	8.96255e-05	8.02749	840	/work/cyu/stickleback_nuclear_only.fa	1
ndufaf1	LG	0.000854752	7.6852e-05	11.122	840	/work/cyu/stickleback_nuclear_only.fa	1
ndufaf1	SR	0.0009802	0.000126108	7.77268	840	/work/cyu/stickleback_nuclear_only.fa	1
ndufaf1	SL	0.000966515	7.39095e-05	13.077	840	/work/cyu/stickleback_nuclear_only.fa	1
ndufaf1	TL	0.000433729	5.38426e-05	8.05551	840	/work/cyu/stickleback_nuclear_only.fa	1
ndufaf1	WB	0.00132712	0.000155378	8.54125	840	/work/cyu/stickleback_nuclear_only.fa	1
ndufaf1	WT	0.00024244	7.55129e-05	3.21058	840	/work/cyu/stickleback_nuclear_only.fa	1
ndufaf1	WK	0.000345037	5.61828e-05	6.14132	840	/work/cyu/stickleback_nuclear_only.fa	1
ndufaf1	SWA	0.00155747	4.00958e-05	38.8439	840	/work/cyu/stickleback_nuclear_only.fa	1
ndufaf2	THE	0.00125649	7.57322e-05	16.5913	474	/work/cyu/stickleback_nuclear_only.fa	1
ndufaf2	JOE	0.00142231	0.000125052	11.3738	474	/work/cyu/stickleback_nuclear_only.fa	1
ndufaf2	BEA	0.0005635	2.85767e-05	19.7189	474	/work/cyu/stickleback_nuclear_only.fa	1
ndufaf2	MUC	0.000395286	0.000133643	2.95778	474	/work/cyu/stickleback_nuclear_only.fa	1
ndufaf2	PYE	0.000662929	0.000347385	1.90834	474	/work/cyu/stickleback_nuclear_only.fa	1
ndufaf2	AMO	0.00214535	6.41275e-05	33.4544	474	/work/cyu/stickleback_nuclear_only.fa	1
ndufaf2	SAY	0.00169977	4.7112e-05	36.0794	474	/work/cyu/stickleback_nuclear_only.fa	1
ndufaf2	GOS	0.00157629	5.87381e-05	26.8359	474	/work/cyu/stickleback_nuclear_only.fa	1
ndufaf2	ROB	0.00153861	0.000118541	12.9796	474	/work/cyu/stickleback_nuclear_only.fa	1
ndufaf2	FG	0.00118235	0.000142783	8.28077	474	/work/cyu/stickleback_nuclear_only.fa	1
ndufaf2	BOOT	0.00142255	8.5014e-05	16.7331	474	/work/cyu/stickleback_nuclear_only.fa	1
ndufaf2	ECHO	0.0011945	7.72443e-05	15.464	474	/work/cyu/stickleback_nuclear_only.fa	1
ndufaf2	FRED	0.00168837	4.84683e-05	34.8346	474	/work/cyu/stickleback_nuclear_only.fa	1
ndufaf2	LAW	0.00130922	8.29802e-05	15.7775	474	/work/cyu/stickleback_nuclear_only.fa	1
ndufaf2	PACH	0.00173465	4.62943e-05	37.4701	474	/work/cyu/stickleback_nuclear_only.fa	1
ndufaf2	RS	0.00214219	0.000463532	4.62146	474	/work/cyu/stickleback_nuclear_only.fa	1
ndufaf2	SC	0.00176633	0.00016264	10.8604	474	/work/cyu/stickleback_nuclear_only.fa	1
ndufaf2	LB	0.00194794	9.78126e-05	19.9151	474	/work/cyu/stickleback_nuclear_only.fa	1
ndufaf2	CH	0.00149494	2.78097e-05	53.756	474	/work/cyu/stickleback_nuclear_only.fa	1
ndufaf2	LG	0.00213573	3.0685e-05	69.6018	474	/work/cyu/stickleback_nuclear_only.fa	1
ndufaf2	SR	0.00103404	9.49353e-05	10.892	474	/work/cyu/stickleback_nuclear_only.fa	1
ndufaf2	SL	0.00161473	0.000223277	7.23196	474	/work/cyu/stickleback_nuclear_only.fa	1
ndufaf2	TL	0.000594899	0.000128559	4.62743	474	/work/cyu/stickleback_nuclear_only.fa	1
ndufaf2	WB	0.00120232	0.000151882	7.91617	474	/work/cyu/stickleback_nuclear_only.fa	1
ndufaf2	WT	0.00163829	6.88664e-05	23.7895	474	/work/cyu/stickleback_nuclear_only.fa	1
ndufaf2	WK	0.00123469	0.000124902	9.88523	474	/work/cyu/stickleback_nuclear_only.fa	1
ndufaf2	SWA	0.00120046	2.89028e-05	41.5343	474	/work/cyu/stickleback_nuclear_only.fa	1
ndufaf3	THE	0.00107554	9.71668e-05	11.069	453	/work/cyu/stickleback_nuclear_only.fa	1
ndufaf3	JOE	0.00153262	0.000224201	6.83592	453	/work/cyu/stickleback_nuclear_only.fa	1
ndufaf3	BEA	0.00128313	0.00012482	10.2798	453	/work/cyu/stickleback_nuclear_only.fa	1
ndufaf3	MUC	0.000482289	4.32328e-05	11.1556	453	/work/cyu/stickleback_nuclear_only.fa	1
ndufaf3	PYE	0.000502169	0.000141372	3.5521	453	/work/cyu/stickleback_nuclear_only.fa	1
ndufaf3	AMO	0.000212311	6.47533e-05	3.27877	453	/work/cyu/stickleback_nuclear_only.fa	1
ndufaf3	SAY	0.000428288	0.00016314	2.62527	453	/work/cyu/stickleback_nuclear_only.fa	1
ndufaf3	GOS	0.00017837	4.09786e-05	4.35276	453	/work/cyu/stickleback_nuclear_only.fa	1
ndufaf3	ROB	0.000320502	0	NA	453	/work/cyu/stickleback_nuclear_only.fa	1
ndufaf3	FG	0.000154041	0	NA	453	/work/cyu/stickleback_nuclear_only.fa	1
ndufaf3	BOOT	0.000330855	0	NA	453	/work/cyu/stickleback_nuclear_only.fa	1
ndufaf3	ECHO	0.00011276	9.1106e-05	1.23768	453	/work/cyu/stickleback_nuclear_only.fa	1
ndufaf3	FRED	0.00039325	5.31295e-05	7.40173	453	/work/cyu/stickleback_nuclear_only.fa	1
ndufaf3	LAW	0.000188896	0.000198487	0.951682	453	/work/cyu/stickleback_nuclear_only.fa	1
ndufaf3	PACH	0.000758127	4.95166e-05	15.3105	453	/work/cyu/stickleback_nuclear_only.fa	1
ndufaf3	RS	0.00123053	0.000321681	3.82532	453	/work/cyu/stickleback_nuclear_only.fa	1
ndufaf3	SC	0.000449026	0.000184327	2.43603	453	/work/cyu/stickleback_nuclear_only.fa	1
ndufaf3	LB	0.00061946	6.9286e-05	8.94062	453	/work/cyu/stickleback_nuclear_only.fa	1
ndufaf3	CH	0.000641029	0.000424382	1.5105	453	/work/cyu/stickleback_nuclear_only.fa	1
ndufaf3	LG	0.00115792	0.000177132	6.53709	453	/work/cyu/stickleback_nuclear_only.fa	1
ndufaf3	SR	0.000142823	8.16669e-05	1.74885	453	/work/cyu/stickleback_nuclear_only.fa	1
ndufaf3	SL	0.000318514	0.000139084	2.29008	453	/work/cyu/stickleback_nuclear_only.fa	1
ndufaf3	TL	0.000704733	3.74325e-05	18.8268	453	/work/cyu/stickleback_nuclear_only.fa	1
ndufaf3	WB	0.00101603	0	NA	453	/work/cyu/stickleback_nuclear_only.fa	1
ndufaf3	WT	0.000236608	6.57758e-05	3.59719	453	/work/cyu/stickleback_nuclear_only.fa	1
ndufaf3	WK	0.000275841	3.46652e-05	7.95728	453	/work/cyu/stickleback_nuclear_only.fa	1
ndufaf3	SWA	0.000249134	3.31764e-05	7.50937	453	/work/cyu/stickleback_nuclear_only.fa	1
ndufaf4	THE	0.000958874	4.3735e-05	21.9246	525	/work/cyu/stickleback_nuclear_only.fa	1
ndufaf4	JOE	0.000231191	0.000286836	0.806006	525	/work/cyu/stickleback_nuclear_only.fa	1
ndufaf4	BEA	0.000589225	0.000986919	0.597035	525	/work/cyu/stickleback_nuclear_only.fa	1
ndufaf4	MUC	0.000103737	9.51872e-05	1.08982	525	/work/cyu/stickleback_nuclear_only.fa	1
ndufaf4	PYE	0.00162284	0.000486079	3.33863	525	/work/cyu/stickleback_nuclear_only.fa	1
ndufaf4	AMO	0.00377676	0.000915188	4.12676	525	/work/cyu/stickleback_nuclear_only.fa	1
ndufaf4	SAY	0.00288849	0.0011523	2.50671	525	/work/cyu/stickleback_nuclear_only.fa	1
ndufaf4	GOS	0.00163243	0.00035638	4.58059	525	/work/cyu/stickleback_nuclear_only.fa	1
ndufaf4	ROB	0.00255247	0.000731207	3.49076	525	/work/cyu/stickleback_nuclear_only.fa	1
ndufaf4	FG	0.000797404	0.000744126	1.0716	525	/work/cyu/stickleback_nuclear_only.fa	1
ndufaf4	BOOT	0.00215559	0.000134114	16.0729	525	/work/cyu/stickleback_nuclear_only.fa	1
ndufaf4	ECHO	0.000966183	9.27617e-05	10.4158	525	/work/cyu/stickleback_nuclear_only.fa	1
ndufaf4	FRED	0.000497922	0.000360623	1.38073	525	/work/cyu/stickleback_nuclear_only.fa	1
ndufaf4	LAW	0.0019358	0.00057851	3.34618	525	/work/cyu/stickleback_nuclear_only.fa	1
ndufaf4	PACH	0.000161041	0.000133846	1.20318	525	/work/cyu/stickleback_nuclear_only.fa	1
ndufaf4	RS	0.00262134	0.00125046	2.0963	525	/work/cyu/stickleback_nuclear_only.fa	1
ndufaf4	SC	0.00273863	0.00133577	2.05024	525	/work/cyu/stickleback_nuclear_only.fa	1
ndufaf4	LB	0.00151634	0.00082342	1.84152	525	/work/cyu/stickleback_nuclear_only.fa	1
ndufaf4	CH	0.00229388	0.00101419	2.26178	525	/work/cyu/stickleback_nuclear_only.fa	1
ndufaf4	LG	0.00162439	0.000825069	1.9688	525	/work/cyu/stickleback_nuclear_only.fa	1
ndufaf4	SR	0.00211931	0.000998072	2.1234	525	/work/cyu/stickleback_nuclear_only.fa	1
ndufaf4	SL	0.000879922	0.000339067	2.59513	525	/work/cyu/stickleback_nuclear_only.fa	1
ndufaf4	TL	0.00114477	0.000951791	1.20275	525	/work/cyu/stickleback_nuclear_only.fa	1
ndufaf4	WB	0.00115996	0.000663557	1.7481	525	/work/cyu/stickleback_nuclear_only.fa	1
ndufaf4	WT	0.000813665	0.000921094	0.883368	525	/work/cyu/stickleback_nuclear_only.fa	1
ndufaf4	WK	0.000717525	0.000498546	1.43923	525	/work/cyu/stickleback_nuclear_only.fa	1
ndufaf4	SWA	0.00122742	0.000115364	10.6396	525	/work/cyu/stickleback_nuclear_only.fa	1
ndufaf5	THE	0.00420855	0.000608533	6.91589	1047	/work/cyu/stickleback_nuclear_only.fa	1
ndufaf5	JOE	0.00353161	0.001205	2.9308	1047	/work/cyu/stickleback_nuclear_only.fa	1
ndufaf5	BEA	0.00388317	0.000412201	9.42057	1047	/work/cyu/stickleback_nuclear_only.fa	1
ndufaf5	MUC	0.0015244	0.000717939	2.1233	1044	/work/cyu/stickleback_nuclear_only.fa	1
ndufaf5	PYE	0.00557308	0.00107386	5.18977	1047	/work/cyu/stickleback_nuclear_only.fa	1
ndufaf5	AMO	0.00532412	0.000655325	8.1244	1047	/work/cyu/stickleback_nuclear_only.fa	1
ndufaf5	SAY	0.00506336	0.00114242	4.43212	1047	/work/cyu/stickleback_nuclear_only.fa	1
ndufaf5	GOS	0.00317092	0.000140619	22.5497	1047	/work/cyu/stickleback_nuclear_only.fa	1
ndufaf5	ROB	0.00646994	0.000815481	7.9339	1047	/work/cyu/stickleback_nuclear_only.fa	1
ndufaf5	FG	0.00574679	0.00090132	6.37597	1047	/work/cyu/stickleback_nuclear_only.fa	1
ndufaf5	BOOT	0.00365131	0.000404388	9.02922	1047	/work/cyu/stickleback_nuclear_only.fa	1
ndufaf5	ECHO	0.000905081	2.3537e-05	38.4536	1047	/work/cyu/stickleback_nuclear_only.fa	1
ndufaf5	FRED	0.00287066	0.000843461	3.40343	1047	/work/cyu/stickleback_nuclear_only.fa	1
ndufaf5	LAW	0.00465854	0.000507111	9.18642	1047	/work/cyu/stickleback_nuclear_only.fa	1
ndufaf5	PACH	0.00326437	0.00064965	5.02481	1047	/work/cyu/stickleback_nuclear_only.fa	1
ndufaf5	RS	0.00585359	0.00104908	5.57972	1047	/work/cyu/stickleback_nuclear_only.fa	1
ndufaf5	SC	0.0049113	0.000592384	8.29073	1047	/work/cyu/stickleback_nuclear_only.fa	1
ndufaf5	LB	0.00639017	0.00131042	4.87644	1047	/work/cyu/stickleback_nuclear_only.fa	1
ndufaf5	CH	0.00533927	0.000621639	8.58903	1047	/work/cyu/stickleback_nuclear_only.fa	1
ndufaf5	LG	0.00508338	0.000928791	5.47311	1047	/work/cyu/stickleback_nuclear_only.fa	1
ndufaf5	SR	0.00493615	0.000665772	7.41418	1047	/work/cyu/stickleback_nuclear_only.fa	1
ndufaf5	SL	0.00533135	0.000470022	11.3428	1047	/work/cyu/stickleback_nuclear_only.fa	1
ndufaf5	TL	0.00292545	0.000524711	5.57536	1047	/work/cyu/stickleback_nuclear_only.fa	1
ndufaf5	WB	0.00511656	0.0008218	6.22604	1047	/work/cyu/stickleback_nuclear_only.fa	1
ndufaf5	WT	0.00542251	0.00071313	7.60382	1047	/work/cyu/stickleback_nuclear_only.fa	1
ndufaf5	WK	0.00467439	0.000797942	5.85806	1047	/work/cyu/stickleback_nuclear_only.fa	1
ndufaf5	SWA	0.00390159	0.000777238	5.01981	1047	/work/cyu/stickleback_nuclear_only.fa	1
ndufaf6	THE	0.0010132	0.00090963	1.11386	957	/work/cyu/stickleback_nuclear_only.fa	1
ndufaf6	JOE	0.00200286	0.000345851	5.79111	957	/work/cyu/stickleback_nuclear_only.fa	1
ndufaf6	BEA	0.000640295	0.000186051	3.44151	957	/work/cyu/stickleback_nuclear_only.fa	1
ndufaf6	MUC	0.00102076	0.000167696	6.08694	957	/work/cyu/stickleback_nuclear_only.fa	1
ndufaf6	PYE	0.000815521	0.000527878	1.5449	957	/work/cyu/stickleback_nuclear_only.fa	1
ndufaf6	AMO	0.000743967	0.000553152	1.34496	957	/work/cyu/stickleback_nuclear_only.fa	1
ndufaf6	SAY	0.00132628	0.000783502	1.69276	957	/work/cyu/stickleback_nuclear_only.fa	1
ndufaf6	GOS	0.000410397	0	NA	957	/work/cyu/stickleback_nuclear_only.fa	1
ndufaf6	ROB	0.00157332	0.00103795	1.5158	957	/work/cyu/stickleback_nuclear_only.fa	1
ndufaf6	FG	0.000854319	2.74361e-05	31.1385	957	/work/cyu/stickleback_nuclear_only.fa	1
ndufaf6	BOOT	0.000156765	0.000193745	0.809134	957	/work/cyu/stickleback_nuclear_only.fa	1
ndufaf6	ECHO	0.00017936	4.83041e-05	3.71315	957	/work/cyu/stickleback_nuclear_only.fa	1
ndufaf6	FRED	0.000695484	0.000701236	0.991796	957	/work/cyu/stickleback_nuclear_only.fa	1
ndufaf6	LAW	0.000755164	0.000262872	2.87275	957	/work/cyu/stickleback_nuclear_only.fa	1
ndufaf6	PACH	0.000155316	0.000109517	1.41819	957	/work/cyu/stickleback_nuclear_only.fa	1
ndufaf6	RS	0.00191933	0.00117798	1.62934	957	/work/cyu/stickleback_nuclear_only.fa	1
ndufaf6	SC	0.00085239	0.000602568	1.4146	957	/work/cyu/stickleback_nuclear_only.fa	1
ndufaf6	LB	0.0012796	0.000727334	1.7593	957	/work/cyu/stickleback_nuclear_only.fa	1
ndufaf6	CH	0.00110309	0.000727399	1.51648	957	/work/cyu/stickleback_nuclear_only.fa	1
ndufaf6	LG	0.000709898	0.000699981	1.01417	957	/work/cyu/stickleback_nuclear_only.fa	1
ndufaf6	SR	0.000101605	0.000247659	0.410261	957	/work/cyu/stickleback_nuclear_only.fa	1
ndufaf6	SL	0.00118203	0.000938523	1.25946	957	/work/cyu/stickleback_nuclear_only.fa	1
ndufaf6	TL	0.000750347	0.000642611	1.16765	957	/work/cyu/stickleback_nuclear_only.fa	1
ndufaf6	WB	0.000718646	0.000431141	1.66685	957	/work/cyu/stickleback_nuclear_only.fa	1
ndufaf6	WT	0.000695497	0.00093273	0.745658	957	/work/cyu/stickleback_nuclear_only.fa	1
ndufaf6	WK	0.000344456	0.000303493	1.13497	957	/work/cyu/stickleback_nuclear_only.fa	1
ndufaf6	SWA	0.000811769	0.000586526	1.38403	957	/work/cyu/stickleback_nuclear_only.fa	1
ndufaf7	THE	0.000724525	0.000431869	1.67765	1212	/work/cyu/stickleback_nuclear_only.fa	1
ndufaf7	JOE	0.00255229	0.000859561	2.9693	1212	/work/cyu/stickleback_nuclear_only.fa	1
ndufaf7	BEA	0.00108068	0.000356019	3.03546	1212	/work/cyu/stickleback_nuclear_only.fa	1
ndufaf7	MUC	0.00381867	0.00121857	3.13374	1212	/work/cyu/stickleback_nuclear_only.fa	1
ndufaf7	PYE	0.00339216	0.000852501	3.97907	1212	/work/cyu/stickleback_nuclear_only.fa	1
ndufaf7	AMO	0.00224938	0.00060101	3.74266	1212	/work/cyu/stickleback_nuclear_only.fa	1
ndufaf7	SAY	0.00282134	0.00092599	3.04683	1212	/work/cyu/stickleback_nuclear_only.fa	1
ndufaf7	GOS	0.0019464	0.00032628	5.96543	1212	/work/cyu/stickleback_nuclear_only.fa	1
ndufaf7	ROB	0.00263055	0.000621617	4.23178	1212	/work/cyu/stickleback_nuclear_only.fa	1
ndufaf7	FG	0.0023586	0.00062585	3.76863	1212	/work/cyu/stickleback_nuclear_only.fa	1
ndufaf7	BOOT	0.00195386	0.000561836	3.47763	1212	/work/cyu/stickleback_nuclear_only.fa	1
ndufaf7	ECHO	0.0019463	0.00046874	4.1522	1212	/work/cyu/stickleback_nuclear_only.fa	1
ndufaf7	FRED	0.00236007	0.00112633	2.09537	1212	/work/cyu/stickleback_nuclear_only.fa	1
ndufaf7	LAW	0.00250892	0.000944023	2.65769	1212	/work/cyu/stickleback_nuclear_only.fa	1
ndufaf7	PACH	0.0016444	0.000798522	2.05931	1212	/work/cyu/stickleback_nuclear_only.fa	1
ndufaf7	RS	0.00353167	0.00121506	2.90658	1212	/work/cyu/stickleback_nuclear_only.fa	1
ndufaf7	SC	0.0026766	0.00140595	1.90376	1212	/work/cyu/stickleback_nuclear_only.fa	1
ndufaf7	LB	0.00376802	0.000949081	3.97018	1212	/work/cyu/stickleback_nuclear_only.fa	1
ndufaf7	CH	0.00286114	0.00150134	1.90572	1212	/work/cyu/stickleback_nuclear_only.fa	1
ndufaf7	LG	0.00260261	0.000683938	3.80534	1212	/work/cyu/stickleback_nuclear_only.fa	1
ndufaf7	SR	0.00249379	0.000480982	5.18478	1212	/work/cyu/stickleback_nuclear_only.fa	1
ndufaf7	SL	0.00232385	0.000663676	3.50149	1212	/work/cyu/stickleback_nuclear_only.fa	1
ndufaf7	TL	0.000991069	0.000158855	6.23882	1212	/work/cyu/stickleback_nuclear_only.fa	1
ndufaf7	WB	0.00240234	0.000764308	3.14316	1212	/work/cyu/stickleback_nuclear_only.fa	1
ndufaf7	WT	0.00256266	0.00103225	2.4826	1212	/work/cyu/stickleback_nuclear_only.fa	1
ndufaf7	WK	0.00228673	0.000376646	6.07129	1212	/work/cyu/stickleback_nuclear_only.fa	1
ndufaf7	SWA	0.00159124	0.00277372	0.573683	1212	/work/cyu/stickleback_nuclear_only.fa	1
ndufb1	THE	0.000556424	0	NA	171	/work/cyu/stickleback_nuclear_only.fa	1
ndufb1	JOE	0.000379738	8.986e-05	4.22588	171	/work/cyu/stickleback_nuclear_only.fa	1
ndufb1	BEA	0.000291848	8.49107e-05	3.43712	171	/work/cyu/stickleback_nuclear_only.fa	1
ndufb1	MUC	0.000105327	0	NA	171	/work/cyu/stickleback_nuclear_only.fa	1
ndufb1	PYE	0	0.000287053	0	171	/work/cyu/stickleback_nuclear_only.fa	1
ndufb1	AMO	0.00012156	0.00012032	1.01031	171	/work/cyu/stickleback_nuclear_only.fa	1
ndufb1	SAY	0.000892662	0.000118722	7.51894	171	/work/cyu/stickleback_nuclear_only.fa	1
ndufb1	GOS	0.000263587	0	NA	171	/work/cyu/stickleback_nuclear_only.fa	1
ndufb1	ROB	0.00386997	0	NA	171	/work/cyu/stickleback_nuclear_only.fa	1
ndufb1	FG	0.00019322	0.000190092	1.01646	171	/work/cyu/stickleback_nuclear_only.fa	1
ndufb1	BOOT	0	0.000515708	0	171	/work/cyu/stickleback_nuclear_only.fa	1
ndufb1	ECHO	0.000252849	0	NA	171	/work/cyu/stickleback_nuclear_only.fa	1
ndufb1	FRED	0.000462071	0	NA	171	/work/cyu/stickleback_nuclear_only.fa	1
ndufb1	LAW	0	0	NA	171	/work/cyu/stickleback_nuclear_only.fa	1
ndufb1	PACH	0.0030294	0	NA	171	/work/cyu/stickleback_nuclear_only.fa	1
ndufb1	RS	0.00114966	0.000260368	4.41553	171	/work/cyu/stickleback_nuclear_only.fa	1
ndufb1	SC	0.000482925	0	NA	171	/work/cyu/stickleback_nuclear_only.fa	1
ndufb1	LB	0.00128918	5.20108e-05	24.7868	171	/work/cyu/stickleback_nuclear_only.fa	1
ndufb1	CH	0.000242454	0.000166859	1.45305	171	/work/cyu/stickleback_nuclear_only.fa	1
ndufb1	LG	0.000464098	0	NA	171	/work/cyu/stickleback_nuclear_only.fa	1
ndufb1	SR	0.00023638	0.000113051	2.09091	171	/work/cyu/stickleback_nuclear_only.fa	1
ndufb1	SL	0.000660298	9.97848e-05	6.61722	171	/work/cyu/stickleback_nuclear_only.fa	1
ndufb1	TL	0.000871143	0	NA	171	/work/cyu/stickleback_nuclear_only.fa	1
ndufb1	WB	0.000119958	0.000117559	1.0204	171	/work/cyu/stickleback_nuclear_only.fa	1
ndufb1	WT	0.00121429	0.000247657	4.90311	171	/work/cyu/stickleback_nuclear_only.fa	1
ndufb1	WK	0	0.000108836	0	171	/work/cyu/stickleback_nuclear_only.fa	1
ndufb1	SWA	0.000350285	0.000207191	1.69064	171	/work/cyu/stickleback_nuclear_only.fa	1
ndufb10	THE	0.00150868	0.000149352	10.1015	507	/work/cyu/stickleback_nuclear_only.fa	1
ndufb10	JOE	0.00227794	0.0010517	2.16595	507	/work/cyu/stickleback_nuclear_only.fa	1
ndufb10	BEA	0.000211511	6.39728e-05	3.30626	507	/work/cyu/stickleback_nuclear_only.fa	1
ndufb10	MUC	0.000202246	7.71559e-05	2.62126	507	/work/cyu/stickleback_nuclear_only.fa	1
ndufb10	PYE	0.00148097	6.19293e-05	23.9139	507	/work/cyu/stickleback_nuclear_only.fa	1
ndufb10	AMO	0.000968831	0.000126932	7.6327	507	/work/cyu/stickleback_nuclear_only.fa	1
ndufb10	SAY	0.000337049	0.000246686	1.36631	507	/work/cyu/stickleback_nuclear_only.fa	1
ndufb10	GOS	0.000603608	9.72949e-05	6.2039	507	/work/cyu/stickleback_nuclear_only.fa	1
ndufb10	ROB	0.000837238	9.30891e-05	8.99393	507	/work/cyu/stickleback_nuclear_only.fa	1
ndufb10	FG	0.00034613	5.60762e-05	6.17249	507	/work/cyu/stickleback_nuclear_only.fa	1
ndufb10	BOOT	4.63459e-05	3.90775e-05	1.186	507	/work/cyu/stickleback_nuclear_only.fa	1
ndufb10	ECHO	0.00099557	4.06722e-05	24.4779	507	/work/cyu/stickleback_nuclear_only.fa	1
ndufb10	FRED	0.00140128	0.00019023	7.36623	507	/work/cyu/stickleback_nuclear_only.fa	1
ndufb10	LAW	0.00126913	0.00102424	1.2391	507	/work/cyu/stickleback_nuclear_only.fa	1
ndufb10	PACH	0.000333435	7.79142e-05	4.27952	507	/work/cyu/stickleback_nuclear_only.fa	1
ndufb10	RS	0.00171558	0.000323049	5.3106	507	/work/cyu/stickleback_nuclear_only.fa	1
ndufb10	SC	0.000816911	0.000137139	5.9568	507	/work/cyu/stickleback_nuclear_only.fa	1
ndufb10	LB	0.00121779	9.71316e-05	12.5375	507	/work/cyu/stickleback_nuclear_only.fa	1
ndufb10	CH	0.000866271	8.86441e-05	9.77246	507	/work/cyu/stickleback_nuclear_only.fa	1
ndufb10	LG	0.000558006	0	NA	507	/work/cyu/stickleback_nuclear_only.fa	1
ndufb10	SR	0.00164899	2.91592e-05	56.5511	507	/work/cyu/stickleback_nuclear_only.fa	1
ndufb10	SL	0.00177976	3.36552e-05	52.8822	507	/work/cyu/stickleback_nuclear_only.fa	1
ndufb10	TL	0.00137796	0.000102448	13.4503	507	/work/cyu/stickleback_nuclear_only.fa	1
ndufb10	WB	0.00102398	0	NA	507	/work/cyu/stickleback_nuclear_only.fa	1
ndufb10	WT	0.000494725	0	NA	507	/work/cyu/stickleback_nuclear_only.fa	1
ndufb10	WK	3.33152e-05	6.1916e-05	0.538072	507	/work/cyu/stickleback_nuclear_only.fa	1
ndufb10	SWA	0.000261352	0.000372718	0.701205	507	/work/cyu/stickleback_nuclear_only.fa	1
ndufb2	THE	3.95602e-05	0	NA	318	/work/cyu/stickleback_nuclear_only.fa	1
ndufb2	JOE	0.00149901	4.72392e-05	31.7323	318	/work/cyu/stickleback_nuclear_only.fa	1
ndufb2	BEA	0.00060932	0.000261387	2.33111	318	/work/cyu/stickleback_nuclear_only.fa	1
ndufb2	MUC	0.000157893	0.000171644	0.919882	318	/work/cyu/stickleback_nuclear_only.fa	1
ndufb2	PYE	0.000749057	0	NA	318	/work/cyu/stickleback_nuclear_only.fa	1
ndufb2	AMO	0.000322529	0.000237437	1.35838	318	/work/cyu/stickleback_nuclear_only.fa	1
ndufb2	SAY	0.00122936	7.99984e-05	15.3673	318	/work/cyu/stickleback_nuclear_only.fa	1
ndufb2	GOS	5.38855e-05	0	NA	318	/work/cyu/stickleback_nuclear_only.fa	1
ndufb2	ROB	0.00294376	0.000131296	22.4208	318	/work/cyu/stickleback_nuclear_only.fa	1
ndufb2	FG	0.00183603	0.000246844	7.43802	318	/work/cyu/stickleback_nuclear_only.fa	1
ndufb2	BOOT	8.04363e-05	0	NA	318	/work/cyu/stickleback_nuclear_only.fa	1
ndufb2	ECHO	0.000192662	0.000155146	1.24181	318	/work/cyu/stickleback_nuclear_only.fa	1
ndufb2	FRED	0.0001761	0.00017412	1.01137	318	/work/cyu/stickleback_nuclear_only.fa	1
ndufb2	LAW	0.000535526	0	NA	318	/work/cyu/stickleback_nuclear_only.fa	1
ndufb2	PACH	0.000184612	0	NA	318	/work/cyu/stickleback_nuclear_only.fa	1
ndufb2	RS	0.00235687	0.000324312	7.2673	318	/work/cyu/stickleback_nuclear_only.fa	1
ndufb2	SC	0.00111622	0.000192471	5.79943	318	/work/cyu/stickleback_nuclear_only.fa	1
ndufb2	LB	0.00119003	7.50012e-05	15.8668	318	/work/cyu/stickleback_nuclear_only.fa	1
ndufb2	CH	0.00166956	0.000253856	6.57681	318	/work/cyu/stickleback_nuclear_only.fa	1
ndufb2	LG	0.00180579	0.000299305	6.03329	318	/work/cyu/stickleback_nuclear_only.fa	1
ndufb2	SR	0.000420675	5.9645e-05	7.05299	318	/work/cyu/stickleback_nuclear_only.fa	1
ndufb2	SL	0.00119088	5.06534e-05	23.5104	318	/work/cyu/stickleback_nuclear_only.fa	1
ndufb2	TL	0.000599221	0.000204328	2.93264	318	/work/cyu/stickleback_nuclear_only.fa	1
ndufb2	WB	0.00175428	0.00013102	13.3894	318	/work/cyu/stickleback_nuclear_only.fa	1
ndufb2	WT	0.000999493	0.00039701	2.51755	318	/work/cyu/stickleback_nuclear_only.fa	1
ndufb2	WK	0.00139625	0.000156298	8.93327	318	/work/cyu/stickleback_nuclear_only.fa	1
ndufb2	SWA	0.00015207	0	NA	318	/work/cyu/stickleback_nuclear_only.fa	1
ndufb3	THE	0.00123418	0.000215287	5.73273	285	/work/cyu/stickleback_nuclear_only.fa	1
ndufb3	JOE	0.000383488	0.000170883	2.24416	285	/work/cyu/stickleback_nuclear_only.fa	1
ndufb3	BEA	0.00108442	0.000160659	6.74983	285	/work/cyu/stickleback_nuclear_only.fa	1
ndufb3	MUC	0.000505756	5.84965e-05	8.64593	285	/work/cyu/stickleback_nuclear_only.fa	1
ndufb3	PYE	0.00148459	0.000161008	9.22059	285	/work/cyu/stickleback_nuclear_only.fa	1
ndufb3	AMO	0.000115992	0.000429988	0.269757	285	/work/cyu/stickleback_nuclear_only.fa	1
ndufb3	SAY	0.00137126	0.000147493	9.29713	285	/work/cyu/stickleback_nuclear_only.fa	1
ndufb3	GOS	0	0.000175878	0	285	/work/cyu/stickleback_nuclear_only.fa	1
ndufb3	ROB	0.000322657	0.000149819	2.15365	285	/work/cyu/stickleback_nuclear_only.fa	1
ndufb3	FG	0.000231274	9.91804e-05	2.33185	285	/work/cyu/stickleback_nuclear_only.fa	1
ndufb3	BOOT	0.000559898	9.71239e-05	5.76478	285	/work/cyu/stickleback_nuclear_only.fa	1
ndufb3	ECHO	0.00030863	6.8842e-05	4.48315	285	/work/cyu/stickleback_nuclear_only.fa	1
ndufb3	FRED	0.000301275	9.09418e-05	3.31283	285	/work/cyu/stickleback_nuclear_only.fa	1
ndufb3	LAW	0.00108965	0.000127804	8.52592	285	/work/cyu/stickleback_nuclear_only.fa	1
ndufb3	PACH	0.000296903	0.000298757	0.993794	285	/work/cyu/stickleback_nuclear_only.fa	1
ndufb3	RS	0.00120048	0.000365934	3.2806	285	/work/cyu/stickleback_nuclear_only.fa	1
ndufb3	SC	0.000297878	4.98406e-05	5.97661	285	/work/cyu/stickleback_nuclear_only.fa	1
ndufb3	LB	0.000725985	0.000197929	3.6679	285	/work/cyu/stickleback_nuclear_only.fa	1
ndufb3	CH	0.000503191	0.000148715	3.38358	285	/work/cyu/stickleback_nuclear_only.fa	1
ndufb3	LG	0.000678748	0.000824802	0.822923	285	/work/cyu/stickleback_nuclear_only.fa	1
ndufb3	SR	0.000268122	0.000109479	2.44906	285	/work/cyu/stickleback_nuclear_only.fa	1
ndufb3	SL	0.0012443	0.000160863	7.73518	285	/work/cyu/stickleback_nuclear_only.fa	1
ndufb3	TL	0.00020359	0.000206211	0.987289	285	/work/cyu/stickleback_nuclear_only.fa	1
ndufb3	WB	0.000167763	0.000164063	1.02256	285	/work/cyu/stickleback_nuclear_only.fa	1
ndufb3	WT	0.000350845	0.00011132	3.15169	285	/work/cyu/stickleback_nuclear_only.fa	1
ndufb3	WK	0.000730541	0	NA	285	/work/cyu/stickleback_nuclear_only.fa	1
ndufb3	SWA	0.000920744	0.000259816	3.54383	285	/work/cyu/stickleback_nuclear_only.fa	1
ndufb4	THE	3.82428e-05	0.000878221	0.0435457	387	/work/cyu/stickleback_nuclear_only.fa	1
ndufb4	JOE	0.000335334	0.00151681	0.221078	387	/work/cyu/stickleback_nuclear_only.fa	1
ndufb4	BEA	0.000212885	3.72507e-05	5.71493	387	/work/cyu/stickleback_nuclear_only.fa	1
ndufb4	MUC	0.000185163	0.000967295	0.191423	387	/work/cyu/stickleback_nuclear_only.fa	1
ndufb4	PYE	0.000190726	0.00130308	0.146365	387	/work/cyu/stickleback_nuclear_only.fa	1
ndufb4	AMO	0.000525141	0.000564481	0.930307	387	/work/cyu/stickleback_nuclear_only.fa	1
ndufb4	SAY	6.74419e-05	0.00356055	0.0189414	387	/work/cyu/stickleback_nuclear_only.fa	1
ndufb4	GOS	0.000343146	0.00198208	0.173124	387	/work/cyu/stickleback_nuclear_only.fa	1
ndufb4	ROB	0.000150931	0.00135115	0.111705	387	/work/cyu/stickleback_nuclear_only.fa	1
ndufb4	FG	0.000105567	0.000219086	0.481851	387	/work/cyu/stickleback_nuclear_only.fa	1
ndufb4	BOOT	0.000146919	0.00282419	0.0520217	387	/work/cyu/stickleback_nuclear_only.fa	1
ndufb4	ECHO	0.000213869	0.00236442	0.0904531	387	/work/cyu/stickleback_nuclear_only.fa	1
ndufb4	FRED	7.15581e-05	0.0030097	0.0237758	387	/work/cyu/stickleback_nuclear_only.fa	1
ndufb4	LAW	0.000283306	0.000279171	1.01481	387	/work/cyu/stickleback_nuclear_only.fa	1
ndufb4	PACH	0.000136061	0.000349273	0.389555	387	/work/cyu/stickleback_nuclear_only.fa	1
ndufb4	RS	0.000776868	0.00112992	0.687545	387	/work/cyu/stickleback_nuclear_only.fa	1
ndufb4	SC	0.000367791	0.00342626	0.107345	387	/work/cyu/stickleback_nuclear_only.fa	1
ndufb4	LB	0.00041006	0.000842741	0.486579	387	/work/cyu/stickleback_nuclear_only.fa	1
ndufb4	CH	0.000409268	0.0024041	0.170238	387	/work/cyu/stickleback_nuclear_only.fa	1
ndufb4	LG	0.000318976	8.58977e-05	3.71344	387	/work/cyu/stickleback_nuclear_only.fa	1
ndufb4	SR	0.000290852	0.000557598	0.521616	387	/work/cyu/stickleback_nuclear_only.fa	1
ndufb4	SL	0.000171928	4.72971e-05	3.63508	387	/work/cyu/stickleback_nuclear_only.fa	1
ndufb4	TL	0.000252366	0.00238892	0.10564	387	/work/cyu/stickleback_nuclear_only.fa	1
ndufb4	WB	5.7081e-05	0.000226627	0.251872	387	/work/cyu/stickleback_nuclear_only.fa	1
ndufb4	WT	0.000118685	0.000130125	0.912079	387	/work/cyu/stickleback_nuclear_only.fa	1
ndufb4	WK	0.000226034	0.000467859	0.483124	387	/work/cyu/stickleback_nuclear_only.fa	1
ndufb4	SWA	0.000400033	4.56464e-05	8.76373	387	/work/cyu/stickleback_nuclear_only.fa	1
ndufb5	THE	0.000463853	0.00124184	0.37352	567	/work/cyu/stickleback_nuclear_only.fa	1
ndufb5	JOE	0.000984228	2.46543e-05	39.9212	567	/work/cyu/stickleback_nuclear_only.fa	1
ndufb5	BEA	0.000878855	6.3545e-05	13.8304	567	/work/cyu/stickleback_nuclear_only.fa	1
ndufb5	MUC	0.000362994	0.000769385	0.471798	567	/work/cyu/stickleback_nuclear_only.fa	1
ndufb5	PYE	0.00077457	0.000658183	1.17683	567	/work/cyu/stickleback_nuclear_only.fa	1
ndufb5	AMO	0.000132172	0.000576527	0.229256	567	/work/cyu/stickleback_nuclear_only.fa	1
ndufb5	SAY	0.000805107	0.000815482	0.987278	567	/work/cyu/stickleback_nuclear_only.fa	1
ndufb5	GOS	0.000263784	0.000118463	2.22672	567	/work/cyu/stickleback_nuclear_only.fa	1
ndufb5	ROB	0.000421657	0.00123725	0.340801	567	/work/cyu/stickleback_nuclear_only.fa	1
ndufb5	FG	0.00101049	0.0007655	1.32004	567	/work/cyu/stickleback_nuclear_only.fa	1
ndufb5	BOOT	0.000234039	4.56906e-05	5.12226	567	/work/cyu/stickleback_nuclear_only.fa	1
ndufb5	ECHO	8.69767e-05	4.14416e-05	2.09878	567	/work/cyu/stickleback_nuclear_only.fa	1
ndufb5	FRED	4.4019e-05	0	NA	567	/work/cyu/stickleback_nuclear_only.fa	1
ndufb5	LAW	0.000296608	0.00036356	0.815842	567	/work/cyu/stickleback_nuclear_only.fa	1
ndufb5	PACH	0.000911981	7.54935e-05	12.0803	567	/work/cyu/stickleback_nuclear_only.fa	1
ndufb5	RS	0.00173832	0.000901932	1.92733	567	/work/cyu/stickleback_nuclear_only.fa	1
ndufb5	SC	0.00123047	0.000434421	2.83244	567	/work/cyu/stickleback_nuclear_only.fa	1
ndufb5	LB	0.00190598	0.00115008	1.65727	567	/work/cyu/stickleback_nuclear_only.fa	1
ndufb5	CH	0.000613844	0.000699486	0.877564	567	/work/cyu/stickleback_nuclear_only.fa	1
ndufb5	LG	0.000752512	0.00112184	0.670782	567	/work/cyu/stickleback_nuclear_only.fa	1
ndufb5	SR	0.00126813	0.000535875	2.36647	567	/work/cyu/stickleback_nuclear_only.fa	1
ndufb5	SL	0.000277835	0.00106553	0.260749	567	/work/cyu/stickleback_nuclear_only.fa	1
ndufb5	TL	0.00024291	0.000110124	2.20577	567	/work/cyu/stickleback_nuclear_only.fa	1
ndufb5	WB	0.000896584	0.00120504	0.74403	567	/work/cyu/stickleback_nuclear_only.fa	1
ndufb5	WT	0.00103307	0.000600346	1.72078	567	/work/cyu/stickleback_nuclear_only.fa	1
ndufb5	WK	0.00100497	0.00077456	1.29747	567	/work/cyu/stickleback_nuclear_only.fa	1
ndufb5	SWA	0.000309596	0.000135357	2.28726	567	/work/cyu/stickleback_nuclear_only.fa	1
ndufb6	THE	0.000151281	0.000140747	1.07484	381	/work/cyu/stickleback_nuclear_only.fa	1
ndufb6	JOE	0.000314866	0.000125933	2.50027	381	/work/cyu/stickleback_nuclear_only.fa	1
ndufb6	BEA	0.000134344	0.000132841	1.01131	381	/work/cyu/stickleback_nuclear_only.fa	1
ndufb6	MUC	0.000125389	0.000109163	1.14864	381	/work/cyu/stickleback_nuclear_only.fa	1
ndufb6	PYE	0.000358611	5.18536e-05	6.91582	381	/work/cyu/stickleback_nuclear_only.fa	1
ndufb6	AMO	0.00016826	4.13469e-05	4.06948	381	/work/cyu/stickleback_nuclear_only.fa	1
ndufb6	SAY	0.00040617	0.000243632	1.66714	381	/work/cyu/stickleback_nuclear_only.fa	1
ndufb6	GOS	0.000329409	0.000127054	2.59268	381	/work/cyu/stickleback_nuclear_only.fa	1
ndufb6	ROB	0.000397078	0	NA	381	/work/cyu/stickleback_nuclear_only.fa	1
ndufb6	FG	0.000172565	0	NA	381	/work/cyu/stickleback_nuclear_only.fa	1
ndufb6	BOOT	0.000291087	0.00101236	0.287533	381	/work/cyu/stickleback_nuclear_only.fa	1
ndufb6	ECHO	0.000297955	0.000135264	2.20277	381	/work/cyu/stickleback_nuclear_only.fa	1
ndufb6	FRED	0	0	NA	381	/work/cyu/stickleback_nuclear_only.fa	1
ndufb6	LAW	0.00012313	6.23982e-05	1.9733	381	/work/cyu/stickleback_nuclear_only.fa	1
ndufb6	PACH	0.000150669	0.000201702	0.74699	381	/work/cyu/stickleback_nuclear_only.fa	1
ndufb6	RS	0.00134581	0.000598348	2.24921	381	/work/cyu/stickleback_nuclear_only.fa	1
ndufb6	SC	0.000613572	0.0004601	1.33356	381	/work/cyu/stickleback_nuclear_only.fa	1
ndufb6	LB	0.00039881	0.000357047	1.11697	381	/work/cyu/stickleback_nuclear_only.fa	1
ndufb6	CH	0.00086869	0.0006718	1.29308	381	/work/cyu/stickleback_nuclear_only.fa	1
ndufb6	LG	0.000296454	0	NA	381	/work/cyu/stickleback_nuclear_only.fa	1
ndufb6	SR	0.000143656	0	NA	381	/work/cyu/stickleback_nuclear_only.fa	1
ndufb6	SL	0.000380281	9.86785e-05	3.85374	381	/work/cyu/stickleback_nuclear_only.fa	1
ndufb6	TL	0.000205045	4.64581e-05	4.41354	381	/work/cyu/stickleback_nuclear_only.fa	1
ndufb6	WB	0.000236311	0	NA	381	/work/cyu/stickleback_nuclear_only.fa	1
ndufb6	WT	9.78669e-05	0.000572564	0.170927	381	/work/cyu/stickleback_nuclear_only.fa	1
ndufb6	WK	0.000275735	4.9769e-05	5.54029	381	/work/cyu/stickleback_nuclear_only.fa	1
ndufb6	SWA	0.000201447	4.8051e-05	4.19235	381	/work/cyu/stickleback_nuclear_only.fa	1
ndufb7	THE	3.83546e-05	0.00134317	0.0285553	357	/work/cyu/stickleback_nuclear_only.fa	1
ndufb7	JOE	0.00054745	0.00143447	0.381639	357	/work/cyu/stickleback_nuclear_only.fa	1
ndufb7	BEA	0.000268547	0.00145022	0.185177	357	/work/cyu/stickleback_nuclear_only.fa	1
ndufb7	MUC	0.000237072	0.000102744	2.30739	357	/work/cyu/stickleback_nuclear_only.fa	1
ndufb7	PYE	0.000511458	0.00119401	0.428354	357	/work/cyu/stickleback_nuclear_only.fa	1
ndufb7	AMO	0.00125038	0.00142426	0.877921	357	/work/cyu/stickleback_nuclear_only.fa	1
ndufb7	SAY	0.000382566	0.000112185	3.41012	357	/work/cyu/stickleback_nuclear_only.fa	1
ndufb7	GOS	5.50562e-05	0.0013108	0.0420018	357	/work/cyu/stickleback_nuclear_only.fa	1
ndufb7	ROB	0.00124471	0.000722878	1.72188	357	/work/cyu/stickleback_nuclear_only.fa	1
ndufb7	FG	9.12951e-05	0.000280359	0.325636	357	/work/cyu/stickleback_nuclear_only.fa	1
ndufb7	BOOT	0.000203085	0.00130508	0.155611	357	/work/cyu/stickleback_nuclear_only.fa	1
ndufb7	ECHO	0.000393911	0.00141519	0.278345	357	/work/cyu/stickleback_nuclear_only.fa	1
ndufb7	FRED	0.00212122	0.00143099	1.48234	357	/work/cyu/stickleback_nuclear_only.fa	1
ndufb7	LAW	0.000274064	0.00119502	0.229338	357	/work/cyu/stickleback_nuclear_only.fa	1
ndufb7	PACH	0.00159377	0.00140469	1.13461	357	/work/cyu/stickleback_nuclear_only.fa	1
ndufb7	RS	0.00099416	0.000214867	4.62687	357	/work/cyu/stickleback_nuclear_only.fa	1
ndufb7	SC	0.000846142	0.000754239	1.12185	357	/work/cyu/stickleback_nuclear_only.fa	1
ndufb7	LB	0.000305529	0.00145021	0.210679	357	/work/cyu/stickleback_nuclear_only.fa	1
ndufb7	CH	0.000154375	0.000765991	0.201536	357	/work/cyu/stickleback_nuclear_only.fa	1
ndufb7	LG	0.000141053	0.000308853	0.4567	357	/work/cyu/stickleback_nuclear_only.fa	1
ndufb7	SR	0.000192395	0.000345107	0.557494	357	/work/cyu/stickleback_nuclear_only.fa	1
ndufb7	SL	0.000346105	0.00145066	0.238584	357	/work/cyu/stickleback_nuclear_only.fa	1
ndufb7	TL	4.55834e-05	4.71026e-05	0.967746	357	/work/cyu/stickleback_nuclear_only.fa	1
ndufb7	WB	0.000207682	0.00140638	0.147671	357	/work/cyu/stickleback_nuclear_only.fa	1
ndufb7	WT	0.000104275	0.000319402	0.32647	357	/work/cyu/stickleback_nuclear_only.fa	1
ndufb7	WK	0.00028427	0.00105277	0.270021	357	/work/cyu/stickleback_nuclear_only.fa	1
ndufb7	SWA	0.000181153	0.000320735	0.564805	357	/work/cyu/stickleback_nuclear_only.fa	1
ndufb8	THE	0.000801066	7.64472e-05	10.4787	573	/work/cyu/stickleback_nuclear_only.fa	1
ndufb8	JOE	0.00144289	0.000185602	7.7741	573	/work/cyu/stickleback_nuclear_only.fa	1
ndufb8	BEA	0.000259232	6.1199e-05	4.2359	573	/work/cyu/stickleback_nuclear_only.fa	1
ndufb8	MUC	0.000165201	0	NA	573	/work/cyu/stickleback_nuclear_only.fa	1
ndufb8	PYE	0.000657458	0.00013349	4.92515	573	/work/cyu/stickleback_nuclear_only.fa	1
ndufb8	AMO	0.0001669	0.000367662	0.45395	573	/work/cyu/stickleback_nuclear_only.fa	1
ndufb8	SAY	0.00100646	0.000370465	2.71674	573	/work/cyu/stickleback_nuclear_only.fa	1
ndufb8	GOS	0.000236602	0.000458717	0.515791	573	/work/cyu/stickleback_nuclear_only.fa	1
ndufb8	ROB	0.000979947	0.000199845	4.90354	573	/work/cyu/stickleback_nuclear_only.fa	1
ndufb8	FG	0.000158986	0.000294834	0.53924	573	/work/cyu/stickleback_nuclear_only.fa	1
ndufb8	BOOT	0.000175845	0.000108418	1.62191	573	/work/cyu/stickleback_nuclear_only.fa	1
ndufb8	ECHO	4.24894e-05	0.000144546	0.293951	573	/work/cyu/stickleback_nuclear_only.fa	1
ndufb8	FRED	0.000712216	0.000172414	4.13084	573	/work/cyu/stickleback_nuclear_only.fa	1
ndufb8	LAW	0.000306944	0.000743137	0.413038	573	/work/cyu/stickleback_nuclear_only.fa	1
ndufb8	PACH	0.000287721	6.97466e-05	4.12523	573	/work/cyu/stickleback_nuclear_only.fa	1
ndufb8	RS	0.00137002	0.000325779	4.20535	573	/work/cyu/stickleback_nuclear_only.fa	1
ndufb8	SC	0.000866839	9.5521e-05	9.07485	573	/work/cyu/stickleback_nuclear_only.fa	1
ndufb8	LB	0.000635331	0.000546481	1.16259	573	/work/cyu/stickleback_nuclear_only.fa	1
ndufb8	CH	0.000657368	2.61797e-05	25.1099	573	/work/cyu/stickleback_nuclear_only.fa	1
ndufb8	LG	0.000828772	0.000986875	0.839795	573	/work/cyu/stickleback_nuclear_only.fa	1
ndufb8	SR	0.000948248	0.000132433	7.16018	573	/work/cyu/stickleback_nuclear_only.fa	1
ndufb8	SL	0.00100632	0.000158238	6.35952	573	/work/cyu/stickleback_nuclear_only.fa	1
ndufb8	TL	0.00116317	6.66611e-05	17.4491	573	/work/cyu/stickleback_nuclear_only.fa	1
ndufb8	WB	0.00120643	0.000351727	3.43001	573	/work/cyu/stickleback_nuclear_only.fa	1
ndufb8	WT	0.000268425	0.000546996	0.490727	573	/work/cyu/stickleback_nuclear_only.fa	1
ndufb8	WK	0.000348433	0	NA	573	/work/cyu/stickleback_nuclear_only.fa	1
ndufb8	SWA	0.000169698	4.39281e-05	3.86309	573	/work/cyu/stickleback_nuclear_only.fa	1
ndufb9	THE	0.0011654	0.000172208	6.76743	522	/work/cyu/stickleback_nuclear_only.fa	1
ndufb9	JOE	0.00116794	0.000210998	5.5353	522	/work/cyu/stickleback_nuclear_only.fa	1
ndufb9	BEA	0.000351933	8.13661e-05	4.3253	522	/work/cyu/stickleback_nuclear_only.fa	1
ndufb9	MUC	0.000174671	3.61158e-05	4.83642	522	/work/cyu/stickleback_nuclear_only.fa	1
ndufb9	PYE	0.000844584	0.000202441	4.172	522	/work/cyu/stickleback_nuclear_only.fa	1
ndufb9	AMO	0.0009649	0.000499101	1.93328	522	/work/cyu/stickleback_nuclear_only.fa	1
ndufb9	SAY	0.000453824	0.000187271	2.42335	522	/work/cyu/stickleback_nuclear_only.fa	1
ndufb9	GOS	0.000421599	0.000101375	4.15882	522	/work/cyu/stickleback_nuclear_only.fa	1
ndufb9	ROB	0.00112345	0.000345504	3.25162	522	/work/cyu/stickleback_nuclear_only.fa	1
ndufb9	FG	0.000971273	0.000123921	7.83781	522	/work/cyu/stickleback_nuclear_only.fa	1
ndufb9	BOOT	0.000430055	4.44968e-05	9.66485	522	/work/cyu/stickleback_nuclear_only.fa	1
ndufb9	ECHO	0.000314403	0.000115489	2.72235	522	/work/cyu/stickleback_nuclear_only.fa	1
ndufb9	FRED	0.000441763	0.000744025	0.593747	522	/work/cyu/stickleback_nuclear_only.fa	1
ndufb9	LAW	0.000594076	0.000134047	4.43185	522	/work/cyu/stickleback_nuclear_only.fa	1
ndufb9	PACH	0.0010322	0.00172302	0.599063	522	/work/cyu/stickleback_nuclear_only.fa	1
ndufb9	RS	0.00144122	0.000960789	1.50004	522	/work/cyu/stickleback_nuclear_only.fa	1
ndufb9	SC	0.000917922	0.000319514	2.87287	522	/work/cyu/stickleback_nuclear_only.fa	1
ndufb9	LB	0.00105473	0.00024814	4.25056	522	/work/cyu/stickleback_nuclear_only.fa	1
ndufb9	CH	0.000658154	0.00018218	3.61266	522	/work/cyu/stickleback_nuclear_only.fa	1
ndufb9	LG	0.00101521	7.98612e-05	12.7122	522	/work/cyu/stickleback_nuclear_only.fa	1
ndufb9	SR	0.00039505	0.00024996	1.58045	522	/work/cyu/stickleback_nuclear_only.fa	1
ndufb9	SL	0.000180881	9.70406e-05	1.86397	522	/work/cyu/stickleback_nuclear_only.fa	1
ndufb9	TL	0.00102384	6.72742e-05	15.2188	522	/work/cyu/stickleback_nuclear_only.fa	1
ndufb9	WB	0.00029317	0.000224716	1.30462	522	/work/cyu/stickleback_nuclear_only.fa	1
ndufb9	WT	0.000166427	0.000107018	1.55513	522	/work/cyu/stickleback_nuclear_only.fa	1
ndufb9	WK	0.00103378	0.000234967	4.39968	522	/work/cyu/stickleback_nuclear_only.fa	1
ndufb9	SWA	0.00126692	4.06081e-05	31.1987	522	/work/cyu/stickleback_nuclear_only.fa	1
ndufs1	THE	0.00210575	9.6862e-05	21.7397	2175	/work/cyu/stickleback_nuclear_only.fa	1
ndufs1	JOE	0.000718557	0.000561343	1.28007	2175	/work/cyu/stickleback_nuclear_only.fa	1
ndufs1	BEA	0.000382167	0.000112826	3.38722	2175	/work/cyu/stickleback_nuclear_only.fa	1
ndufs1	MUC	0.00226704	5.2508e-05	43.1752	2175	/work/cyu/stickleback_nuclear_only.fa	1
ndufs1	PYE	0.00136936	0.000171996	7.96155	2175	/work/cyu/stickleback_nuclear_only.fa	1
ndufs1	AMO	0.00180528	0.000152122	11.8673	2175	/work/cyu/stickleback_nuclear_only.fa	1
ndufs1	SAY	0.00227466	0.000427875	5.31619	2175	/work/cyu/stickleback_nuclear_only.fa	1
ndufs1	GOS	0.00177015	0.000342765	5.16432	2175	/work/cyu/stickleback_nuclear_only.fa	1
ndufs1	ROB	0.00221381	0.000570895	3.87779	2175	/work/cyu/stickleback_nuclear_only.fa	1
ndufs1	FG	0.00267601	0.000327334	8.17517	2175	/work/cyu/stickleback_nuclear_only.fa	1
ndufs1	BOOT	0.0023224	0.000296935	7.82122	2175	/work/cyu/stickleback_nuclear_only.fa	1
ndufs1	ECHO	0.00209404	0.000318997	6.56445	2175	/work/cyu/stickleback_nuclear_only.fa	1
ndufs1	FRED	0.000411319	7.36727e-05	5.58305	2175	/work/cyu/stickleback_nuclear_only.fa	1
ndufs1	LAW	0.00256689	0.000301531	8.51285	2175	/work/cyu/stickleback_nuclear_only.fa	1
ndufs1	PACH	0.000246691	3.53787e-05	6.97286	2175	/work/cyu/stickleback_nuclear_only.fa	1
ndufs1	RS	0.00290668	0.000681212	4.26692	2175	/work/cyu/stickleback_nuclear_only.fa	1
ndufs1	SC	0.00294733	0.000459228	6.41801	2175	/work/cyu/stickleback_nuclear_only.fa	1
ndufs1	LB	0.00215205	0.000464058	4.63746	2175	/work/cyu/stickleback_nuclear_only.fa	1
ndufs1	CH	0.00284454	0.000279663	10.1713	2175	/work/cyu/stickleback_nuclear_only.fa	1
ndufs1	LG	0.00215842	0.000407396	5.29807	2175	/work/cyu/stickleback_nuclear_only.fa	1
ndufs1	SR	0.000839323	0.00056294	1.49096	2175	/work/cyu/stickleback_nuclear_only.fa	1
ndufs1	SL	0.00155628	0.000405244	3.84036	2175	/work/cyu/stickleback_nuclear_only.fa	1
ndufs1	TL	0.0025505	0.000409584	6.22705	2175	/work/cyu/stickleback_nuclear_only.fa	1
ndufs1	WB	0.00244397	0.000333022	7.33877	2175	/work/cyu/stickleback_nuclear_only.fa	1
ndufs1	WT	0.00227622	0.000482096	4.7215	2175	/work/cyu/stickleback_nuclear_only.fa	1
ndufs1	WK	0.00111503	0.000249078	4.47661	2175	/work/cyu/stickleback_nuclear_only.fa	1
ndufs1	SWA	0.00131887	7.5338e-05	17.506	2175	/work/cyu/stickleback_nuclear_only.fa	1
ndufs2	THE	0.000851689	0.000419362	2.03092	1389	/work/cyu/stickleback_nuclear_only.fa	1
ndufs2	JOE	0.000462173	0.000267232	1.72948	1389	/work/cyu/stickleback_nuclear_only.fa	1
ndufs2	BEA	0.000387368	0.000260095	1.48934	1389	/work/cyu/stickleback_nuclear_only.fa	1
ndufs2	MUC	0.000197838	0.000128269	1.54237	1389	/work/cyu/stickleback_nuclear_only.fa	1
ndufs2	PYE	0.000579762	0.000356244	1.62743	1389	/work/cyu/stickleback_nuclear_only.fa	1
ndufs2	AMO	0.000785494	0.00065989	1.19034	1389	/work/cyu/stickleback_nuclear_only.fa	1
ndufs2	SAY	0.00201082	0.0011412	1.76202	1389	/work/cyu/stickleback_nuclear_only.fa	1
ndufs2	GOS	0.000627208	0.000598749	1.04753	1389	/work/cyu/stickleback_nuclear_only.fa	1
ndufs2	ROB	0.00245036	0.0015615	1.56923	1389	/work/cyu/stickleback_nuclear_only.fa	1
ndufs2	FG	0.000170511	0.000353852	0.481871	1389	/work/cyu/stickleback_nuclear_only.fa	1
ndufs2	BOOT	0.00155163	0.00151683	1.02294	1389	/work/cyu/stickleback_nuclear_only.fa	1
ndufs2	ECHO	0.000590809	0.000428519	1.37872	1389	/work/cyu/stickleback_nuclear_only.fa	1
ndufs2	FRED	0.00107119	0.00052795	2.02896	1389	/work/cyu/stickleback_nuclear_only.fa	1
ndufs2	LAW	0.000853567	0.000223715	3.81542	1389	/work/cyu/stickleback_nuclear_only.fa	1
ndufs2	PACH	0.00153109	0.000856176	1.78829	1389	/work/cyu/stickleback_nuclear_only.fa	1
ndufs2	RS	0.00221463	0.0011023	2.00911	1389	/work/cyu/stickleback_nuclear_only.fa	1
ndufs2	SC	0.00264717	0.000964992	2.7432	1389	/work/cyu/stickleback_nuclear_only.fa	1
ndufs2	LB	0.000820354	0.000420776	1.94962	1389	/work/cyu/stickleback_nuclear_only.fa	1
ndufs2	CH	0.00237989	0.00109419	2.17501	1389	/work/cyu/stickleback_nuclear_only.fa	1
ndufs2	LG	0.00106486	0.000562266	1.89388	1389	/work/cyu/stickleback_nuclear_only.fa	1
ndufs2	SR	0.000127861	0.0009508	0.134477	1389	/work/cyu/stickleback_nuclear_only.fa	1
ndufs2	SL	0.000172116	0.000464267	0.370726	1389	/work/cyu/stickleback_nuclear_only.fa	1
ndufs2	TL	0.00162342	9.4158e-05	17.2414	1389	/work/cyu/stickleback_nuclear_only.fa	1
ndufs2	WB	0.00016551	0.000413217	0.400542	1389	/work/cyu/stickleback_nuclear_only.fa	1
ndufs2	WT	0.000255371	0.00082492	0.309571	1389	/work/cyu/stickleback_nuclear_only.fa	1
ndufs2	WK	0.000193281	0.000103121	1.87432	1389	/work/cyu/stickleback_nuclear_only.fa	1
ndufs2	SWA	0.000779929	0.000899452	0.867116	1389	/work/cyu/stickleback_nuclear_only.fa	1
ndufs3	THE	0.00410408	0.000628823	6.52661	720	/work/cyu/stickleback_nuclear_only.fa	1
ndufs3	JOE	0.00141603	0.000846867	1.67208	720	/work/cyu/stickleback_nuclear_only.fa	1
ndufs3	BEA	0.00189626	0.000587619	3.22703	720	/work/cyu/stickleback_nuclear_only.fa	1
ndufs3	MUC	0.0012855	0.000304977	4.21508	720	/work/cyu/stickleback_nuclear_only.fa	1
ndufs3	PYE	0.00323088	0.000832311	3.88182	720	/work/cyu/stickleback_nuclear_only.fa	1
ndufs3	AMO	0.00369178	0.000568124	6.4982	720	/work/cyu/stickleback_nuclear_only.fa	1
ndufs3	SAY	0.00216724	0.000674586	3.2127	720	/work/cyu/stickleback_nuclear_only.fa	1
ndufs3	GOS	0.00161563	0.000679837	2.37649	720	/work/cyu/stickleback_nuclear_only.fa	1
ndufs3	ROB	0.00256481	0.000494798	5.18354	720	/work/cyu/stickleback_nuclear_only.fa	1
ndufs3	FG	0.00404487	0.000722638	5.59737	720	/work/cyu/stickleback_nuclear_only.fa	1
ndufs3	BOOT	0.0024673	0.000941942	2.61937	720	/work/cyu/stickleback_nuclear_only.fa	1
ndufs3	ECHO	0.000987696	0.000502066	1.96726	720	/work/cyu/stickleback_nuclear_only.fa	1
ndufs3	FRED	0.00222389	0.000693238	3.20798	720	/work/cyu/stickleback_nuclear_only.fa	1
ndufs3	LAW	0.00254149	0.00110599	2.29793	720	/work/cyu/stickleback_nuclear_only.fa	1
ndufs3	PACH	0.00212718	0.000642702	3.30974	720	/work/cyu/stickleback_nuclear_only.fa	1
ndufs3	RS	0.00378096	0.000858363	4.40484	720	/work/cyu/stickleback_nuclear_only.fa	1
ndufs3	SC	0.0024761	0.000518943	4.77143	720	/work/cyu/stickleback_nuclear_only.fa	1
ndufs3	LB	0.00364252	0.000453842	8.02598	720	/work/cyu/stickleback_nuclear_only.fa	1
ndufs3	CH	0.00240247	0.000694425	3.45965	720	/work/cyu/stickleback_nuclear_only.fa	1
ndufs3	LG	0.00349426	0.000992108	3.52205	720	/work/cyu/stickleback_nuclear_only.fa	1
ndufs3	SR	0.00273393	0.000226615	12.0642	720	/work/cyu/stickleback_nuclear_only.fa	1
ndufs3	SL	0.00200962	0.000302796	6.63689	720	/work/cyu/stickleback_nuclear_only.fa	1
ndufs3	TL	0.000760004	0.000162592	4.67432	720	/work/cyu/stickleback_nuclear_only.fa	1
ndufs3	WB	0.00186147	0.000312578	5.9552	720	/work/cyu/stickleback_nuclear_only.fa	1
ndufs3	WT	0.00333928	0.000817237	4.08606	720	/work/cyu/stickleback_nuclear_only.fa	1
ndufs3	WK	0.00275172	0.000858798	3.20415	720	/work/cyu/stickleback_nuclear_only.fa	1
ndufs3	SWA	0.000892545	0.000107973	8.26635	720	/work/cyu/stickleback_nuclear_only.fa	1
ndufs4	THE	0.00129391	0.000152762	8.47008	519	/work/cyu/stickleback_nuclear_only.fa	1
ndufs4	JOE	0.000481284	0.000240534	2.0009	519	/work/cyu/stickleback_nuclear_only.fa	1
ndufs4	BEA	0.000949145	0.000154741	6.13375	519	/work/cyu/stickleback_nuclear_only.fa	1
ndufs4	MUC	0.000536845	0.00010286	5.21919	519	/work/cyu/stickleback_nuclear_only.fa	1
ndufs4	PYE	0.00129591	0.000792182	1.63588	519	/work/cyu/stickleback_nuclear_only.fa	1
ndufs4	AMO	0.000264661	0.000609547	0.434192	519	/work/cyu/stickleback_nuclear_only.fa	1
ndufs4	SAY	0.000834734	0.000271348	3.07625	519	/work/cyu/stickleback_nuclear_only.fa	1
ndufs4	GOS	0.000335915	6.43685e-05	5.21863	519	/work/cyu/stickleback_nuclear_only.fa	1
ndufs4	ROB	0.00114205	0.000300352	3.80237	519	/work/cyu/stickleback_nuclear_only.fa	1
ndufs4	FG	0.00111328	0.000334773	3.32547	519	/work/cyu/stickleback_nuclear_only.fa	1
ndufs4	BOOT	0.000417368	0	NA	519	/work/cyu/stickleback_nuclear_only.fa	1
ndufs4	ECHO	0.000243849	4.27873e-05	5.69909	519	/work/cyu/stickleback_nuclear_only.fa	1
ndufs4	FRED	9.49927e-05	0.000834698	0.113805	519	/work/cyu/stickleback_nuclear_only.fa	1
ndufs4	LAW	0.00130281	4.80681e-05	27.1033	519	/work/cyu/stickleback_nuclear_only.fa	1
ndufs4	PACH	0.000159472	0.000490009	0.325447	519	/work/cyu/stickleback_nuclear_only.fa	1
ndufs4	RS	0.00212734	0.000644785	3.2993	519	/work/cyu/stickleback_nuclear_only.fa	1
ndufs4	SC	0.00174511	0.000818483	2.13213	519	/work/cyu/stickleback_nuclear_only.fa	1
ndufs4	LB	0.00278965	0.000485618	5.74454	519	/work/cyu/stickleback_nuclear_only.fa	1
ndufs4	CH	0.00172858	0.000393223	4.39593	519	/work/cyu/stickleback_nuclear_only.fa	1
ndufs4	LG	0.00125711	0.00045579	2.75809	519	/work/cyu/stickleback_nuclear_only.fa	1
ndufs4	SR	0.00167602	0.000982971	1.70505	519	/work/cyu/stickleback_nuclear_only.fa	1
ndufs4	SL	0.00121134	6.19591e-05	19.5507	519	/work/cyu/stickleback_nuclear_only.fa	1
ndufs4	TL	0.00212921	3.70278e-05	57.503	519	/work/cyu/stickleback_nuclear_only.fa	1
ndufs4	WB	0.00106826	0.00106569	1.00241	519	/work/cyu/stickleback_nuclear_only.fa	1
ndufs4	WT	0.00219885	3.28334e-05	66.9699	519	/work/cyu/stickleback_nuclear_only.fa	1
ndufs4	WK	0.00123512	8.50012e-05	14.5306	519	/work/cyu/stickleback_nuclear_only.fa	1
ndufs4	SWA	0.000988773	0.00104803	0.943455	519	/work/cyu/stickleback_nuclear_only.fa	1
ndufs5	THE	6.79184e-05	0.0013592	0.0499692	318	/work/cyu/stickleback_nuclear_only.fa	1
ndufs5	JOE	0.000487287	0.000268847	1.81251	318	/work/cyu/stickleback_nuclear_only.fa	1
ndufs5	BEA	0.000307108	3.96672e-05	7.7421	318	/work/cyu/stickleback_nuclear_only.fa	1
ndufs5	MUC	0.000151063	0.000159471	0.947278	318	/work/cyu/stickleback_nuclear_only.fa	1
ndufs5	PYE	0.00061611	0.00120288	0.512195	318	/work/cyu/stickleback_nuclear_only.fa	1
ndufs5	AMO	0.000198844	0.00262123	0.075859	318	/work/cyu/stickleback_nuclear_only.fa	1
ndufs5	SAY	0.000132838	0.00229082	0.057987	318	/work/cyu/stickleback_nuclear_only.fa	1
ndufs5	GOS	7.68794e-05	0.000917565	0.0837863	318	/work/cyu/stickleback_nuclear_only.fa	1
ndufs5	ROB	0.000202151	0.000471903	0.428375	318	/work/cyu/stickleback_nuclear_only.fa	1
ndufs5	FG	0.000458718	0.00266012	0.172442	318	/work/cyu/stickleback_nuclear_only.fa	1
ndufs5	BOOT	0.000494456	7.3042e-05	6.76948	318	/work/cyu/stickleback_nuclear_only.fa	1
ndufs5	ECHO	0.000149448	9.77532e-05	1.52883	318	/work/cyu/stickleback_nuclear_only.fa	1
ndufs5	FRED	0.000244565	0	NA	318	/work/cyu/stickleback_nuclear_only.fa	1
ndufs5	LAW	0.000156877	0.00115284	0.136079	318	/work/cyu/stickleback_nuclear_only.fa	1
ndufs5	PACH	0.000177722	0	NA	318	/work/cyu/stickleback_nuclear_only.fa	1
ndufs5	RS	0.000857178	0.00189602	0.452094	318	/work/cyu/stickleback_nuclear_only.fa	1
ndufs5	SC	0.000353852	0.00136822	0.258623	318	/work/cyu/stickleback_nuclear_only.fa	1
ndufs5	LB	0.000190639	0.00184347	0.103413	318	/work/cyu/stickleback_nuclear_only.fa	1
ndufs5	CH	0.000219246	0.00244211	0.0897772	318	/work/cyu/stickleback_nuclear_only.fa	1
ndufs5	LG	0.00016402	0.00154396	0.106234	318	/work/cyu/stickleback_nuclear_only.fa	1
ndufs5	SR	0.000301083	0.00170534	0.176554	318	/work/cyu/stickleback_nuclear_only.fa	1
ndufs5	SL	0.000143968	0.00135391	0.106335	318	/work/cyu/stickleback_nuclear_only.fa	1
ndufs5	TL	0	0.00148845	0	318	/work/cyu/stickleback_nuclear_only.fa	1
ndufs5	WB	0.000232763	0.00159324	0.146094	318	/work/cyu/stickleback_nuclear_only.fa	1
ndufs5	WT	0.000282485	0.000527907	0.535103	318	/work/cyu/stickleback_nuclear_only.fa	1
ndufs5	WK	0.000236314	0.00167566	0.141028	318	/work/cyu/stickleback_nuclear_only.fa	1
ndufs5	SWA	0.000260734	0.0042469	0.061394	318	/work/cyu/stickleback_nuclear_only.fa	1
ndufs6	THE	0.000165412	0.00195615	0.08456	372	/work/cyu/stickleback_nuclear_only.fa	1
ndufs6	JOE	0.000262853	0.00122514	0.21455	372	/work/cyu/stickleback_nuclear_only.fa	1
ndufs6	BEA	0.000978707	0.00119475	0.81917	372	/work/cyu/stickleback_nuclear_only.fa	1
ndufs6	MUC	0.000146457	8.60808e-05	1.70139	372	/work/cyu/stickleback_nuclear_only.fa	1
ndufs6	PYE	0.00313354	0.00171185	1.83049	372	/work/cyu/stickleback_nuclear_only.fa	1
ndufs6	AMO	0.000167869	0.00228051	0.0736104	372	/work/cyu/stickleback_nuclear_only.fa	1
ndufs6	SAY	0.00135106	0.00269875	0.500627	372	/work/cyu/stickleback_nuclear_only.fa	1
ndufs6	GOS	0.000198073	0.00243775	0.0812525	372	/work/cyu/stickleback_nuclear_only.fa	1
ndufs6	ROB	0.000779251	0.00237148	0.328593	372	/work/cyu/stickleback_nuclear_only.fa	1
ndufs6	FG	0.00145445	0.00320551	0.453733	372	/work/cyu/stickleback_nuclear_only.fa	1
ndufs6	BOOT	6.70628e-05	0.00131478	0.0510068	372	/work/cyu/stickleback_nuclear_only.fa	1
ndufs6	ECHO	6.70628e-05	0.00253501	0.0264546	372	/work/cyu/stickleback_nuclear_only.fa	1
ndufs6	FRED	0.00268732	0.00259815	1.03432	372	/work/cyu/stickleback_nuclear_only.fa	1
ndufs6	LAW	0.000562597	0.00150754	0.373188	372	/work/cyu/stickleback_nuclear_only.fa	1
ndufs6	PACH	0.00288671	0.00277771	1.03924	372	/work/cyu/stickleback_nuclear_only.fa	1
ndufs6	RS	0.00204371	0.00327246	0.624517	372	/work/cyu/stickleback_nuclear_only.fa	1
ndufs6	SC	0.00144666	0.00276372	0.523449	372	/work/cyu/stickleback_nuclear_only.fa	1
ndufs6	LB	0.0023303	0.00247023	0.943353	372	/work/cyu/stickleback_nuclear_only.fa	1
ndufs6	CH	0.000855628	0.00283232	0.302095	372	/work/cyu/stickleback_nuclear_only.fa	1
ndufs6	LG	0.00162421	0.00353622	0.459308	372	/work/cyu/stickleback_nuclear_only.fa	1
ndufs6	SR	0.000864134	0.00350108	0.246819	372	/work/cyu/stickleback_nuclear_only.fa	1
ndufs6	SL	0.000433004	0.00331409	0.130655	372	/work/cyu/stickleback_nuclear_only.fa	1
ndufs6	TL	0.00210442	0.00125224	1.68052	372	/work/cyu/stickleback_nuclear_only.fa	1
ndufs6	WB	0.00133583	0.00213985	0.624263	372	/work/cyu/stickleback_nuclear_only.fa	1
ndufs6	WT	0.00427972	0.0018024	2.37445	372	/work/cyu/stickleback_nuclear_only.fa	1
ndufs6	WK	0.00227173	0.00361374	0.628638	372	/work/cyu/stickleback_nuclear_only.fa	1
ndufs6	SWA	5.75885e-05	0.00150287	0.0383189	372	/work/cyu/stickleback_nuclear_only.fa	1
ndufs7	THE	0.000203992	0.00160985	0.126715	651	/work/cyu/stickleback_nuclear_only.fa	1
ndufs7	JOE	0.000224035	0.00109849	0.203948	651	/work/cyu/stickleback_nuclear_only.fa	1
ndufs7	BEA	0.00242686	0.00162475	1.49368	651	/work/cyu/stickleback_nuclear_only.fa	1
ndufs7	MUC	0.000189697	0.000103844	1.82675	651	/work/cyu/stickleback_nuclear_only.fa	1
ndufs7	PYE	0.00028549	0.000730527	0.3908	651	/work/cyu/stickleback_nuclear_only.fa	1
ndufs7	AMO	0.00156732	0.0015298	1.02453	651	/work/cyu/stickleback_nuclear_only.fa	1
ndufs7	SAY	0.00146926	0.00122813	1.19634	651	/work/cyu/stickleback_nuclear_only.fa	1
ndufs7	GOS	0.000804356	0.000655856	1.22642	651	/work/cyu/stickleback_nuclear_only.fa	1
ndufs7	ROB	0.000382103	0.0014231	0.2685	651	/work/cyu/stickleback_nuclear_only.fa	1
ndufs7	FG	0.000850097	0.00300551	0.282847	651	/work/cyu/stickleback_nuclear_only.fa	1
ndufs7	BOOT	0.00011602	0.00158158	0.0733569	651	/work/cyu/stickleback_nuclear_only.fa	1
ndufs7	ECHO	0.000162296	0	NA	651	/work/cyu/stickleback_nuclear_only.fa	1
ndufs7	FRED	0.000805858	0.000659814	1.22134	651	/work/cyu/stickleback_nuclear_only.fa	1
ndufs7	LAW	0.000488109	0.00121083	0.403119	651	/work/cyu/stickleback_nuclear_only.fa	1
ndufs7	PACH	0.000920799	0.000804716	1.14425	651	/work/cyu/stickleback_nuclear_only.fa	1
ndufs7	RS	0.00157786	0.000701311	2.24988	651	/work/cyu/stickleback_nuclear_only.fa	1
ndufs7	SC	0.00076179	0.00185983	0.409602	651	/work/cyu/stickleback_nuclear_only.fa	1
ndufs7	LB	0.000578994	0.00223067	0.259561	651	/work/cyu/stickleback_nuclear_only.fa	1
ndufs7	CH	0.00111308	0.0018619	0.597821	651	/work/cyu/stickleback_nuclear_only.fa	1
ndufs7	LG	0.00114628	0.00190471	0.601814	651	/work/cyu/stickleback_nuclear_only.fa	1
ndufs7	SR	0.00152053	7.28354e-05	20.8763	651	/work/cyu/stickleback_nuclear_only.fa	1
ndufs7	SL	0.000951765	0.00265757	0.358133	651	/work/cyu/stickleback_nuclear_only.fa	1
ndufs7	TL	0.00115813	0.00240594	0.481363	651	/work/cyu/stickleback_nuclear_only.fa	1
ndufs7	WB	0.000571101	0.00233327	0.244764	651	/work/cyu/stickleback_nuclear_only.fa	1
ndufs7	WT	0.000290574	0.00138301	0.210103	651	/work/cyu/stickleback_nuclear_only.fa	1
ndufs7	WK	0.00024963	0.000725683	0.343993	651	/work/cyu/stickleback_nuclear_only.fa	1
ndufs7	SWA	0.00207287	0.00148777	1.39327	651	/work/cyu/stickleback_nuclear_only.fa	1
ndufs8	THE	0.000908533	0.000273655	3.32	621	/work/cyu/stickleback_nuclear_only.fa	1
ndufs8	JOE	0.00142321	0.000122119	11.6543	621	/work/cyu/stickleback_nuclear_only.fa	1
ndufs8	BEA	0.00104278	2.51935e-05	41.391	621	/work/cyu/stickleback_nuclear_only.fa	1
ndufs8	MUC	0.00113605	0.000376813	3.01489	621	/work/cyu/stickleback_nuclear_only.fa	1
ndufs8	PYE	0.00230949	0.00121796	1.89619	621	/work/cyu/stickleback_nuclear_only.fa	1
ndufs8	AMO	0.00158448	0.000202181	7.83696	621	/work/cyu/stickleback_nuclear_only.fa	1
ndufs8	SAY	0.00083643	0.000694709	1.204	621	/work/cyu/stickleback_nuclear_only.fa	1
ndufs8	GOS	0.00101932	4.30413e-05	23.6823	621	/work/cyu/stickleback_nuclear_only.fa	1
ndufs8	ROB	0.00180704	0.000755209	2.39276	621	/work/cyu/stickleback_nuclear_only.fa	1
ndufs8	FG	0.00165744	0.00118346	1.4005	621	/work/cyu/stickleback_nuclear_only.fa	1
ndufs8	BOOT	0.00153557	0.00040602	3.78201	621	/work/cyu/stickleback_nuclear_only.fa	1
ndufs8	ECHO	0.000490806	3.65628e-05	13.4236	621	/work/cyu/stickleback_nuclear_only.fa	1
ndufs8	FRED	0.000671339	0.000110125	6.09615	621	/work/cyu/stickleback_nuclear_only.fa	1
ndufs8	LAW	0.00124714	0.000442616	2.81765	621	/work/cyu/stickleback_nuclear_only.fa	1
ndufs8	PACH	0.000325047	0.000852358	0.38135	621	/work/cyu/stickleback_nuclear_only.fa	1
ndufs8	RS	0.00103661	0.000663484	1.56237	621	/work/cyu/stickleback_nuclear_only.fa	1
ndufs8	SC	0.000428968	0.000204266	2.10005	621	/work/cyu/stickleback_nuclear_only.fa	1
ndufs8	LB	0.00120522	0.000160972	7.4871	621	/work/cyu/stickleback_nuclear_only.fa	1
ndufs8	CH	0.000937546	0.000182601	5.13439	621	/work/cyu/stickleback_nuclear_only.fa	1
ndufs8	LG	0.000917735	0.000132215	6.94123	621	/work/cyu/stickleback_nuclear_only.fa	1
ndufs8	SR	0.00166603	0.000857819	1.94217	621	/work/cyu/stickleback_nuclear_only.fa	1
ndufs8	SL	0.00147486	0.000763588	1.93149	621	/work/cyu/stickleback_nuclear_only.fa	1
ndufs8	TL	0.00180947	0.000825011	2.19326	621	/work/cyu/stickleback_nuclear_only.fa	1
ndufs8	WB	0.001566	0.00044623	3.50941	621	/work/cyu/stickleback_nuclear_only.fa	1
ndufs8	WT	0.00113181	0.000361795	3.12832	621	/work/cyu/stickleback_nuclear_only.fa	1
ndufs8	WK	0.00095669	0.000103389	9.25328	621	/work/cyu/stickleback_nuclear_only.fa	1
ndufs8	SWA	0.00120347	0.000125521	9.5878	621	/work/cyu/stickleback_nuclear_only.fa	1
ndufv1	THE	0.000604852	3.14621e-05	19.2248	1473	/work/cyu/stickleback_nuclear_only.fa	1
ndufv1	JOE	0.000382401	0.000463585	0.824877	1473	/work/cyu/stickleback_nuclear_only.fa	1
ndufv1	BEA	0.00046146	0.00073254	0.629945	1473	/work/cyu/stickleback_nuclear_only.fa	1
ndufv1	MUC	0.000203621	0.000206924	0.984037	1473	/work/cyu/stickleback_nuclear_only.fa	1
ndufv1	PYE	0.000399637	0.000380039	1.05157	1473	/work/cyu/stickleback_nuclear_only.fa	1
ndufv1	AMO	0.000104213	0.00023484	0.44376	1473	/work/cyu/stickleback_nuclear_only.fa	1
ndufv1	SAY	0.000496176	0.000417326	1.18894	1473	/work/cyu/stickleback_nuclear_only.fa	1
ndufv1	GOS	0.000355147	0.000290361	1.22312	1473	/work/cyu/stickleback_nuclear_only.fa	1
ndufv1	ROB	0.000291239	0.00032628	0.892604	1473	/work/cyu/stickleback_nuclear_only.fa	1
ndufv1	FG	0.000273716	0.000603532	0.453523	1473	/work/cyu/stickleback_nuclear_only.fa	1
ndufv1	BOOT	0.000242082	5.90356e-05	4.10061	1473	/work/cyu/stickleback_nuclear_only.fa	1
ndufv1	ECHO	0.000303902	0.000109129	2.78479	1473	/work/cyu/stickleback_nuclear_only.fa	1
ndufv1	FRED	0.000615793	7.14989e-05	8.61262	1473	/work/cyu/stickleback_nuclear_only.fa	1
ndufv1	LAW	0.00066109	0.000133081	4.96759	1473	/work/cyu/stickleback_nuclear_only.fa	1
ndufv1	PACH	0.000187193	8.9156e-05	2.09962	1473	/work/cyu/stickleback_nuclear_only.fa	1
ndufv1	RS	0.00105739	0.000711212	1.48675	1473	/work/cyu/stickleback_nuclear_only.fa	1
ndufv1	SC	0.00048374	0.000561144	0.86206	1473	/work/cyu/stickleback_nuclear_only.fa	1
ndufv1	LB	0.000243198	0.000687647	0.353667	1473	/work/cyu/stickleback_nuclear_only.fa	1
ndufv1	CH	0.000341424	0.000366945	0.930452	1473	/work/cyu/stickleback_nuclear_only.fa	1
ndufv1	LG	0.000259469	0.000115824	2.2402	1473	/work/cyu/stickleback_nuclear_only.fa	1
ndufv1	SR	0.000181068	7.99575e-05	2.26456	1473	/work/cyu/stickleback_nuclear_only.fa	1
ndufv1	SL	0.00047916	0.00078473	0.610604	1473	/work/cyu/stickleback_nuclear_only.fa	1
ndufv1	TL	0.000735986	0.000109221	6.73853	1473	/work/cyu/stickleback_nuclear_only.fa	1
ndufv1	WB	0.000293253	0.000514958	0.569469	1473	/work/cyu/stickleback_nuclear_only.fa	1
ndufv1	WT	0.000419279	0.000610554	0.686719	1473	/work/cyu/stickleback_nuclear_only.fa	1
ndufv1	WK	0.000162068	0.000703181	0.230478	1473	/work/cyu/stickleback_nuclear_only.fa	1
ndufv1	SWA	0.000434155	0.000318407	1.36352	1473	/work/cyu/stickleback_nuclear_only.fa	1
ndufv2	THE	0.000113652	4.34913e-05	2.61322	729	/work/cyu/stickleback_nuclear_only.fa	1
ndufv2	JOE	0.000343992	8.46506e-05	4.06367	729	/work/cyu/stickleback_nuclear_only.fa	1
ndufv2	BEA	0.000197061	6.64462e-05	2.96572	729	/work/cyu/stickleback_nuclear_only.fa	1
ndufv2	MUC	0.000389579	2.30595e-05	16.8945	729	/work/cyu/stickleback_nuclear_only.fa	1
ndufv2	PYE	9.9952e-05	0.000150368	0.664715	729	/work/cyu/stickleback_nuclear_only.fa	1
ndufv2	AMO	0.0001415	0.000123119	1.1493	729	/work/cyu/stickleback_nuclear_only.fa	1
ndufv2	SAY	0.000128543	2.7297e-05	4.70905	729	/work/cyu/stickleback_nuclear_only.fa	1
ndufv2	GOS	0.000275231	0.00013249	2.07737	729	/work/cyu/stickleback_nuclear_only.fa	1
ndufv2	ROB	0.000301293	2.98916e-05	10.0795	729	/work/cyu/stickleback_nuclear_only.fa	1
ndufv2	FG	0.000112619	6.664e-05	1.68996	729	/work/cyu/stickleback_nuclear_only.fa	1
ndufv2	BOOT	0.000176998	0	NA	729	/work/cyu/stickleback_nuclear_only.fa	1
ndufv2	ECHO	0.000213427	3.4649e-05	6.15968	729	/work/cyu/stickleback_nuclear_only.fa	1
ndufv2	FRED	7.813e-05	0.000686421	0.113822	729	/work/cyu/stickleback_nuclear_only.fa	1
ndufv2	LAW	0.000148357	0.000213785	0.693952	729	/work/cyu/stickleback_nuclear_only.fa	1
ndufv2	PACH	0.00022185	0.000220866	1.00446	729	/work/cyu/stickleback_nuclear_only.fa	1
ndufv2	RS	0.000807551	0.000293548	2.751	729	/work/cyu/stickleback_nuclear_only.fa	1
ndufv2	SC	0.000251843	0.000138374	1.82001	729	/work/cyu/stickleback_nuclear_only.fa	1
ndufv2	LB	0.00039117	0.000104711	3.7357	729	/work/cyu/stickleback_nuclear_only.fa	1
ndufv2	CH	0.000133059	9.36404e-05	1.42096	729	/work/cyu/stickleback_nuclear_only.fa	1
ndufv2	LG	0.000243594	0.000132266	1.84169	729	/work/cyu/stickleback_nuclear_only.fa	1
ndufv2	SR	0.00026692	4.36051e-05	6.12129	729	/work/cyu/stickleback_nuclear_only.fa	1
ndufv2	SL	0.000241385	9.62646e-05	2.50752	729	/work/cyu/stickleback_nuclear_only.fa	1
ndufv2	TL	0.000223894	0	NA	729	/work/cyu/stickleback_nuclear_only.fa	1
ndufv2	WB	5.18419e-05	5.85587e-05	0.885297	729	/work/cyu/stickleback_nuclear_only.fa	1
ndufv2	WT	0.000170216	0.000232077	0.733447	729	/work/cyu/stickleback_nuclear_only.fa	1
ndufv2	WK	0.00010483	2.3769e-05	4.41035	729	/work/cyu/stickleback_nuclear_only.fa	1
ndufv2	SWA	0.000220748	4.65102e-05	4.74624	729	/work/cyu/stickleback_nuclear_only.fa	1
pars2	THE	0.000137631	6.31593e-05	2.1791	1446	/work/cyu/stickleback_nuclear_only.fa	1
pars2	JOE	0.00071899	0.00055331	1.29943	1446	/work/cyu/stickleback_nuclear_only.fa	1
pars2	BEA	0.000292006	8.12701e-05	3.59303	1446	/work/cyu/stickleback_nuclear_only.fa	1
pars2	MUC	0.000174399	9.8513e-05	1.77031	1446	/work/cyu/stickleback_nuclear_only.fa	1
pars2	PYE	0.00351142	0.00197653	1.77655	1446	/work/cyu/stickleback_nuclear_only.fa	1
pars2	AMO	0.000652689	0.000955728	0.682923	1446	/work/cyu/stickleback_nuclear_only.fa	1
pars2	SAY	0.00107908	0.00105085	1.02687	1446	/work/cyu/stickleback_nuclear_only.fa	1
pars2	GOS	0.000761709	0.000536487	1.41981	1446	/work/cyu/stickleback_nuclear_only.fa	1
pars2	ROB	0.000787121	0.000671652	1.17192	1446	/work/cyu/stickleback_nuclear_only.fa	1
pars2	FG	0.00128996	0.0011334	1.13813	1446	/work/cyu/stickleback_nuclear_only.fa	1
pars2	BOOT	0.000884334	0.000692793	1.27648	1446	/work/cyu/stickleback_nuclear_only.fa	1
pars2	ECHO	0.000504173	0.000498878	1.01062	1446	/work/cyu/stickleback_nuclear_only.fa	1
pars2	FRED	0.000694222	0.000691519	1.00391	1446	/work/cyu/stickleback_nuclear_only.fa	1
pars2	LAW	0.000621892	0.000588834	1.05614	1446	/work/cyu/stickleback_nuclear_only.fa	1
pars2	PACH	0.00052364	0.000626873	0.83532	1446	/work/cyu/stickleback_nuclear_only.fa	1
pars2	RS	0.00107811	0.00122584	0.879483	1446	/work/cyu/stickleback_nuclear_only.fa	1
pars2	SC	0.00163617	0.00103773	1.57668	1446	/work/cyu/stickleback_nuclear_only.fa	1
pars2	LB	0.00185198	0.00110667	1.67347	1446	/work/cyu/stickleback_nuclear_only.fa	1
pars2	CH	0.00142582	0.00128961	1.10562	1446	/work/cyu/stickleback_nuclear_only.fa	1
pars2	LG	0.00256866	0.0011928	2.15348	1446	/work/cyu/stickleback_nuclear_only.fa	1
pars2	SR	0.00305182	0.00158701	1.923	1446	/work/cyu/stickleback_nuclear_only.fa	1
pars2	SL	0.00181141	0.000728111	2.48782	1446	/work/cyu/stickleback_nuclear_only.fa	1
pars2	TL	0.000630167	0.000747598	0.842923	1446	/work/cyu/stickleback_nuclear_only.fa	1
pars2	WB	0.00172291	0.00123079	1.39984	1446	/work/cyu/stickleback_nuclear_only.fa	1
pars2	WT	0.0011975	0.00080509	1.48741	1446	/work/cyu/stickleback_nuclear_only.fa	1
pars2	WK	0.000932404	0.00047187	1.97598	1446	/work/cyu/stickleback_nuclear_only.fa	1
pars2	SWA	0.00234425	0.0015353	1.52691	1446	/work/cyu/stickleback_nuclear_only.fa	1
pnkd	THE	0.00131684	0.00225745	0.583331	1068	/work/cyu/stickleback_nuclear_only.fa	1
pnkd	JOE	0.00103465	0.00106392	0.972483	1068	/work/cyu/stickleback_nuclear_only.fa	1
pnkd	BEA	0.000712259	0.00112221	0.634693	1068	/work/cyu/stickleback_nuclear_only.fa	1
pnkd	MUC	0.000124804	0.000213807	0.583722	1068	/work/cyu/stickleback_nuclear_only.fa	1
pnkd	PYE	0.00171585	0.00183664	0.934231	1068	/work/cyu/stickleback_nuclear_only.fa	1
pnkd	AMO	0.00121231	0.00164005	0.739193	1068	/work/cyu/stickleback_nuclear_only.fa	1
pnkd	SAY	0.00157304	0.00208999	0.752654	1068	/work/cyu/stickleback_nuclear_only.fa	1
pnkd	GOS	0.000482377	0.000816293	0.590936	1068	/work/cyu/stickleback_nuclear_only.fa	1
pnkd	ROB	0.00151677	0.00178228	0.851031	1068	/work/cyu/stickleback_nuclear_only.fa	1
pnkd	FG	0.00122478	0.00149899	0.817072	1068	/work/cyu/stickleback_nuclear_only.fa	1
pnkd	BOOT	0.00134997	0.00114229	1.18181	1068	/work/cyu/stickleback_nuclear_only.fa	1
pnkd	ECHO	0.000320292	0.000327464	0.978097	1068	/work/cyu/stickleback_nuclear_only.fa	1
pnkd	FRED	0.000715438	0.000983339	0.72756	1068	/work/cyu/stickleback_nuclear_only.fa	1
pnkd	LAW	0.00239227	0.00140479	1.70294	1068	/work/cyu/stickleback_nuclear_only.fa	1
pnkd	PACH	0.0012264	0.0012958	0.94644	1068	/work/cyu/stickleback_nuclear_only.fa	1
pnkd	RS	0.00213758	0.00196463	1.08803	1068	/work/cyu/stickleback_nuclear_only.fa	1
pnkd	SC	0.00160537	0.0014624	1.09776	1068	/work/cyu/stickleback_nuclear_only.fa	1
pnkd	LB	0.00174536	0.00134659	1.29613	1068	/work/cyu/stickleback_nuclear_only.fa	1
pnkd	CH	0.00170769	0.00135886	1.2567	1068	/work/cyu/stickleback_nuclear_only.fa	1
pnkd	LG	0.00152759	0.00162666	0.939095	1068	/work/cyu/stickleback_nuclear_only.fa	1
pnkd	SR	0.00126264	0.000800188	1.57793	1068	/work/cyu/stickleback_nuclear_only.fa	1
pnkd	SL	0.000795574	0.00137797	0.577353	1068	/work/cyu/stickleback_nuclear_only.fa	1
pnkd	TL	0.00117709	0.00040724	2.89041	1068	/work/cyu/stickleback_nuclear_only.fa	1
pnkd	WB	0.00155103	0.00138036	1.12364	1068	/work/cyu/stickleback_nuclear_only.fa	1
pnkd	WT	0.00139552	0.000914832	1.52544	1068	/work/cyu/stickleback_nuclear_only.fa	1
pnkd	WK	0.00167141	0.00149409	1.11868	1068	/work/cyu/stickleback_nuclear_only.fa	1
pnkd	SWA	0.00103091	0.00108059	0.954032	1068	/work/cyu/stickleback_nuclear_only.fa	1
ppa1a	THE	0.00213658	4.98587e-05	42.8528	903	/work/cyu/stickleback_nuclear_only.fa	1
ppa1a	JOE	0.000916617	0.000214321	4.27685	903	/work/cyu/stickleback_nuclear_only.fa	1
ppa1a	BEA	0.000841966	8.27073e-05	10.1801	903	/work/cyu/stickleback_nuclear_only.fa	1
ppa1a	MUC	0.00185832	0.000534682	3.47555	903	/work/cyu/stickleback_nuclear_only.fa	1
ppa1a	PYE	0.00296838	0.000184912	16.0529	903	/work/cyu/stickleback_nuclear_only.fa	1
ppa1a	AMO	0.00210153	0.000630334	3.334	903	/work/cyu/stickleback_nuclear_only.fa	1
ppa1a	SAY	0.00217988	0.000475516	4.58425	903	/work/cyu/stickleback_nuclear_only.fa	1
ppa1a	GOS	0.000470963	0.000144447	3.26045	903	/work/cyu/stickleback_nuclear_only.fa	1
ppa1a	ROB	0.000577229	0.000469463	1.22955	903	/work/cyu/stickleback_nuclear_only.fa	1
ppa1a	FG	0.000654511	0.00033298	1.96562	903	/work/cyu/stickleback_nuclear_only.fa	1
ppa1a	BOOT	0.000445723	0.00059334	0.751211	903	/work/cyu/stickleback_nuclear_only.fa	1
ppa1a	ECHO	0.000238566	8.73984e-05	2.72964	903	/work/cyu/stickleback_nuclear_only.fa	1
ppa1a	FRED	0.000520289	0.000605971	0.858603	903	/work/cyu/stickleback_nuclear_only.fa	1
ppa1a	LAW	0.00118405	0.000662926	1.7861	903	/work/cyu/stickleback_nuclear_only.fa	1
ppa1a	PACH	0.000272431	8.84012e-05	3.08175	903	/work/cyu/stickleback_nuclear_only.fa	1
ppa1a	RS	0.00218761	0.00071226	3.07136	903	/work/cyu/stickleback_nuclear_only.fa	1
ppa1a	SC	0.00216159	0.000596115	3.62612	903	/work/cyu/stickleback_nuclear_only.fa	1
ppa1a	LB	0.00124	0.000236684	5.23905	903	/work/cyu/stickleback_nuclear_only.fa	1
ppa1a	CH	0.00129989	0.000571443	2.27474	903	/work/cyu/stickleback_nuclear_only.fa	1
ppa1a	LG	0.000741608	0.00049853	1.48759	903	/work/cyu/stickleback_nuclear_only.fa	1
ppa1a	SR	0.0018719	0.000923432	2.02711	903	/work/cyu/stickleback_nuclear_only.fa	1
ppa1a	SL	0.00220273	0.000458709	4.80202	903	/work/cyu/stickleback_nuclear_only.fa	1
ppa1a	TL	0.00114183	0.000130886	8.72386	903	/work/cyu/stickleback_nuclear_only.fa	1
ppa1a	WB	0.00197144	0.000503522	3.9153	903	/work/cyu/stickleback_nuclear_only.fa	1
ppa1a	WT	0.000852679	0.000542111	1.57289	903	/work/cyu/stickleback_nuclear_only.fa	1
ppa1a	WK	0.00207629	0.000681542	3.04645	903	/work/cyu/stickleback_nuclear_only.fa	1
ppa1a	SWA	0.000185272	9.84005e-05	1.88283	903	/work/cyu/stickleback_nuclear_only.fa	1
ptcd3	THE	0.000606313	0.00022147	2.73768	2019	/work/cyu/stickleback_nuclear_only.fa	1
ptcd3	JOE	0.000388777	0.000192594	2.01863	2019	/work/cyu/stickleback_nuclear_only.fa	1
ptcd3	BEA	0.000949346	0.000821557	1.15555	2019	/work/cyu/stickleback_nuclear_only.fa	1
ptcd3	MUC	0.000592659	0.000580841	1.02035	2019	/work/cyu/stickleback_nuclear_only.fa	1
ptcd3	PYE	0.000861157	0.000795078	1.08311	2019	/work/cyu/stickleback_nuclear_only.fa	1
ptcd3	AMO	0.000731684	0.00112716	0.64914	2019	/work/cyu/stickleback_nuclear_only.fa	1
ptcd3	SAY	0.00117174	0.00110704	1.05845	2019	/work/cyu/stickleback_nuclear_only.fa	1
ptcd3	GOS	0.000634385	0.000392482	1.61634	2019	/work/cyu/stickleback_nuclear_only.fa	1
ptcd3	ROB	0.000675231	0.000935087	0.722106	2019	/work/cyu/stickleback_nuclear_only.fa	1
ptcd3	FG	0.00094349	0.000969155	0.973519	2019	/work/cyu/stickleback_nuclear_only.fa	1
ptcd3	BOOT	0.000364843	0.000232081	1.57205	2019	/work/cyu/stickleback_nuclear_only.fa	1
ptcd3	ECHO	0.000313172	0.000185411	1.68906	2019	/work/cyu/stickleback_nuclear_only.fa	1
ptcd3	FRED	0.000761692	0.000422391	1.80329	2019	/work/cyu/stickleback_nuclear_only.fa	1
ptcd3	LAW	0.00163299	0.00122863	1.32912	2019	/work/cyu/stickleback_nuclear_only.fa	1
ptcd3	PACH	0.000279892	0.000175612	1.59381	2019	/work/cyu/stickleback_nuclear_only.fa	1
ptcd3	RS	0.00213603	0.00153298	1.39338	2019	/work/cyu/stickleback_nuclear_only.fa	1
ptcd3	SC	0.00156048	0.00107891	1.44635	2019	/work/cyu/stickleback_nuclear_only.fa	1
ptcd3	LB	0.00126377	0.00113297	1.11545	2019	/work/cyu/stickleback_nuclear_only.fa	1
ptcd3	CH	0.00124846	0.00119542	1.04437	2019	/work/cyu/stickleback_nuclear_only.fa	1
ptcd3	LG	0.000903174	0.000963111	0.937767	2019	/work/cyu/stickleback_nuclear_only.fa	1
ptcd3	SR	0.00109101	0.000931729	1.17095	2019	/work/cyu/stickleback_nuclear_only.fa	1
ptcd3	SL	0.000567915	0.000906551	0.626457	2019	/work/cyu/stickleback_nuclear_only.fa	1
ptcd3	TL	0.000828159	0.000488353	1.69582	2019	/work/cyu/stickleback_nuclear_only.fa	1
ptcd3	WB	0.000727318	0.000663891	1.09554	2019	/work/cyu/stickleback_nuclear_only.fa	1
ptcd3	WT	0.00131709	0.0011774	1.11864	2019	/work/cyu/stickleback_nuclear_only.fa	1
ptcd3	WK	0.000568668	0.000551766	1.03063	2019	/work/cyu/stickleback_nuclear_only.fa	1
ptcd3	SWA	0.00143031	0.00137602	1.03945	2019	/work/cyu/stickleback_nuclear_only.fa	1
qars	THE	0.00169584	0.000343674	4.93443	2325	/work/cyu/stickleback_nuclear_only.fa	1
qars	JOE	0.0019126	0.0001671	11.4458	2325	/work/cyu/stickleback_nuclear_only.fa	1
qars	BEA	0.00116994	0.000113236	10.3319	2325	/work/cyu/stickleback_nuclear_only.fa	1
qars	MUC	0.000536549	0.000321764	1.66752	2325	/work/cyu/stickleback_nuclear_only.fa	1
qars	PYE	0.00176193	0.000336944	5.22915	2325	/work/cyu/stickleback_nuclear_only.fa	1
qars	AMO	0.00182775	0.000426727	4.2832	2325	/work/cyu/stickleback_nuclear_only.fa	1
qars	SAY	0.00161961	0.000431464	3.75375	2325	/work/cyu/stickleback_nuclear_only.fa	1
qars	GOS	0.000808779	0.000169042	4.7845	2325	/work/cyu/stickleback_nuclear_only.fa	1
qars	ROB	0.00138691	0.000240707	5.76181	2325	/work/cyu/stickleback_nuclear_only.fa	1
qars	FG	0.00125456	0.000479125	2.61845	2325	/work/cyu/stickleback_nuclear_only.fa	1
qars	BOOT	0.00134202	0.00027543	4.87244	2325	/work/cyu/stickleback_nuclear_only.fa	1
qars	ECHO	0.000310127	0.000118229	2.62311	2325	/work/cyu/stickleback_nuclear_only.fa	1
qars	FRED	0.000645126	0.000153369	4.20637	2325	/work/cyu/stickleback_nuclear_only.fa	1
qars	LAW	0.00207521	0.000398086	5.21297	2325	/work/cyu/stickleback_nuclear_only.fa	1
qars	PACH	0.00166774	0.000297348	5.6087	2325	/work/cyu/stickleback_nuclear_only.fa	1
qars	RS	0.00243655	0.000707897	3.44196	2325	/work/cyu/stickleback_nuclear_only.fa	1
qars	SC	0.0019493	0.000435406	4.47696	2325	/work/cyu/stickleback_nuclear_only.fa	1
qars	LB	0.00175684	0.000536519	3.27452	2325	/work/cyu/stickleback_nuclear_only.fa	1
qars	CH	0.00175068	0.000408492	4.28571	2325	/work/cyu/stickleback_nuclear_only.fa	1
qars	LG	0.00123101	0.000558036	2.20596	2325	/work/cyu/stickleback_nuclear_only.fa	1
qars	SR	0.00186473	0.000367696	5.07137	2325	/work/cyu/stickleback_nuclear_only.fa	1
qars	SL	0.00127197	0.000347646	3.65881	2325	/work/cyu/stickleback_nuclear_only.fa	1
qars	TL	0.00127268	0.000427395	2.97776	2325	/work/cyu/stickleback_nuclear_only.fa	1
qars	WB	0.00163694	0.000629909	2.59869	2325	/work/cyu/stickleback_nuclear_only.fa	1
qars	WT	0.00136556	0.000527204	2.5902	2325	/work/cyu/stickleback_nuclear_only.fa	1
qars	WK	0.00135203	0.00036136	3.7415	2325	/work/cyu/stickleback_nuclear_only.fa	1
qars	SWA	0.00132255	8.29064e-05	15.9523	2325	/work/cyu/stickleback_nuclear_only.fa	1
qrsl1	THE	0.00101282	1.67703e-05	60.3939	1545	/work/cyu/stickleback_nuclear_only.fa	1
qrsl1	JOE	0.000643273	0.000271225	2.37173	1545	/work/cyu/stickleback_nuclear_only.fa	1
qrsl1	BEA	0.000191826	0.000107678	1.78148	1545	/work/cyu/stickleback_nuclear_only.fa	1
qrsl1	MUC	0.000185716	9.40778e-05	1.97407	1545	/work/cyu/stickleback_nuclear_only.fa	1
qrsl1	PYE	0.00121702	0.000230892	5.27095	1545	/work/cyu/stickleback_nuclear_only.fa	1
qrsl1	AMO	0.00247022	0.000296988	8.31756	1545	/work/cyu/stickleback_nuclear_only.fa	1
qrsl1	SAY	0.00271283	0.000763009	3.55543	1545	/work/cyu/stickleback_nuclear_only.fa	1
qrsl1	GOS	0.00120008	0.000863989	1.38899	1545	/work/cyu/stickleback_nuclear_only.fa	1
qrsl1	ROB	0.00213395	0.000694657	3.07194	1545	/work/cyu/stickleback_nuclear_only.fa	1
qrsl1	FG	0.00222584	0.000558564	3.98493	1545	/work/cyu/stickleback_nuclear_only.fa	1
qrsl1	BOOT	0.00120973	0.0010232	1.1823	1545	/work/cyu/stickleback_nuclear_only.fa	1
qrsl1	ECHO	0.000492321	0.000396838	1.24061	1545	/work/cyu/stickleback_nuclear_only.fa	1
qrsl1	FRED	0.0011506	0.00011012	10.4486	1545	/work/cyu/stickleback_nuclear_only.fa	1
qrsl1	LAW	0.00109001	0.000474551	2.29693	1545	/work/cyu/stickleback_nuclear_only.fa	1
qrsl1	PACH	0.000579059	0.000149361	3.8769	1545	/work/cyu/stickleback_nuclear_only.fa	1
qrsl1	RS	0.00264627	0.00075759	3.49301	1545	/work/cyu/stickleback_nuclear_only.fa	1
qrsl1	SC	0.00183305	0.000245084	7.47927	1545	/work/cyu/stickleback_nuclear_only.fa	1
qrsl1	LB	0.00183178	0.000263344	6.95585	1545	/work/cyu/stickleback_nuclear_only.fa	1
qrsl1	CH	0.00193403	0.000520217	3.71774	1545	/work/cyu/stickleback_nuclear_only.fa	1
qrsl1	LG	0.00202819	0.00072009	2.81658	1545	/work/cyu/stickleback_nuclear_only.fa	1
qrsl1	SR	0.00100714	4.74058e-05	21.2452	1545	/work/cyu/stickleback_nuclear_only.fa	1
qrsl1	SL	0.00254182	0.000477052	5.32818	1545	/work/cyu/stickleback_nuclear_only.fa	1
qrsl1	TL	0.0010118	0.000330126	3.06489	1545	/work/cyu/stickleback_nuclear_only.fa	1
qrsl1	WB	0.00211434	0.000289769	7.29664	1545	/work/cyu/stickleback_nuclear_only.fa	1
qrsl1	WT	0.00262707	0.000421699	6.22972	1545	/work/cyu/stickleback_nuclear_only.fa	1
qrsl1	WK	0.00145017	0.000101987	14.2191	1545	/work/cyu/stickleback_nuclear_only.fa	1
qrsl1	SWA	0.00122919	0.000187799	6.54525	1545	/work/cyu/stickleback_nuclear_only.fa	1
rars	THE	0.00202988	0.00117707	1.72452	1968	/work/cyu/stickleback_nuclear_only.fa	1
rars	JOE	0.00099636	0.00065613	1.51854	1968	/work/cyu/stickleback_nuclear_only.fa	1
rars	BEA	0.000515791	0.00036801	1.40157	1941	/work/cyu/stickleback_nuclear_only.fa	1
rars	MUC	0.000386982	6.52452e-05	5.9312	1931	/work/cyu/stickleback_nuclear_only.fa	1
rars	PYE	0.00192732	0.0013355	1.44314	1968	/work/cyu/stickleback_nuclear_only.fa	1
rars	AMO	0.000968846	0.00138869	0.697668	1968	/work/cyu/stickleback_nuclear_only.fa	1
rars	SAY	0.00180216	0.00105952	1.70092	1966	/work/cyu/stickleback_nuclear_only.fa	1
rars	GOS	0.00118451	0.00047376	2.50023	1968	/work/cyu/stickleback_nuclear_only.fa	1
rars	ROB	0.000891649	0.000878537	1.01493	1968	/work/cyu/stickleback_nuclear_only.fa	1
rars	FG	0.00128323	0.000881593	1.45558	1968	/work/cyu/stickleback_nuclear_only.fa	1
rars	BOOT	0.000577925	0.000563255	1.02604	1968	/work/cyu/stickleback_nuclear_only.fa	1
rars	ECHO	0.000282876	7.25815e-05	3.89736	1968	/work/cyu/stickleback_nuclear_only.fa	1
rars	FRED	0.00101081	0.000451371	2.23942	1968	/work/cyu/stickleback_nuclear_only.fa	1
rars	LAW	0.00177883	0.00108164	1.64456	1968	/work/cyu/stickleback_nuclear_only.fa	1
rars	PACH	0.00148901	0.000994228	1.49766	1968	/work/cyu/stickleback_nuclear_only.fa	1
rars	RS	0.00232495	0.00154443	1.50538	1968	/work/cyu/stickleback_nuclear_only.fa	1
rars	SC	0.00179856	0.00152714	1.17773	1968	/work/cyu/stickleback_nuclear_only.fa	1
rars	LB	0.00142321	0.000765126	1.8601	1968	/work/cyu/stickleback_nuclear_only.fa	1
rars	CH	0.00177838	0.00122274	1.45442	1968	/work/cyu/stickleback_nuclear_only.fa	1
rars	LG	0.001103	0.000872776	1.26378	1968	/work/cyu/stickleback_nuclear_only.fa	1
rars	SR	0.00103128	0.000900845	1.14479	1968	/work/cyu/stickleback_nuclear_only.fa	1
rars	SL	0.00164318	0.000704133	2.33362	1968	/work/cyu/stickleback_nuclear_only.fa	1
rars	TL	0.00148501	0.000960297	1.54641	1968	/work/cyu/stickleback_nuclear_only.fa	1
rars	WB	0.0015379	0.000597365	2.57448	1968	/work/cyu/stickleback_nuclear_only.fa	1
rars	WT	0.00189402	0.000921409	2.05557	1968	/work/cyu/stickleback_nuclear_only.fa	1
rars	WK	0.00107615	0.000453174	2.3747	1968	/work/cyu/stickleback_nuclear_only.fa	1
rars	SWA	0.000672996	0.00054856	1.22684	1968	/work/cyu/stickleback_nuclear_only.fa	1
rars2	THE	0.00189289	0.00025716	7.36077	1737	/work/cyu/stickleback_nuclear_only.fa	1
rars2	JOE	0.00083847	0.000800219	1.0478	1737	/work/cyu/stickleback_nuclear_only.fa	1
rars2	BEA	0.00018947	0.000114398	1.65624	1737	/work/cyu/stickleback_nuclear_only.fa	1
rars2	MUC	0.000748565	0.000638189	1.17295	1737	/work/cyu/stickleback_nuclear_only.fa	1
rars2	PYE	0.000980974	0.000184422	5.31919	1737	/work/cyu/stickleback_nuclear_only.fa	1
rars2	AMO	0.0013865	0.000875593	1.5835	1737	/work/cyu/stickleback_nuclear_only.fa	1
rars2	SAY	0.00136664	0.000959342	1.42456	1737	/work/cyu/stickleback_nuclear_only.fa	1
rars2	GOS	0.000462728	0.000189529	2.44146	1737	/work/cyu/stickleback_nuclear_only.fa	1
rars2	ROB	0.00148052	0.000861475	1.71858	1737	/work/cyu/stickleback_nuclear_only.fa	1
rars2	FG	0.000144684	0.000171774	0.842293	1737	/work/cyu/stickleback_nuclear_only.fa	1
rars2	BOOT	0.000360095	0.0003493	1.0309	1737	/work/cyu/stickleback_nuclear_only.fa	1
rars2	ECHO	0.000506269	0.000169192	2.99228	1737	/work/cyu/stickleback_nuclear_only.fa	1
rars2	FRED	0.00030531	0.000378051	0.807588	1737	/work/cyu/stickleback_nuclear_only.fa	1
rars2	LAW	0.000831563	0.000369836	2.24847	1737	/work/cyu/stickleback_nuclear_only.fa	1
rars2	PACH	0.000621808	0.00040008	1.55421	1737	/work/cyu/stickleback_nuclear_only.fa	1
rars2	RS	0.00184257	0.000757676	2.43188	1737	/work/cyu/stickleback_nuclear_only.fa	1
rars2	SC	0.00138255	0.000481091	2.87377	1737	/work/cyu/stickleback_nuclear_only.fa	1
rars2	LB	0.00106584	0.000672972	1.58378	1737	/work/cyu/stickleback_nuclear_only.fa	1
rars2	CH	0.00139849	0.000518885	2.69519	1737	/work/cyu/stickleback_nuclear_only.fa	1
rars2	LG	0.00102903	0.000559084	1.84056	1737	/work/cyu/stickleback_nuclear_only.fa	1
rars2	SR	0.000553623	0.000378046	1.46443	1737	/work/cyu/stickleback_nuclear_only.fa	1
rars2	SL	0.000883454	0.00050183	1.76046	1737	/work/cyu/stickleback_nuclear_only.fa	1
rars2	TL	0.000981954	0.000271006	3.62336	1737	/work/cyu/stickleback_nuclear_only.fa	1
rars2	WB	0.000475341	0.000555243	0.856096	1737	/work/cyu/stickleback_nuclear_only.fa	1
rars2	WT	0.00124439	0.000657989	1.8912	1737	/work/cyu/stickleback_nuclear_only.fa	1
rars2	WK	0.00137213	0.000554518	2.47446	1737	/work/cyu/stickleback_nuclear_only.fa	1
rars2	SWA	0.000414316	8.5096e-05	4.86881	1737	/work/cyu/stickleback_nuclear_only.fa	1
rpl10	THE	0.00143211	0.000167914	8.52883	639	/work/cyu/stickleback_nuclear_only.fa	1
rpl10	JOE	0.000471375	0.00106365	0.443166	634	/work/cyu/stickleback_nuclear_only.fa	1
rpl10	BEA	0.00281648	5.33229e-05	52.8193	639	/work/cyu/stickleback_nuclear_only.fa	1
rpl10	MUC	0.000717767	5.78019e-05	12.4177	640	/work/cyu/stickleback_nuclear_only.fa	1
rpl10	PYE	0.000773125	0.000325327	2.37645	641	/work/cyu/stickleback_nuclear_only.fa	1
rpl10	AMO	0.000771231	0.000369412	2.08772	641	/work/cyu/stickleback_nuclear_only.fa	1
rpl10	SAY	0.00171081	0.000209776	8.15543	634	/work/cyu/stickleback_nuclear_only.fa	1
rpl10	GOS	0.00133502	4.53935e-05	29.4098	640	/work/cyu/stickleback_nuclear_only.fa	1
rpl10	ROB	0.00243889	3.4914e-05	69.8542	638	/work/cyu/stickleback_nuclear_only.fa	1
rpl10	FG	0.000978779	0	NA	640	/work/cyu/stickleback_nuclear_only.fa	1
rpl10	BOOT	0.000958165	0.000504475	1.89933	641	/work/cyu/stickleback_nuclear_only.fa	1
rpl10	ECHO	0.00163141	0.00010915	14.9465	641	/work/cyu/stickleback_nuclear_only.fa	1
rpl10	FRED	0.000994689	4.37803e-05	22.72	624	/work/cyu/stickleback_nuclear_only.fa	1
rpl10	LAW	0.00240636	7.64519e-05	31.4754	637	/work/cyu/stickleback_nuclear_only.fa	1
rpl10	PACH	7.18853e-05	0.000312069	0.230351	639	/work/cyu/stickleback_nuclear_only.fa	1
rpl10	RS	0.00215114	0.000440407	4.88443	642	/work/cyu/stickleback_nuclear_only.fa	1
rpl10	SC	0.000659036	0.000210374	3.13269	642	/work/cyu/stickleback_nuclear_only.fa	1
rpl10	LB	0.00166231	0.000126275	13.1642	641	/work/cyu/stickleback_nuclear_only.fa	1
rpl10	CH	0.0016576	0.000108584	15.2656	642	/work/cyu/stickleback_nuclear_only.fa	1
rpl10	LG	0.00134398	0.000122219	10.9965	640	/work/cyu/stickleback_nuclear_only.fa	1
rpl10	SR	0.00217652	0.00035498	6.1314	641	/work/cyu/stickleback_nuclear_only.fa	1
rpl10	SL	0.00221385	0.000892924	2.47933	641	/work/cyu/stickleback_nuclear_only.fa	1
rpl10	TL	0.000816981	0.00148868	0.548797	641	/work/cyu/stickleback_nuclear_only.fa	1
rpl10	WB	0.00176068	7.98108e-05	22.0606	640	/work/cyu/stickleback_nuclear_only.fa	1
rpl10	WT	0.000803166	2.41035e-05	33.3215	632	/work/cyu/stickleback_nuclear_only.fa	1
rpl10	WK	0.000536957	2.68108e-05	20.0276	630	/work/cyu/stickleback_nuclear_only.fa	1
rpl10	SWA	0.000366344	0.000476887	0.768199	634	/work/cyu/stickleback_nuclear_only.fa	1
rpl11	THE	0.00121918	4.78777e-05	25.4646	555	/work/cyu/stickleback_nuclear_only.fa	1
rpl11	JOE	0.00116894	0.000131518	8.88802	555	/work/cyu/stickleback_nuclear_only.fa	1
rpl11	BEA	0.00159069	0.000123307	12.9002	555	/work/cyu/stickleback_nuclear_only.fa	1
rpl11	MUC	0.000163065	9.23321e-05	1.76607	555	/work/cyu/stickleback_nuclear_only.fa	1
rpl11	PYE	0.000879798	8.91803e-05	9.86538	555	/work/cyu/stickleback_nuclear_only.fa	1
rpl11	AMO	0.00137242	2.79474e-05	49.1071	555	/work/cyu/stickleback_nuclear_only.fa	1
rpl11	SAY	0.00128544	9.40765e-05	13.6638	555	/work/cyu/stickleback_nuclear_only.fa	1
rpl11	GOS	0.00087453	3.8841e-05	22.5157	555	/work/cyu/stickleback_nuclear_only.fa	1
rpl11	ROB	0.00118717	8.45202e-05	14.046	555	/work/cyu/stickleback_nuclear_only.fa	1
rpl11	FG	0.000168424	0	NA	555	/work/cyu/stickleback_nuclear_only.fa	1
rpl11	BOOT	0.00193849	7.5466e-05	25.6869	555	/work/cyu/stickleback_nuclear_only.fa	1
rpl11	ECHO	0.000418225	4.44022e-05	9.41901	555	/work/cyu/stickleback_nuclear_only.fa	1
rpl11	FRED	0.000769042	0.000176045	4.36844	555	/work/cyu/stickleback_nuclear_only.fa	1
rpl11	LAW	0.00185766	3.4351e-05	54.0787	555	/work/cyu/stickleback_nuclear_only.fa	1
rpl11	PACH	0.000170471	7.24053e-05	2.3544	555	/work/cyu/stickleback_nuclear_only.fa	1
rpl11	RS	0.00158191	0.000242741	6.51689	555	/work/cyu/stickleback_nuclear_only.fa	1
rpl11	SC	0.000721719	9.41865e-05	7.66266	555	/work/cyu/stickleback_nuclear_only.fa	1
rpl11	LB	0.000640348	4.62512e-05	13.845	555	/work/cyu/stickleback_nuclear_only.fa	1
rpl11	CH	0.000506065	8.37324e-05	6.04384	555	/work/cyu/stickleback_nuclear_only.fa	1
rpl11	LG	0.00083325	5.97925e-05	13.9357	555	/work/cyu/stickleback_nuclear_only.fa	1
rpl11	SR	0.000247678	5.96707e-05	4.15075	555	/work/cyu/stickleback_nuclear_only.fa	1
rpl11	SL	0.000736762	7.22848e-05	10.1925	555	/work/cyu/stickleback_nuclear_only.fa	1
rpl11	TL	0.000705209	5.30812e-05	13.2855	555	/work/cyu/stickleback_nuclear_only.fa	1
rpl11	WB	0.0005222	8.86424e-05	5.89109	555	/work/cyu/stickleback_nuclear_only.fa	1
rpl11	WT	0.000390969	0.000127491	3.06664	555	/work/cyu/stickleback_nuclear_only.fa	1
rpl11	WK	0.000247869	0.000118766	2.08704	555	/work/cyu/stickleback_nuclear_only.fa	1
rpl11	SWA	0.00103586	8.62524e-05	12.0096	555	/work/cyu/stickleback_nuclear_only.fa	1
rpl12	THE	0.00137809	0.00204856	0.672713	543	/work/cyu/stickleback_nuclear_only.fa	1
rpl12	JOE	0.00031878	0.00032807	0.971682	543	/work/cyu/stickleback_nuclear_only.fa	1
rpl12	BEA	0.00203943	0.00120492	1.69259	543	/work/cyu/stickleback_nuclear_only.fa	1
rpl12	MUC	0.000239783	4.76236e-05	5.03497	543	/work/cyu/stickleback_nuclear_only.fa	1
rpl12	PYE	0.00171548	0.0020659	0.830383	543	/work/cyu/stickleback_nuclear_only.fa	1
rpl12	AMO	0.00215568	0.00292888	0.73601	543	/work/cyu/stickleback_nuclear_only.fa	1
rpl12	SAY	0.00288947	0.00254771	1.13415	543	/work/cyu/stickleback_nuclear_only.fa	1
rpl12	GOS	0.0014475	0.00285462	0.507072	543	/work/cyu/stickleback_nuclear_only.fa	1
rpl12	ROB	0.00243243	0.00206769	1.1764	543	/work/cyu/stickleback_nuclear_only.fa	1
rpl12	FG	0.00151732	0.0016539	0.917418	543	/work/cyu/stickleback_nuclear_only.fa	1
rpl12	BOOT	0.00198095	0.00358019	0.553309	543	/work/cyu/stickleback_nuclear_only.fa	1
rpl12	ECHO	0.000217895	0.000124439	1.75101	543	/work/cyu/stickleback_nuclear_only.fa	1
rpl12	FRED	0.000776638	0.000921013	0.843243	543	/work/cyu/stickleback_nuclear_only.fa	1
rpl12	LAW	0.00191512	0.00366444	0.522622	543	/work/cyu/stickleback_nuclear_only.fa	1
rpl12	PACH	0.000901503	0.0009461	0.952862	543	/work/cyu/stickleback_nuclear_only.fa	1
rpl12	RS	0.00345444	0.00261772	1.31963	543	/work/cyu/stickleback_nuclear_only.fa	1
rpl12	SC	0.00231649	0.00228198	1.01512	543	/work/cyu/stickleback_nuclear_only.fa	1
rpl12	LB	0.00354092	0.00154756	2.28807	543	/work/cyu/stickleback_nuclear_only.fa	1
rpl12	CH	0.00233957	0.00221572	1.0559	543	/work/cyu/stickleback_nuclear_only.fa	1
rpl12	LG	0.00277313	0.00261944	1.05867	543	/work/cyu/stickleback_nuclear_only.fa	1
rpl12	SR	0.00289564	0.00181974	1.59123	543	/work/cyu/stickleback_nuclear_only.fa	1
rpl12	SL	0.00231969	0.00151455	1.5316	543	/work/cyu/stickleback_nuclear_only.fa	1
rpl12	TL	0.000148102	0.00086368	0.171478	543	/work/cyu/stickleback_nuclear_only.fa	1
rpl12	WB	0.00245102	0.00271092	0.904127	543	/work/cyu/stickleback_nuclear_only.fa	1
rpl12	WT	0.000927864	0.00124934	0.742685	543	/work/cyu/stickleback_nuclear_only.fa	1
rpl12	WK	0.000252412	0.000813986	0.310094	543	/work/cyu/stickleback_nuclear_only.fa	1
rpl12	SWA	0.00162319	0.000446323	3.6368	543	/work/cyu/stickleback_nuclear_only.fa	1
rpl13	THE	0.0003389	9.43279e-05	3.59279	630	/work/cyu/stickleback_nuclear_only.fa	1
rpl13	JOE	0.000806228	9.48677e-05	8.49844	630	/work/cyu/stickleback_nuclear_only.fa	1
rpl13	BEA	0.000220539	0.000196477	1.12247	630	/work/cyu/stickleback_nuclear_only.fa	1
rpl13	MUC	0.000109564	0.000105644	1.03711	630	/work/cyu/stickleback_nuclear_only.fa	1
rpl13	PYE	0.000288695	5.00612e-05	5.76685	630	/work/cyu/stickleback_nuclear_only.fa	1
rpl13	AMO	0.00234898	0.000206273	11.3877	630	/work/cyu/stickleback_nuclear_only.fa	1
rpl13	SAY	0.000438803	0.000375776	1.16772	630	/work/cyu/stickleback_nuclear_only.fa	1
rpl13	GOS	0.000207682	0.000142613	1.45626	630	/work/cyu/stickleback_nuclear_only.fa	1
rpl13	ROB	0.00017215	7.22918e-05	2.38132	630	/work/cyu/stickleback_nuclear_only.fa	1
rpl13	FG	0.0003068	0.000845038	0.36306	630	/work/cyu/stickleback_nuclear_only.fa	1
rpl13	BOOT	0.000200198	0	NA	630	/work/cyu/stickleback_nuclear_only.fa	1
rpl13	ECHO	0.00011681	0.000111935	1.04355	630	/work/cyu/stickleback_nuclear_only.fa	1
rpl13	FRED	0.000122237	0.000163991	0.745388	630	/work/cyu/stickleback_nuclear_only.fa	1
rpl13	LAW	0.000543581	3.14481e-05	17.285	630	/work/cyu/stickleback_nuclear_only.fa	1
rpl13	PACH	5.70255e-05	8.15205e-05	0.699523	630	/work/cyu/stickleback_nuclear_only.fa	1
rpl13	RS	0.000926987	0.000841694	1.10134	630	/work/cyu/stickleback_nuclear_only.fa	1
rpl13	SC	0.000927608	0.000359511	2.5802	630	/work/cyu/stickleback_nuclear_only.fa	1
rpl13	LB	0.000333752	0.00066076	0.505103	630	/work/cyu/stickleback_nuclear_only.fa	1
rpl13	CH	0.000660718	0.000729842	0.905288	630	/work/cyu/stickleback_nuclear_only.fa	1
rpl13	LG	0.00107625	8.20508e-05	13.1169	630	/work/cyu/stickleback_nuclear_only.fa	1
rpl13	SR	0.000711705	6.60017e-05	10.7831	630	/work/cyu/stickleback_nuclear_only.fa	1
rpl13	SL	0.0014305	7.30851e-05	19.5731	630	/work/cyu/stickleback_nuclear_only.fa	1
rpl13	TL	7.84816e-05	0.000873572	0.0898399	630	/work/cyu/stickleback_nuclear_only.fa	1
rpl13	WB	0.000188329	6.0722e-05	3.10149	630	/work/cyu/stickleback_nuclear_only.fa	1
rpl13	WT	0.000848598	9.36411e-05	9.06224	630	/work/cyu/stickleback_nuclear_only.fa	1
rpl13	WK	0.00120832	8.03243e-05	15.043	630	/work/cyu/stickleback_nuclear_only.fa	1
rpl13	SWA	0.000215145	5.20747e-05	4.13148	630	/work/cyu/stickleback_nuclear_only.fa	1
rpl13a	THE	0.000421772	4.49674e-05	9.37951	660	/work/cyu/stickleback_nuclear_only.fa	1
rpl13a	JOE	0.000495864	8.60884e-05	5.75994	660	/work/cyu/stickleback_nuclear_only.fa	1
rpl13a	BEA	0.00023979	0	NA	660	/work/cyu/stickleback_nuclear_only.fa	1
rpl13a	MUC	0.000321981	5.21127e-05	6.17854	660	/work/cyu/stickleback_nuclear_only.fa	1
rpl13a	PYE	0.000292167	0.000359237	0.813298	660	/work/cyu/stickleback_nuclear_only.fa	1
rpl13a	AMO	0.000855562	0.00137738	0.621152	660	/work/cyu/stickleback_nuclear_only.fa	1
rpl13a	SAY	0.000461437	0.00021895	2.10749	660	/work/cyu/stickleback_nuclear_only.fa	1
rpl13a	GOS	0.00047392	0.000356895	1.3279	660	/work/cyu/stickleback_nuclear_only.fa	1
rpl13a	ROB	0.000833953	3.99652e-05	20.867	660	/work/cyu/stickleback_nuclear_only.fa	1
rpl13a	FG	0.000513785	0.00073793	0.696252	660	/work/cyu/stickleback_nuclear_only.fa	1
rpl13a	BOOT	0.000400722	0.000142762	2.80692	660	/work/cyu/stickleback_nuclear_only.fa	1
rpl13a	ECHO	0.000123583	0.000166386	0.742748	660	/work/cyu/stickleback_nuclear_only.fa	1
rpl13a	FRED	0.000107552	8.00836e-05	1.343	660	/work/cyu/stickleback_nuclear_only.fa	1
rpl13a	LAW	0.000558579	0.000433841	1.28752	660	/work/cyu/stickleback_nuclear_only.fa	1
rpl13a	PACH	0.000186382	0.000753633	0.247312	660	/work/cyu/stickleback_nuclear_only.fa	1
rpl13a	RS	0.00135682	0.000340651	3.98301	660	/work/cyu/stickleback_nuclear_only.fa	1
rpl13a	SC	0.000241509	0.000155769	1.55043	660	/work/cyu/stickleback_nuclear_only.fa	1
rpl13a	LB	0.000773846	0.000198226	3.90386	660	/work/cyu/stickleback_nuclear_only.fa	1
rpl13a	CH	0.000369188	0.000252605	1.46152	660	/work/cyu/stickleback_nuclear_only.fa	1
rpl13a	LG	0.000319271	5.19727e-05	6.14305	660	/work/cyu/stickleback_nuclear_only.fa	1
rpl13a	SR	0.000202152	9.69339e-05	2.08546	660	/work/cyu/stickleback_nuclear_only.fa	1
rpl13a	SL	0.00027679	0.000285247	0.970352	660	/work/cyu/stickleback_nuclear_only.fa	1
rpl13a	TL	0.000330224	0.000194491	1.69789	660	/work/cyu/stickleback_nuclear_only.fa	1
rpl13a	WB	0.000307538	0.000474411	0.648252	660	/work/cyu/stickleback_nuclear_only.fa	1
rpl13a	WT	0.000430953	0.000449839	0.958016	660	/work/cyu/stickleback_nuclear_only.fa	1
rpl13a	WK	0.000140781	0.000109762	1.28261	660	/work/cyu/stickleback_nuclear_only.fa	1
rpl13a	SWA	0.00107931	2.4026e-05	44.9225	660	/work/cyu/stickleback_nuclear_only.fa	1
rpl14	THE	0.00300668	0.000726122	4.14073	450	/work/cyu/stickleback_nuclear_only.fa	1
rpl14	JOE	0.0023647	8.60922e-05	27.4671	450	/work/cyu/stickleback_nuclear_only.fa	1
rpl14	BEA	0.00170934	4.77096e-05	35.8279	450	/work/cyu/stickleback_nuclear_only.fa	1
rpl14	MUC	0.00367616	0	NA	450	/work/cyu/stickleback_nuclear_only.fa	1
rpl14	PYE	0.00179284	7.98318e-05	22.4577	450	/work/cyu/stickleback_nuclear_only.fa	1
rpl14	AMO	0.00134456	4.03574e-05	33.3165	450	/work/cyu/stickleback_nuclear_only.fa	1
rpl14	SAY	0.00211687	0.000718417	2.94657	450	/work/cyu/stickleback_nuclear_only.fa	1
rpl14	GOS	0.000730095	0.000122172	5.97597	450	/work/cyu/stickleback_nuclear_only.fa	1
rpl14	ROB	0.00221241	0.000538478	4.10864	450	/work/cyu/stickleback_nuclear_only.fa	1
rpl14	FG	0.00229719	5.76152e-05	39.8713	450	/work/cyu/stickleback_nuclear_only.fa	1
rpl14	BOOT	0.00118278	0.000102931	11.491	450	/work/cyu/stickleback_nuclear_only.fa	1
rpl14	ECHO	0.000102217	5.16163e-05	1.98032	450	/work/cyu/stickleback_nuclear_only.fa	1
rpl14	FRED	0.00230062	0.00130062	1.76886	450	/work/cyu/stickleback_nuclear_only.fa	1
rpl14	LAW	0.00185168	0	NA	450	/work/cyu/stickleback_nuclear_only.fa	1
rpl14	PACH	0.000404274	0.000998616	0.404835	450	/work/cyu/stickleback_nuclear_only.fa	1
rpl14	RS	0.00249015	0.000995522	2.50135	450	/work/cyu/stickleback_nuclear_only.fa	1
rpl14	SC	0.00171352	0.000602573	2.84367	450	/work/cyu/stickleback_nuclear_only.fa	1
rpl14	LB	0.00185935	0.000885994	2.09861	450	/work/cyu/stickleback_nuclear_only.fa	1
rpl14	CH	0.00189237	0.000379366	4.98825	450	/work/cyu/stickleback_nuclear_only.fa	1
rpl14	LG	0.00131484	7.35214e-05	17.8838	450	/work/cyu/stickleback_nuclear_only.fa	1
rpl14	SR	0.00130636	0.00114167	1.14426	450	/work/cyu/stickleback_nuclear_only.fa	1
rpl14	SL	0.0013139	0.000205067	6.40717	450	/work/cyu/stickleback_nuclear_only.fa	1
rpl14	TL	0.00127683	0.000113443	11.2553	450	/work/cyu/stickleback_nuclear_only.fa	1
rpl14	WB	0.00260136	0.000131283	19.8149	450	/work/cyu/stickleback_nuclear_only.fa	1
rpl14	WT	0.00226891	0.000227479	9.97414	450	/work/cyu/stickleback_nuclear_only.fa	1
rpl14	WK	0.0019523	8.55025e-05	22.8332	450	/work/cyu/stickleback_nuclear_only.fa	1
rpl14	SWA	0.000846787	8.42645e-05	10.0492	450	/work/cyu/stickleback_nuclear_only.fa	1
rpl15	THE	0.000891047	0	NA	609	/work/cyu/stickleback_nuclear_only.fa	1
rpl15	JOE	0.00022942	0.0013515	0.169752	609	/work/cyu/stickleback_nuclear_only.fa	1
rpl15	BEA	0.000912064	0.000590664	1.54413	609	/work/cyu/stickleback_nuclear_only.fa	1
rpl15	MUC	0.000452504	0.000105696	4.28117	609	/work/cyu/stickleback_nuclear_only.fa	1
rpl15	PYE	0.00113481	0.000207868	5.45928	609	/work/cyu/stickleback_nuclear_only.fa	1
rpl15	AMO	0.000749776	0.000582235	1.28776	609	/work/cyu/stickleback_nuclear_only.fa	1
rpl15	SAY	0.00147733	0.000638212	2.31479	609	/work/cyu/stickleback_nuclear_only.fa	1
rpl15	GOS	0.000263181	8.12393e-05	3.23957	609	/work/cyu/stickleback_nuclear_only.fa	1
rpl15	ROB	0.00100495	0.000682458	1.47254	609	/work/cyu/stickleback_nuclear_only.fa	1
rpl15	FG	0.00106217	0.000136831	7.76259	609	/work/cyu/stickleback_nuclear_only.fa	1
rpl15	BOOT	0.000433877	0.000508662	0.852977	609	/work/cyu/stickleback_nuclear_only.fa	1
rpl15	ECHO	0.000472838	6.28843e-05	7.51918	609	/work/cyu/stickleback_nuclear_only.fa	1
rpl15	FRED	0.00134074	0.000660314	2.03046	609	/work/cyu/stickleback_nuclear_only.fa	1
rpl15	LAW	0.00059662	0.00072421	0.823823	609	/work/cyu/stickleback_nuclear_only.fa	1
rpl15	PACH	0.000386287	9.2311e-05	4.18463	609	/work/cyu/stickleback_nuclear_only.fa	1
rpl15	RS	0.00175646	0.000867834	2.02396	609	/work/cyu/stickleback_nuclear_only.fa	1
rpl15	SC	0.00116277	0.00054295	2.14157	609	/work/cyu/stickleback_nuclear_only.fa	1
rpl15	LB	0.000848057	0.000434765	1.95061	609	/work/cyu/stickleback_nuclear_only.fa	1
rpl15	CH	0.000898098	0.000807214	1.11259	609	/work/cyu/stickleback_nuclear_only.fa	1
rpl15	LG	0.00107318	0.000574641	1.86757	609	/work/cyu/stickleback_nuclear_only.fa	1
rpl15	SR	0.00150813	0.000517509	2.91421	609	/work/cyu/stickleback_nuclear_only.fa	1
rpl15	SL	0.00136436	0.000346372	3.93899	609	/work/cyu/stickleback_nuclear_only.fa	1
rpl15	TL	0.000291402	8.37769e-05	3.47831	609	/work/cyu/stickleback_nuclear_only.fa	1
rpl15	WB	0.000714171	0.00055032	1.29774	609	/work/cyu/stickleback_nuclear_only.fa	1
rpl15	WT	0.00104658	0.000383417	2.7296	609	/work/cyu/stickleback_nuclear_only.fa	1
rpl15	WK	0.000792172	0.00107398	0.737607	609	/work/cyu/stickleback_nuclear_only.fa	1
rpl15	SWA	0.000696142	0.00018422	3.77886	609	/work/cyu/stickleback_nuclear_only.fa	1
rpl18	THE	0.000107333	0.000235562	0.455648	561	/work/cyu/stickleback_nuclear_only.fa	1
rpl18	JOE	0.000159716	4.95082e-05	3.22605	462	/work/cyu/stickleback_nuclear_only.fa	1
rpl18	BEA	0	0	NA	462	/work/cyu/stickleback_nuclear_only.fa	1
rpl18	MUC	0.000370597	0	NA	462	/work/cyu/stickleback_nuclear_only.fa	1
rpl18	PYE	0.000119965	0	NA	561	/work/cyu/stickleback_nuclear_only.fa	1
rpl18	AMO	0.000199315	0.00162229	0.12286	561	/work/cyu/stickleback_nuclear_only.fa	1
rpl18	SAY	0.000178653	0	NA	561	/work/cyu/stickleback_nuclear_only.fa	1
rpl18	GOS	0	0	NA	559	/work/cyu/stickleback_nuclear_only.fa	1
rpl18	ROB	0.00015607	0	NA	561	/work/cyu/stickleback_nuclear_only.fa	1
rpl18	FG	0.000251325	0.000294621	0.853045	561	/work/cyu/stickleback_nuclear_only.fa	1
rpl18	BOOT	0.000275628	0	NA	561	/work/cyu/stickleback_nuclear_only.fa	1
rpl18	ECHO	0.000182056	0	NA	561	/work/cyu/stickleback_nuclear_only.fa	1
rpl18	FRED	0.000465854	6.5307e-05	7.1333	462	/work/cyu/stickleback_nuclear_only.fa	1
rpl18	LAW	0	0	NA	554	/work/cyu/stickleback_nuclear_only.fa	1
rpl18	PACH	0	5.02258e-05	0	462	/work/cyu/stickleback_nuclear_only.fa	1
rpl18	RS	0.000674665	0.000310013	2.17625	561	/work/cyu/stickleback_nuclear_only.fa	1
rpl18	SC	0.000173473	0.0017499	0.0991333	561	/work/cyu/stickleback_nuclear_only.fa	1
rpl18	LB	0.000163901	0.00138523	0.11832	561	/work/cyu/stickleback_nuclear_only.fa	1
rpl18	CH	0.000338559	0.00176997	0.19128	561	/work/cyu/stickleback_nuclear_only.fa	1
rpl18	LG	0.000497819	0.00212866	0.233865	561	/work/cyu/stickleback_nuclear_only.fa	1
rpl18	SR	6.77207e-05	0.000179029	0.378267	560	/work/cyu/stickleback_nuclear_only.fa	1
rpl18	SL	0.000295145	0.000522758	0.564591	561	/work/cyu/stickleback_nuclear_only.fa	1
rpl18	TL	0	8.73237e-05	0	462	/work/cyu/stickleback_nuclear_only.fa	1
rpl18	WB	0	0.000375576	0	490	/work/cyu/stickleback_nuclear_only.fa	1
rpl18	WT	0.000312174	0.000677412	0.460833	561	/work/cyu/stickleback_nuclear_only.fa	1
rpl18	WK	0.000153677	0.00072807	0.211075	561	/work/cyu/stickleback_nuclear_only.fa	1
rpl18	SWA	0.000258329	0.000893061	0.289263	561	/work/cyu/stickleback_nuclear_only.fa	1
rpl18a	THE	0.000394413	2.64408e-05	14.9168	525	/work/cyu/stickleback_nuclear_only.fa	1
rpl18a	JOE	0.000529013	0.000195311	2.70857	525	/work/cyu/stickleback_nuclear_only.fa	1
rpl18a	BEA	0.00138277	0.00108032	1.27996	525	/work/cyu/stickleback_nuclear_only.fa	1
rpl18a	MUC	0.000266608	6.35061e-05	4.19815	525	/work/cyu/stickleback_nuclear_only.fa	1
rpl18a	PYE	0.000282042	0.000601839	0.468634	525	/work/cyu/stickleback_nuclear_only.fa	1
rpl18a	AMO	0.00018559	0.000916861	0.202419	525	/work/cyu/stickleback_nuclear_only.fa	1
rpl18a	SAY	0.000853307	0.000190979	4.46807	525	/work/cyu/stickleback_nuclear_only.fa	1
rpl18a	GOS	0.000192695	4.33928e-05	4.44071	525	/work/cyu/stickleback_nuclear_only.fa	1
rpl18a	ROB	0.000571652	0.000210627	2.71404	525	/work/cyu/stickleback_nuclear_only.fa	1
rpl18a	FG	0.00227231	0.0014474	1.56992	525	/work/cyu/stickleback_nuclear_only.fa	1
rpl18a	BOOT	0.000183858	9.23374e-05	1.99116	525	/work/cyu/stickleback_nuclear_only.fa	1
rpl18a	ECHO	0.00023201	4.00958e-05	5.78639	525	/work/cyu/stickleback_nuclear_only.fa	1
rpl18a	FRED	0.00116168	0	NA	525	/work/cyu/stickleback_nuclear_only.fa	1
rpl18a	LAW	0.000272969	0.000124874	2.18596	525	/work/cyu/stickleback_nuclear_only.fa	1
rpl18a	PACH	0.000811759	0.000280404	2.89496	525	/work/cyu/stickleback_nuclear_only.fa	1
rpl18a	RS	0.00208831	0.000613537	3.40371	525	/work/cyu/stickleback_nuclear_only.fa	1
rpl18a	SC	0.00102527	0.000557596	1.83872	525	/work/cyu/stickleback_nuclear_only.fa	1
rpl18a	LB	0.000876718	0.000241865	3.62483	525	/work/cyu/stickleback_nuclear_only.fa	1
rpl18a	CH	0.000909778	0.00040357	2.25433	525	/work/cyu/stickleback_nuclear_only.fa	1
rpl18a	LG	0.00201552	0.000340705	5.91572	525	/work/cyu/stickleback_nuclear_only.fa	1
rpl18a	SR	0.000361045	0.000957904	0.376911	525	/work/cyu/stickleback_nuclear_only.fa	1
rpl18a	SL	0.000488849	0.000214218	2.28201	525	/work/cyu/stickleback_nuclear_only.fa	1
rpl18a	TL	0.00141649	0.000113971	12.4285	525	/work/cyu/stickleback_nuclear_only.fa	1
rpl18a	WB	0.000845426	6.18621e-05	13.6663	525	/work/cyu/stickleback_nuclear_only.fa	1
rpl18a	WT	0.00154534	0.000464613	3.32607	525	/work/cyu/stickleback_nuclear_only.fa	1
rpl18a	WK	0.00105615	0.000956966	1.10364	525	/work/cyu/stickleback_nuclear_only.fa	1
rpl18a	SWA	0.000205179	2.97359e-05	6.90004	525	/work/cyu/stickleback_nuclear_only.fa	1
rpl19	THE	0.000171006	0.000154721	1.10525	573	/work/cyu/stickleback_nuclear_only.fa	1
rpl19	JOE	0.000331604	0.000550414	0.602464	573	/work/cyu/stickleback_nuclear_only.fa	1
rpl19	BEA	0.000161497	0.000134703	1.19891	573	/work/cyu/stickleback_nuclear_only.fa	1
rpl19	MUC	0.00012909	2.9584e-05	4.36351	573	/work/cyu/stickleback_nuclear_only.fa	1
rpl19	PYE	0.000223567	0.00029722	0.752192	573	/work/cyu/stickleback_nuclear_only.fa	1
rpl19	AMO	0.00023124	7.4707e-05	3.0953	573	/work/cyu/stickleback_nuclear_only.fa	1
rpl19	SAY	0.000144225	0.000790046	0.182553	573	/work/cyu/stickleback_nuclear_only.fa	1
rpl19	GOS	0.000165125	0	NA	573	/work/cyu/stickleback_nuclear_only.fa	1
rpl19	ROB	0.000333591	0.000696065	0.479253	573	/work/cyu/stickleback_nuclear_only.fa	1
rpl19	FG	9.95837e-05	0.00014851	0.67055	573	/work/cyu/stickleback_nuclear_only.fa	1
rpl19	BOOT	7.71995e-05	0.000114551	0.673928	573	/work/cyu/stickleback_nuclear_only.fa	1
rpl19	ECHO	0.000209947	0.00017807	1.17902	573	/work/cyu/stickleback_nuclear_only.fa	1
rpl19	FRED	0.000167985	0.000638418	0.263127	573	/work/cyu/stickleback_nuclear_only.fa	1
rpl19	LAW	0.000189642	0.000102767	1.84536	573	/work/cyu/stickleback_nuclear_only.fa	1
rpl19	PACH	6.90843e-05	0.000580817	0.118943	573	/work/cyu/stickleback_nuclear_only.fa	1
rpl19	RS	0.000828676	0.00075178	1.10229	573	/work/cyu/stickleback_nuclear_only.fa	1
rpl19	SC	0.000190556	0.000294523	0.646997	573	/work/cyu/stickleback_nuclear_only.fa	1
rpl19	LB	0.000410223	9.74175e-05	4.21098	573	/work/cyu/stickleback_nuclear_only.fa	1
rpl19	CH	0.000171814	0.000168461	1.0199	573	/work/cyu/stickleback_nuclear_only.fa	1
rpl19	LG	0.00023714	0.000801609	0.29583	573	/work/cyu/stickleback_nuclear_only.fa	1
rpl19	SR	0.000284675	0.000625681	0.454985	573	/work/cyu/stickleback_nuclear_only.fa	1
rpl19	SL	0.000311919	0.00099721	0.312792	573	/work/cyu/stickleback_nuclear_only.fa	1
rpl19	TL	0.000332782	0.000906281	0.367195	573	/work/cyu/stickleback_nuclear_only.fa	1
rpl19	WB	0.000232539	0.000304508	0.763657	573	/work/cyu/stickleback_nuclear_only.fa	1
rpl19	WT	7.69207e-05	0.000268683	0.286288	573	/work/cyu/stickleback_nuclear_only.fa	1
rpl19	WK	0.000301418	0.000407177	0.740262	573	/work/cyu/stickleback_nuclear_only.fa	1
rpl19	SWA	0.000143085	2.66258e-05	5.37394	573	/work/cyu/stickleback_nuclear_only.fa	1
rpl21	THE	0.000121777	0.000228575	0.532766	477	/work/cyu/stickleback_nuclear_only.fa	1
rpl21	JOE	0.000410576	0.000670602	0.61225	477	/work/cyu/stickleback_nuclear_only.fa	1
rpl21	BEA	0.000295102	0.00168305	0.175338	477	/work/cyu/stickleback_nuclear_only.fa	1
rpl21	MUC	0.000270982	0.00212648	0.127432	477	/work/cyu/stickleback_nuclear_only.fa	1
rpl21	PYE	0.000248991	0.000144743	1.72023	477	/work/cyu/stickleback_nuclear_only.fa	1
rpl21	AMO	0.000176268	0.00119184	0.147896	477	/work/cyu/stickleback_nuclear_only.fa	1
rpl21	SAY	0.000455879	0.000947092	0.481346	477	/work/cyu/stickleback_nuclear_only.fa	1
rpl21	GOS	0.000246976	0.00134491	0.183637	477	/work/cyu/stickleback_nuclear_only.fa	1
rpl21	ROB	9.8775e-05	0.000708728	0.139369	477	/work/cyu/stickleback_nuclear_only.fa	1
rpl21	FG	0.000179185	0.00111533	0.160656	477	/work/cyu/stickleback_nuclear_only.fa	1
rpl21	BOOT	0.000198781	0.000738173	0.269288	477	/work/cyu/stickleback_nuclear_only.fa	1
rpl21	ECHO	0.000279896	0.000268784	1.04134	477	/work/cyu/stickleback_nuclear_only.fa	1
rpl21	FRED	0.000267034	5.10641e-05	5.2294	477	/work/cyu/stickleback_nuclear_only.fa	1
rpl21	LAW	4.65548e-05	0.00139036	0.0334839	477	/work/cyu/stickleback_nuclear_only.fa	1
rpl21	PACH	0.000337088	0.000136482	2.46984	477	/work/cyu/stickleback_nuclear_only.fa	1
rpl21	RS	0.000657895	0.000449941	1.46218	477	/work/cyu/stickleback_nuclear_only.fa	1
rpl21	SC	0.000221897	0.00111472	0.199061	477	/work/cyu/stickleback_nuclear_only.fa	1
rpl21	LB	0.000250159	0.000852	0.293613	477	/work/cyu/stickleback_nuclear_only.fa	1
rpl21	CH	0.000140684	0.000808858	0.173929	477	/work/cyu/stickleback_nuclear_only.fa	1
rpl21	LG	0.000212717	0.0010443	0.203693	477	/work/cyu/stickleback_nuclear_only.fa	1
rpl21	SR	0.000150337	0.00161631	0.0930124	477	/work/cyu/stickleback_nuclear_only.fa	1
rpl21	SL	0.000192093	0.00140494	0.136727	477	/work/cyu/stickleback_nuclear_only.fa	1
rpl21	TL	0.000184799	0.00017928	1.03079	477	/work/cyu/stickleback_nuclear_only.fa	1
rpl21	WB	0.000389609	0.000263822	1.47679	477	/work/cyu/stickleback_nuclear_only.fa	1
rpl21	WT	0.00021771	0.00115115	0.189124	477	/work/cyu/stickleback_nuclear_only.fa	1
rpl21	WK	0.000123773	0.00106164	0.116586	477	/work/cyu/stickleback_nuclear_only.fa	1
rpl21	SWA	0.000153647	0.00110733	0.138755	477	/work/cyu/stickleback_nuclear_only.fa	1
rpl22	THE	0.00297468	0.00145915	2.03863	414	/work/cyu/stickleback_nuclear_only.fa	1
rpl22	JOE	0.00063622	0.000222323	2.8617	414	/work/cyu/stickleback_nuclear_only.fa	1
rpl22	BEA	0.0019837	0.00110844	1.78964	414	/work/cyu/stickleback_nuclear_only.fa	1
rpl22	MUC	0.000286847	0	NA	414	/work/cyu/stickleback_nuclear_only.fa	1
rpl22	PYE	0.00207835	0.00135445	1.53446	414	/work/cyu/stickleback_nuclear_only.fa	1
rpl22	AMO	0.00242456	0.00118243	2.05048	414	/work/cyu/stickleback_nuclear_only.fa	1
rpl22	SAY	0.00183654	0.00121025	1.51749	414	/work/cyu/stickleback_nuclear_only.fa	1
rpl22	GOS	0.0019152	0.000372979	5.13487	414	/work/cyu/stickleback_nuclear_only.fa	1
rpl22	ROB	0.00141342	0.00075522	1.87153	414	/work/cyu/stickleback_nuclear_only.fa	1
rpl22	FG	0.00114267	0.0013096	0.872533	414	/work/cyu/stickleback_nuclear_only.fa	1
rpl22	BOOT	0.00253351	9.36653e-05	27.0485	414	/work/cyu/stickleback_nuclear_only.fa	1
rpl22	ECHO	0.00152245	8.71456e-05	17.4702	414	/work/cyu/stickleback_nuclear_only.fa	1
rpl22	FRED	0.000829372	0.000875881	0.946901	414	/work/cyu/stickleback_nuclear_only.fa	1
rpl22	LAW	0.000906366	0.00014663	6.18131	414	/work/cyu/stickleback_nuclear_only.fa	1
rpl22	PACH	0.000431004	0.00180897	0.23826	414	/work/cyu/stickleback_nuclear_only.fa	1
rpl22	RS	0.00210953	0.00176858	1.19278	414	/work/cyu/stickleback_nuclear_only.fa	1
rpl22	SC	0.000941525	0.00134886	0.698018	414	/work/cyu/stickleback_nuclear_only.fa	1
rpl22	LB	0.000587203	0.00153043	0.383685	414	/work/cyu/stickleback_nuclear_only.fa	1
rpl22	CH	0.0014847	0.00129009	1.15085	414	/work/cyu/stickleback_nuclear_only.fa	1
rpl22	LG	0.00156672	0.00136757	1.14562	414	/work/cyu/stickleback_nuclear_only.fa	1
rpl22	SR	0.000458596	0.000929947	0.493142	414	/work/cyu/stickleback_nuclear_only.fa	1
rpl22	SL	0.00068604	0.00101988	0.672669	414	/work/cyu/stickleback_nuclear_only.fa	1
rpl22	TL	0.00133226	0.000667255	1.99663	414	/work/cyu/stickleback_nuclear_only.fa	1
rpl22	WB	0.00251264	0.00085316	2.94509	414	/work/cyu/stickleback_nuclear_only.fa	1
rpl22	WT	0.00103674	0.00172572	0.600755	414	/work/cyu/stickleback_nuclear_only.fa	1
rpl22	WK	0.000778754	0.000660488	1.17906	414	/work/cyu/stickleback_nuclear_only.fa	1
rpl22	SWA	0.00202134	0.000438689	4.60768	414	/work/cyu/stickleback_nuclear_only.fa	1
rpl22l1	THE	0.000415792	0.00132056	0.314861	381	/work/cyu/stickleback_nuclear_only.fa	1
rpl22l1	JOE	0.000274471	0.00147738	0.185782	381	/work/cyu/stickleback_nuclear_only.fa	1
rpl22l1	BEA	0.000974509	0.000261045	3.73311	381	/work/cyu/stickleback_nuclear_only.fa	1
rpl22l1	MUC	0.000163991	0.00106747	0.153626	381	/work/cyu/stickleback_nuclear_only.fa	1
rpl22l1	PYE	0.00105103	0.00197105	0.533232	381	/work/cyu/stickleback_nuclear_only.fa	1
rpl22l1	AMO	0.00107974	0.00211975	0.509372	381	/work/cyu/stickleback_nuclear_only.fa	1
rpl22l1	SAY	0.0001974	0.00205483	0.0960662	381	/work/cyu/stickleback_nuclear_only.fa	1
rpl22l1	GOS	0	0.000973624	0	381	/work/cyu/stickleback_nuclear_only.fa	1
rpl22l1	ROB	0.000494144	0.00286979	0.172188	381	/work/cyu/stickleback_nuclear_only.fa	1
rpl22l1	FG	0.00146221	0.00296427	0.49328	381	/work/cyu/stickleback_nuclear_only.fa	1
rpl22l1	BOOT	0.000264709	0.00156686	0.168943	381	/work/cyu/stickleback_nuclear_only.fa	1
rpl22l1	ECHO	0.000124814	0.000200742	0.621761	381	/work/cyu/stickleback_nuclear_only.fa	1
rpl22l1	FRED	0.000267982	0.00203058	0.131973	381	/work/cyu/stickleback_nuclear_only.fa	1
rpl22l1	LAW	0.000177833	0.00168701	0.105413	381	/work/cyu/stickleback_nuclear_only.fa	1
rpl22l1	PACH	0.000365299	5.63694e-05	6.48045	381	/work/cyu/stickleback_nuclear_only.fa	1
rpl22l1	RS	0.00152752	0.0029884	0.51115	381	/work/cyu/stickleback_nuclear_only.fa	1
rpl22l1	SC	0.000596692	0.00318022	0.187626	381	/work/cyu/stickleback_nuclear_only.fa	1
rpl22l1	LB	0.000550578	0.00264939	0.207813	381	/work/cyu/stickleback_nuclear_only.fa	1
rpl22l1	CH	0.00108014	0.00284807	0.379254	381	/work/cyu/stickleback_nuclear_only.fa	1
rpl22l1	LG	0.00147952	0.00239173	0.618599	381	/work/cyu/stickleback_nuclear_only.fa	1
rpl22l1	SR	0.00103849	0.00236789	0.438572	381	/work/cyu/stickleback_nuclear_only.fa	1
rpl22l1	SL	0.000750371	0.0023427	0.320302	381	/work/cyu/stickleback_nuclear_only.fa	1
rpl22l1	TL	0.000239829	0.000158989	1.50846	381	/work/cyu/stickleback_nuclear_only.fa	1
rpl22l1	WB	0.00156534	0.00254735	0.614497	381	/work/cyu/stickleback_nuclear_only.fa	1
rpl22l1	WT	0.000828958	0.00271373	0.305467	381	/work/cyu/stickleback_nuclear_only.fa	1
rpl22l1	WK	0.000370562	0.00196137	0.188931	381	/work/cyu/stickleback_nuclear_only.fa	1
rpl22l1	SWA	0.000297859	0.000919966	0.323772	381	/work/cyu/stickleback_nuclear_only.fa	1
rpl23	THE	0.000125168	3.60096e-05	3.47596	411	/work/cyu/stickleback_nuclear_only.fa	1
rpl23	JOE	0.000237165	0.000138219	1.71586	411	/work/cyu/stickleback_nuclear_only.fa	1
rpl23	BEA	0.0014224	3.77733e-05	37.6563	411	/work/cyu/stickleback_nuclear_only.fa	1
rpl23	MUC	0.00029151	0.00014202	2.05259	411	/work/cyu/stickleback_nuclear_only.fa	1
rpl23	PYE	0.00153452	0.000199103	7.70717	411	/work/cyu/stickleback_nuclear_only.fa	1
rpl23	AMO	0.000371141	0.000152728	2.43008	411	/work/cyu/stickleback_nuclear_only.fa	1
rpl23	SAY	0.00104113	6.26899e-05	16.6076	411	/work/cyu/stickleback_nuclear_only.fa	1
rpl23	GOS	0.000276501	6.50331e-05	4.2517	411	/work/cyu/stickleback_nuclear_only.fa	1
rpl23	ROB	0.00143424	5.94833e-05	24.1116	411	/work/cyu/stickleback_nuclear_only.fa	1
rpl23	FG	0.000976092	6.18302e-05	15.7866	411	/work/cyu/stickleback_nuclear_only.fa	1
rpl23	BOOT	0.00134854	0.00016407	8.21931	411	/work/cyu/stickleback_nuclear_only.fa	1
rpl23	ECHO	0	0	NA	411	/work/cyu/stickleback_nuclear_only.fa	1
rpl23	FRED	0.000342963	0	NA	411	/work/cyu/stickleback_nuclear_only.fa	1
rpl23	LAW	0.00129342	0.000128508	10.0649	411	/work/cyu/stickleback_nuclear_only.fa	1
rpl23	PACH	0.000103956	4.81573e-05	2.15868	411	/work/cyu/stickleback_nuclear_only.fa	1
rpl23	RS	0.00154002	0.000427025	3.6064	411	/work/cyu/stickleback_nuclear_only.fa	1
rpl23	SC	0.000599074	6.69386e-05	8.94961	411	/work/cyu/stickleback_nuclear_only.fa	1
rpl23	LB	0.000593793	0.000194816	3.04796	411	/work/cyu/stickleback_nuclear_only.fa	1
rpl23	CH	0.000762578	4.39396e-05	17.3551	411	/work/cyu/stickleback_nuclear_only.fa	1
rpl23	LG	0.000853697	3.41513e-05	24.9975	411	/work/cyu/stickleback_nuclear_only.fa	1
rpl23	SR	0.000226295	3.97713e-05	5.6899	411	/work/cyu/stickleback_nuclear_only.fa	1
rpl23	SL	7.27735e-05	3.65597e-05	1.99054	411	/work/cyu/stickleback_nuclear_only.fa	1
rpl23	TL	0.000188594	0.000155828	1.21027	411	/work/cyu/stickleback_nuclear_only.fa	1
rpl23	WB	0.00036751	4.44659e-05	8.26499	411	/work/cyu/stickleback_nuclear_only.fa	1
rpl23	WT	0.00081276	9.46455e-05	8.58741	411	/work/cyu/stickleback_nuclear_only.fa	1
rpl23	WK	0.000232949	0.000132691	1.75558	411	/work/cyu/stickleback_nuclear_only.fa	1
rpl23	SWA	0.000318457	3.45068e-05	9.22883	411	/work/cyu/stickleback_nuclear_only.fa	1
rpl23a	THE	4.07625e-05	0	NA	453	/work/cyu/stickleback_nuclear_only.fa	1
rpl23a	JOE	0.000483007	0.000179369	2.69281	453	/work/cyu/stickleback_nuclear_only.fa	1
rpl23a	BEA	0.000487111	0.000108279	4.49868	453	/work/cyu/stickleback_nuclear_only.fa	1
rpl23a	MUC	0.000266854	4.36565e-05	6.11258	453	/work/cyu/stickleback_nuclear_only.fa	1
rpl23a	PYE	0.000117166	4.3612e-05	2.68655	453	/work/cyu/stickleback_nuclear_only.fa	1
rpl23a	AMO	0.000368392	7.24272e-05	5.08637	453	/work/cyu/stickleback_nuclear_only.fa	1
rpl23a	SAY	0.000365648	0	NA	453	/work/cyu/stickleback_nuclear_only.fa	1
rpl23a	GOS	0	4.25544e-05	0	453	/work/cyu/stickleback_nuclear_only.fa	1
rpl23a	ROB	0.00021367	4.86322e-05	4.39359	453	/work/cyu/stickleback_nuclear_only.fa	1
rpl23a	FG	0.000266765	0	NA	453	/work/cyu/stickleback_nuclear_only.fa	1
rpl23a	BOOT	0.000182246	0	NA	453	/work/cyu/stickleback_nuclear_only.fa	1
rpl23a	ECHO	0.000241563	9.07683e-05	2.66131	453	/work/cyu/stickleback_nuclear_only.fa	1
rpl23a	FRED	0.000123398	5.37694e-05	2.29495	453	/work/cyu/stickleback_nuclear_only.fa	1
rpl23a	LAW	0.0002993	4.64687e-05	6.4409	453	/work/cyu/stickleback_nuclear_only.fa	1
rpl23a	PACH	0.000491394	0.000227219	2.16264	453	/work/cyu/stickleback_nuclear_only.fa	1
rpl23a	RS	0.000758486	0.000224782	3.37432	453	/work/cyu/stickleback_nuclear_only.fa	1
rpl23a	SC	0.000255845	0.000132378	1.93268	453	/work/cyu/stickleback_nuclear_only.fa	1
rpl23a	LB	0.00014787	3.26247e-05	4.53245	453	/work/cyu/stickleback_nuclear_only.fa	1
rpl23a	CH	0.000288589	6.03451e-05	4.78232	453	/work/cyu/stickleback_nuclear_only.fa	1
rpl23a	LG	0.000252406	9.55751e-05	2.64091	453	/work/cyu/stickleback_nuclear_only.fa	1
rpl23a	SR	0.000199662	0	NA	453	/work/cyu/stickleback_nuclear_only.fa	1
rpl23a	SL	0.000236443	8.34874e-05	2.83209	453	/work/cyu/stickleback_nuclear_only.fa	1
rpl23a	TL	0.000119514	2.76684e-05	4.31953	453	/work/cyu/stickleback_nuclear_only.fa	1
rpl23a	WB	0.000332381	0	NA	453	/work/cyu/stickleback_nuclear_only.fa	1
rpl23a	WT	0.000139762	3.36279e-05	4.15614	453	/work/cyu/stickleback_nuclear_only.fa	1
rpl23a	WK	0.000268624	7.62039e-05	3.52507	453	/work/cyu/stickleback_nuclear_only.fa	1
rpl23a	SWA	0.000157966	7.47629e-05	2.1129	453	/work/cyu/stickleback_nuclear_only.fa	1
rpl24	THE	0.00241292	3.64471e-05	66.2033	468	/work/cyu/stickleback_nuclear_only.fa	1
rpl24	JOE	0.0004959	6.04825e-05	8.19906	468	/work/cyu/stickleback_nuclear_only.fa	1
rpl24	BEA	0.000292816	3.34298e-05	8.75912	468	/work/cyu/stickleback_nuclear_only.fa	1
rpl24	MUC	0.00131658	4.89784e-05	26.8808	468	/work/cyu/stickleback_nuclear_only.fa	1
rpl24	PYE	0.000739548	0.00011514	6.42305	468	/work/cyu/stickleback_nuclear_only.fa	1
rpl24	AMO	0.000136871	0.000107206	1.27671	468	/work/cyu/stickleback_nuclear_only.fa	1
rpl24	SAY	0.00098375	4.71917e-05	20.8458	468	/work/cyu/stickleback_nuclear_only.fa	1
rpl24	GOS	0.000492192	5.86766e-05	8.38822	468	/work/cyu/stickleback_nuclear_only.fa	1
rpl24	ROB	0.000784694	0	NA	468	/work/cyu/stickleback_nuclear_only.fa	1
rpl24	FG	0.00140122	0	NA	468	/work/cyu/stickleback_nuclear_only.fa	1
rpl24	BOOT	0.000837753	5.75693e-05	14.5521	468	/work/cyu/stickleback_nuclear_only.fa	1
rpl24	ECHO	0.00026361	5.8347e-05	4.51796	468	/work/cyu/stickleback_nuclear_only.fa	1
rpl24	FRED	0.000317841	0	NA	468	/work/cyu/stickleback_nuclear_only.fa	1
rpl24	LAW	0.000347697	0	NA	468	/work/cyu/stickleback_nuclear_only.fa	1
rpl24	PACH	0.000217145	4.18815e-05	5.18476	468	/work/cyu/stickleback_nuclear_only.fa	1
rpl24	RS	0.00220445	0.000201019	10.9664	468	/work/cyu/stickleback_nuclear_only.fa	1
rpl24	SC	0.00153798	8.57078e-05	17.9445	468	/work/cyu/stickleback_nuclear_only.fa	1
rpl24	LB	0.000990424	7.36894e-05	13.4405	468	/work/cyu/stickleback_nuclear_only.fa	1
rpl24	CH	0.00193078	9.97836e-05	19.3497	468	/work/cyu/stickleback_nuclear_only.fa	1
rpl24	LG	0.00206544	0	NA	468	/work/cyu/stickleback_nuclear_only.fa	1
rpl24	SR	0.000382498	9.81911e-05	3.89545	468	/work/cyu/stickleback_nuclear_only.fa	1
rpl24	SL	0.00122962	0.000119702	10.2723	468	/work/cyu/stickleback_nuclear_only.fa	1
rpl24	TL	0.00181656	8.17532e-05	22.22	468	/work/cyu/stickleback_nuclear_only.fa	1
rpl24	WB	0.00127097	3.97732e-05	31.9554	468	/work/cyu/stickleback_nuclear_only.fa	1
rpl24	WT	0.000293729	0	NA	468	/work/cyu/stickleback_nuclear_only.fa	1
rpl24	WK	0.00132358	0	NA	468	/work/cyu/stickleback_nuclear_only.fa	1
rpl24	SWA	0.00109067	4.67703e-05	23.3197	468	/work/cyu/stickleback_nuclear_only.fa	1
rpl26	THE	0.00191656	6.40199e-05	29.937	240	/work/cyu/stickleback_nuclear_only.fa	1
rpl26	JOE	0.000133081	0.000115776	1.14947	240	/work/cyu/stickleback_nuclear_only.fa	1
rpl26	BEA	0.000216697	6.83676e-05	3.16958	240	/work/cyu/stickleback_nuclear_only.fa	1
rpl26	MUC	0.000329564	0	NA	240	/work/cyu/stickleback_nuclear_only.fa	1
rpl26	PYE	0.00254685	0.00189859	1.34144	240	/work/cyu/stickleback_nuclear_only.fa	1
rpl26	AMO	0.000510322	0.000457958	1.11434	240	/work/cyu/stickleback_nuclear_only.fa	1
rpl26	SAY	0.0026069	0.00200157	1.30243	240	/work/cyu/stickleback_nuclear_only.fa	1
rpl26	GOS	0.000195952	0.000489505	0.400306	240	/work/cyu/stickleback_nuclear_only.fa	1
rpl26	ROB	0.000197712	0.000661478	0.298894	240	/work/cyu/stickleback_nuclear_only.fa	1
rpl26	FG	0.000692101	0.00103714	0.667319	240	/work/cyu/stickleback_nuclear_only.fa	1
rpl26	BOOT	0.00093303	0.00131442	0.709841	240	/work/cyu/stickleback_nuclear_only.fa	1
rpl26	ECHO	0.000205816	0.000101443	2.02887	240	/work/cyu/stickleback_nuclear_only.fa	1
rpl26	FRED	0.000762136	0.000869373	0.876651	240	/work/cyu/stickleback_nuclear_only.fa	1
rpl26	LAW	0	0.000352991	0	240	/work/cyu/stickleback_nuclear_only.fa	1
rpl26	PACH	0.000120156	0	NA	240	/work/cyu/stickleback_nuclear_only.fa	1
rpl26	RS	0.00156293	0.000659446	2.37006	240	/work/cyu/stickleback_nuclear_only.fa	1
rpl26	SC	0.00172734	0.00249923	0.69115	240	/work/cyu/stickleback_nuclear_only.fa	1
rpl26	LB	0.000567051	0.000871409	0.650729	240	/work/cyu/stickleback_nuclear_only.fa	1
rpl26	CH	0.00146624	0.00253551	0.578282	240	/work/cyu/stickleback_nuclear_only.fa	1
rpl26	LG	0.000222444	0.000303699	0.732449	240	/work/cyu/stickleback_nuclear_only.fa	1
rpl26	SR	0.00205941	0.00222419	0.925915	240	/work/cyu/stickleback_nuclear_only.fa	1
rpl26	SL	0.000155304	0	NA	240	/work/cyu/stickleback_nuclear_only.fa	1
rpl26	TL	0.00178992	0.00229754	0.77906	240	/work/cyu/stickleback_nuclear_only.fa	1
rpl26	WB	0.000125001	0.000453766	0.275474	240	/work/cyu/stickleback_nuclear_only.fa	1
rpl26	WT	9.10637e-05	0.000827543	0.110041	240	/work/cyu/stickleback_nuclear_only.fa	1
rpl26	WK	0.000620982	0.00218546	0.284142	240	/work/cyu/stickleback_nuclear_only.fa	1
rpl26	SWA	0.000159883	0.000171361	0.93302	240	/work/cyu/stickleback_nuclear_only.fa	1
rpl26	THE	0.000194695	4.36504e-05	4.46033	435	/work/cyu/stickleback_nuclear_only.fa	1
rpl26	JOE	0.000231525	0.000239328	0.967398	435	/work/cyu/stickleback_nuclear_only.fa	1
rpl26	BEA	0.0002895	7.2788e-05	3.97731	435	/work/cyu/stickleback_nuclear_only.fa	1
rpl26	MUC	0.000192562	5.04035e-05	3.82042	435	/work/cyu/stickleback_nuclear_only.fa	1
rpl26	PYE	0.000149119	0.00099209	0.150308	435	/work/cyu/stickleback_nuclear_only.fa	1
rpl26	AMO	0	0.000262886	0	435	/work/cyu/stickleback_nuclear_only.fa	1
rpl26	SAY	6.89514e-05	0.00140164	0.0491934	435	/work/cyu/stickleback_nuclear_only.fa	1
rpl26	GOS	0.000164924	0.000313914	0.52538	435	/work/cyu/stickleback_nuclear_only.fa	1
rpl26	ROB	5.48638e-05	0.000605777	0.0905675	435	/work/cyu/stickleback_nuclear_only.fa	1
rpl26	FG	0.000159377	0.000461806	0.345117	435	/work/cyu/stickleback_nuclear_only.fa	1
rpl26	BOOT	0	0.000742654	0	435	/work/cyu/stickleback_nuclear_only.fa	1
rpl26	ECHO	0.000238458	0	NA	435	/work/cyu/stickleback_nuclear_only.fa	1
rpl26	FRED	0.000273838	0.000778804	0.351614	435	/work/cyu/stickleback_nuclear_only.fa	1
rpl26	LAW	0	0.000246339	0	435	/work/cyu/stickleback_nuclear_only.fa	1
rpl26	PACH	5.65949e-05	0.000152265	0.371688	435	/work/cyu/stickleback_nuclear_only.fa	1
rpl26	RS	0.000479833	0.000351672	1.36443	435	/work/cyu/stickleback_nuclear_only.fa	1
rpl26	SC	0.000375627	0.00110761	0.339133	435	/work/cyu/stickleback_nuclear_only.fa	1
rpl26	LB	0.000192552	0.000417219	0.461513	435	/work/cyu/stickleback_nuclear_only.fa	1
rpl26	CH	0.000148889	0.00131689	0.113061	435	/work/cyu/stickleback_nuclear_only.fa	1
rpl26	LG	0.000162649	7.47825e-05	2.17497	435	/work/cyu/stickleback_nuclear_only.fa	1
rpl26	SR	0.000144208	0.00113376	0.127195	435	/work/cyu/stickleback_nuclear_only.fa	1
rpl26	SL	8.34049e-05	0	NA	435	/work/cyu/stickleback_nuclear_only.fa	1
rpl26	TL	0.000112484	0.00115635	0.0972749	435	/work/cyu/stickleback_nuclear_only.fa	1
rpl26	WB	0.000155442	5.31166e-05	2.92642	435	/work/cyu/stickleback_nuclear_only.fa	1
rpl26	WT	0.000169062	0.000500054	0.338087	435	/work/cyu/stickleback_nuclear_only.fa	1
rpl26	WK	0.00015824	0.00105583	0.149873	435	/work/cyu/stickleback_nuclear_only.fa	1
rpl26	SWA	0.000205275	0	NA	435	/work/cyu/stickleback_nuclear_only.fa	1
rpl27	THE	0.000271121	6.67565e-05	4.06134	405	/work/cyu/stickleback_nuclear_only.fa	1
rpl27	JOE	6.98007e-05	0.000240506	0.290225	405	/work/cyu/stickleback_nuclear_only.fa	1
rpl27	BEA	0.000114746	3.2571e-05	3.52294	405	/work/cyu/stickleback_nuclear_only.fa	1
rpl27	MUC	0.00027192	3.77343e-05	7.20618	405	/work/cyu/stickleback_nuclear_only.fa	1
rpl27	PYE	0.000128891	0.000126711	1.0172	405	/work/cyu/stickleback_nuclear_only.fa	1
rpl27	AMO	0.000166238	3.85952e-05	4.30723	405	/work/cyu/stickleback_nuclear_only.fa	1
rpl27	SAY	0.000176533	0.0001963	0.899299	405	/work/cyu/stickleback_nuclear_only.fa	1
rpl27	GOS	0.000336035	4.75979e-05	7.05986	405	/work/cyu/stickleback_nuclear_only.fa	1
rpl27	ROB	0.000126918	6.87454e-05	1.84621	405	/work/cyu/stickleback_nuclear_only.fa	1
rpl27	FG	0.000245267	3.61759e-05	6.77984	405	/work/cyu/stickleback_nuclear_only.fa	1
rpl27	BOOT	0.000261965	6.92953e-05	3.78041	405	/work/cyu/stickleback_nuclear_only.fa	1
rpl27	ECHO	0.000172858	0.000115462	1.49709	405	/work/cyu/stickleback_nuclear_only.fa	1
rpl27	FRED	0.000200669	6.74541e-05	2.9749	405	/work/cyu/stickleback_nuclear_only.fa	1
rpl27	LAW	5.04014e-05	0.000120509	0.418238	405	/work/cyu/stickleback_nuclear_only.fa	1
rpl27	PACH	0.000725231	5.24709e-05	13.8216	405	/work/cyu/stickleback_nuclear_only.fa	1
rpl27	RS	0.000493307	0.000364221	1.35442	405	/work/cyu/stickleback_nuclear_only.fa	1
rpl27	SC	0.000167738	3.68485e-05	4.5521	405	/work/cyu/stickleback_nuclear_only.fa	1
rpl27	LB	0.000101644	0.00016425	0.618841	405	/work/cyu/stickleback_nuclear_only.fa	1
rpl27	CH	0.00015444	0.000107483	1.43688	405	/work/cyu/stickleback_nuclear_only.fa	1
rpl27	LG	0.00027899	8.92078e-05	3.12741	405	/work/cyu/stickleback_nuclear_only.fa	1
rpl27	SR	0.000128327	3.93997e-05	3.25707	405	/work/cyu/stickleback_nuclear_only.fa	1
rpl27	SL	5.17845e-05	9.26539e-05	0.558903	405	/work/cyu/stickleback_nuclear_only.fa	1
rpl27	TL	7.44026e-05	0.00019296	0.385586	405	/work/cyu/stickleback_nuclear_only.fa	1
rpl27	WB	0.00010332	0.000146749	0.704059	405	/work/cyu/stickleback_nuclear_only.fa	1
rpl27	WT	0.000170804	0.000190188	0.898082	405	/work/cyu/stickleback_nuclear_only.fa	1
rpl27	WK	3.35345e-05	0.000176834	0.189638	405	/work/cyu/stickleback_nuclear_only.fa	1
rpl27	SWA	0.00012758	7.8716e-05	1.62076	405	/work/cyu/stickleback_nuclear_only.fa	1
rpl27a	THE	0.000195286	0.000133547	1.4623	438	/work/cyu/stickleback_nuclear_only.fa	1
rpl27a	JOE	0.000290856	0.000195215	1.48993	438	/work/cyu/stickleback_nuclear_only.fa	1
rpl27a	BEA	4.60763e-05	0.00190736	0.0241571	438	/work/cyu/stickleback_nuclear_only.fa	1
rpl27a	MUC	7.08429e-05	5.75647e-05	1.23067	438	/work/cyu/stickleback_nuclear_only.fa	1
rpl27a	PYE	8.08054e-05	0.000726741	0.111189	438	/work/cyu/stickleback_nuclear_only.fa	1
rpl27a	AMO	5.17231e-05	0.000143724	0.359879	438	/work/cyu/stickleback_nuclear_only.fa	1
rpl27a	SAY	0.000128624	0.000702174	0.183179	438	/work/cyu/stickleback_nuclear_only.fa	1
rpl27a	GOS	0.000428583	0	NA	438	/work/cyu/stickleback_nuclear_only.fa	1
rpl27a	ROB	9.53246e-05	0.001171	0.0814046	438	/work/cyu/stickleback_nuclear_only.fa	1
rpl27a	FG	4.12843e-05	8.64244e-05	0.477693	438	/work/cyu/stickleback_nuclear_only.fa	1
rpl27a	BOOT	0.000102486	0.000100261	1.0222	438	/work/cyu/stickleback_nuclear_only.fa	1
rpl27a	ECHO	0	0	NA	438	/work/cyu/stickleback_nuclear_only.fa	1
rpl27a	FRED	0.000308513	9.41711e-05	3.27609	438	/work/cyu/stickleback_nuclear_only.fa	1
rpl27a	LAW	5.76692e-05	6.8854e-05	0.837558	438	/work/cyu/stickleback_nuclear_only.fa	1
rpl27a	PACH	0.000163378	5.06498e-05	3.22563	438	/work/cyu/stickleback_nuclear_only.fa	1
rpl27a	RS	0.000621299	0.000740363	0.839181	438	/work/cyu/stickleback_nuclear_only.fa	1
rpl27a	SC	0.000253099	0.000207952	1.2171	438	/work/cyu/stickleback_nuclear_only.fa	1
rpl27a	LB	0.000249787	8.97661e-05	2.78264	438	/work/cyu/stickleback_nuclear_only.fa	1
rpl27a	CH	4.01109e-05	0.000215232	0.186361	438	/work/cyu/stickleback_nuclear_only.fa	1
rpl27a	LG	5.09137e-05	0.000179885	0.283035	438	/work/cyu/stickleback_nuclear_only.fa	1
rpl27a	SR	4.09844e-05	0.000151938	0.269744	438	/work/cyu/stickleback_nuclear_only.fa	1
rpl27a	SL	5.40779e-05	9.3638e-05	0.577521	438	/work/cyu/stickleback_nuclear_only.fa	1
rpl27a	TL	4.42972e-05	6.4879e-05	0.682767	438	/work/cyu/stickleback_nuclear_only.fa	1
rpl27a	WB	0.000486875	0	NA	438	/work/cyu/stickleback_nuclear_only.fa	1
rpl27a	WT	0.000224335	0.000150444	1.49116	438	/work/cyu/stickleback_nuclear_only.fa	1
rpl27a	WK	0.000127679	0.00148031	0.0862518	438	/work/cyu/stickleback_nuclear_only.fa	1
rpl27a	SWA	9.42295e-05	0.00180966	0.0520704	438	/work/cyu/stickleback_nuclear_only.fa	1
rpl28	THE	0.000102125	0	NA	408	/work/cyu/stickleback_nuclear_only.fa	1
rpl28	JOE	0.00259493	7.30962e-05	35.5001	408	/work/cyu/stickleback_nuclear_only.fa	1
rpl28	BEA	0.000271751	8.08267e-05	3.36215	408	/work/cyu/stickleback_nuclear_only.fa	1
rpl28	MUC	0.000124769	0	NA	408	/work/cyu/stickleback_nuclear_only.fa	1
rpl28	PYE	0.0007564	0.000250785	3.01613	408	/work/cyu/stickleback_nuclear_only.fa	1
rpl28	AMO	0.000216726	0.000333311	0.650223	408	/work/cyu/stickleback_nuclear_only.fa	1
rpl28	SAY	0.000358981	0.000156202	2.29819	408	/work/cyu/stickleback_nuclear_only.fa	1
rpl28	GOS	0.000396434	0.000142441	2.78315	408	/work/cyu/stickleback_nuclear_only.fa	1
rpl28	ROB	0.000360664	0.00110754	0.325643	408	/work/cyu/stickleback_nuclear_only.fa	1
rpl28	FG	7.65675e-05	3.51404e-05	2.1789	408	/work/cyu/stickleback_nuclear_only.fa	1
rpl28	BOOT	0.000339273	5.56508e-05	6.09647	408	/work/cyu/stickleback_nuclear_only.fa	1
rpl28	ECHO	5.69298e-05	0.00014479	0.393188	408	/work/cyu/stickleback_nuclear_only.fa	1
rpl28	FRED	0.000212335	0.00015368	1.38167	408	/work/cyu/stickleback_nuclear_only.fa	1
rpl28	LAW	0.000222225	0.000132245	1.6804	408	/work/cyu/stickleback_nuclear_only.fa	1
rpl28	PACH	0.000108801	0.000357933	0.303969	408	/work/cyu/stickleback_nuclear_only.fa	1
rpl28	RS	0.000998632	0.000483153	2.06691	408	/work/cyu/stickleback_nuclear_only.fa	1
rpl28	SC	0.000171076	0.000170056	1.00599	408	/work/cyu/stickleback_nuclear_only.fa	1
rpl28	LB	0.000275134	0.000485144	0.567118	408	/work/cyu/stickleback_nuclear_only.fa	1
rpl28	CH	0.000448616	0.000346975	1.29293	408	/work/cyu/stickleback_nuclear_only.fa	1
rpl28	LG	0.000145153	0	NA	408	/work/cyu/stickleback_nuclear_only.fa	1
rpl28	SR	0.000119404	0	NA	408	/work/cyu/stickleback_nuclear_only.fa	1
rpl28	SL	0.000265891	0.000169676	1.56705	408	/work/cyu/stickleback_nuclear_only.fa	1
rpl28	TL	0.000391333	4.75544e-05	8.22917	408	/work/cyu/stickleback_nuclear_only.fa	1
rpl28	WB	0.000216066	4.52037e-05	4.77982	408	/work/cyu/stickleback_nuclear_only.fa	1
rpl28	WT	0.000194184	0	NA	408	/work/cyu/stickleback_nuclear_only.fa	1
rpl28	WK	0.00024808	3.70418e-05	6.69728	408	/work/cyu/stickleback_nuclear_only.fa	1
rpl28	SWA	0.000202744	0.00128155	0.158202	408	/work/cyu/stickleback_nuclear_only.fa	1
rpl29	THE	6.30576e-05	0.000560077	0.112587	228	/work/cyu/stickleback_nuclear_only.fa	1
rpl29	JOE	0.000694645	0	NA	228	/work/cyu/stickleback_nuclear_only.fa	1
rpl29	BEA	5.67438e-05	0	NA	228	/work/cyu/stickleback_nuclear_only.fa	1
rpl29	MUC	0.000200261	0	NA	228	/work/cyu/stickleback_nuclear_only.fa	1
rpl29	PYE	0.000211249	6.97287e-05	3.02958	228	/work/cyu/stickleback_nuclear_only.fa	1
rpl29	AMO	0.0004296	5.93558e-05	7.23771	228	/work/cyu/stickleback_nuclear_only.fa	1
rpl29	SAY	0.000746175	9.90435e-05	7.53382	228	/work/cyu/stickleback_nuclear_only.fa	1
rpl29	GOS	0	0.000293122	0	228	/work/cyu/stickleback_nuclear_only.fa	1
rpl29	ROB	0.00029237	0	NA	228	/work/cyu/stickleback_nuclear_only.fa	1
rpl29	FG	0.000176704	5.6798e-05	3.1111	228	/work/cyu/stickleback_nuclear_only.fa	1
rpl29	BOOT	0.000206145	0.000106783	1.93051	228	/work/cyu/stickleback_nuclear_only.fa	1
rpl29	ECHO	0.000323014	9.23259e-05	3.49863	228	/work/cyu/stickleback_nuclear_only.fa	1
rpl29	FRED	0.000205027	0.000575554	0.356225	228	/work/cyu/stickleback_nuclear_only.fa	1
rpl29	LAW	8.05775e-05	0.00015848	0.50844	228	/work/cyu/stickleback_nuclear_only.fa	1
rpl29	PACH	0.000167618	0	NA	228	/work/cyu/stickleback_nuclear_only.fa	1
rpl29	RS	0.00085058	0.000239729	3.54808	228	/work/cyu/stickleback_nuclear_only.fa	1
rpl29	SC	6.55683e-05	6.42582e-05	1.02039	228	/work/cyu/stickleback_nuclear_only.fa	1
rpl29	LB	0.000309497	0.000141949	2.18034	228	/work/cyu/stickleback_nuclear_only.fa	1
rpl29	CH	0.000453085	8.05745e-05	5.62318	228	/work/cyu/stickleback_nuclear_only.fa	1
rpl29	LG	0.000150581	7.46033e-05	2.01842	228	/work/cyu/stickleback_nuclear_only.fa	1
rpl29	SR	0.00029951	0	NA	228	/work/cyu/stickleback_nuclear_only.fa	1
rpl29	SL	0.000185936	0	NA	228	/work/cyu/stickleback_nuclear_only.fa	1
rpl29	TL	0	0	NA	228	/work/cyu/stickleback_nuclear_only.fa	1
rpl29	WB	7.66711e-05	8.16397e-05	0.93914	228	/work/cyu/stickleback_nuclear_only.fa	1
rpl29	WT	0.000130686	0.000132689	0.984902	228	/work/cyu/stickleback_nuclear_only.fa	1
rpl29	WK	0.000229976	6.88743e-05	3.33906	228	/work/cyu/stickleback_nuclear_only.fa	1
rpl29	SWA	0.000395617	0.000181397	2.18095	228	/work/cyu/stickleback_nuclear_only.fa	1
rpl3	THE	0.00266825	0.00184839	1.44355	1353	/work/cyu/stickleback_nuclear_only.fa	1
rpl3	JOE	0.0034369	0.00135864	2.52967	1353	/work/cyu/stickleback_nuclear_only.fa	1
rpl3	BEA	0.00249022	0.000283676	8.77838	1353	/work/cyu/stickleback_nuclear_only.fa	1
rpl3	MUC	0.00181	0.000258829	6.99303	1353	/work/cyu/stickleback_nuclear_only.fa	1
rpl3	PYE	0.00298635	0.00203491	1.46756	1353	/work/cyu/stickleback_nuclear_only.fa	1
rpl3	AMO	0.00289268	0.00128992	2.24253	1353	/work/cyu/stickleback_nuclear_only.fa	1
rpl3	SAY	0.0028899	0.00165677	1.7443	1353	/work/cyu/stickleback_nuclear_only.fa	1
rpl3	GOS	0.00237618	0.000669609	3.5486	1353	/work/cyu/stickleback_nuclear_only.fa	1
rpl3	ROB	0.00226301	0.00148981	1.51899	1353	/work/cyu/stickleback_nuclear_only.fa	1
rpl3	FG	0.00209775	0.00125567	1.67062	1353	/work/cyu/stickleback_nuclear_only.fa	1
rpl3	BOOT	0.00227186	0.00129258	1.75762	1353	/work/cyu/stickleback_nuclear_only.fa	1
rpl3	ECHO	0.0016666	0.000149039	11.1823	1353	/work/cyu/stickleback_nuclear_only.fa	1
rpl3	FRED	0.00249417	0.000361527	6.89899	1353	/work/cyu/stickleback_nuclear_only.fa	1
rpl3	LAW	0.00168626	0.000790291	2.13372	1353	/work/cyu/stickleback_nuclear_only.fa	1
rpl3	PACH	0.00312924	0.00029417	10.6375	1353	/work/cyu/stickleback_nuclear_only.fa	1
rpl3	RS	0.00406739	0.00187292	2.17169	1353	/work/cyu/stickleback_nuclear_only.fa	1
rpl3	SC	0.00269084	0.00130893	2.05575	1353	/work/cyu/stickleback_nuclear_only.fa	1
rpl3	LB	0.00271538	0.00145899	1.86113	1353	/work/cyu/stickleback_nuclear_only.fa	1
rpl3	CH	0.00259883	0.0012882	2.01741	1353	/work/cyu/stickleback_nuclear_only.fa	1
rpl3	LG	0.00216009	0.00166319	1.29876	1353	/work/cyu/stickleback_nuclear_only.fa	1
rpl3	SR	0.00212279	0.00129257	1.6423	1353	/work/cyu/stickleback_nuclear_only.fa	1
rpl3	SL	0.00335387	0.00135621	2.47297	1353	/work/cyu/stickleback_nuclear_only.fa	1
rpl3	TL	0.00147496	0.000434308	3.39613	1353	/work/cyu/stickleback_nuclear_only.fa	1
rpl3	WB	0.00207232	0.00101508	2.04154	1353	/work/cyu/stickleback_nuclear_only.fa	1
rpl3	WT	0.00270078	0.00169672	1.59176	1353	/work/cyu/stickleback_nuclear_only.fa	1
rpl3	WK	0.00290507	0.00123678	2.3489	1353	/work/cyu/stickleback_nuclear_only.fa	1
rpl3	SWA	0.00112604	0.000534882	2.1052	1353	/work/cyu/stickleback_nuclear_only.fa	1
rpl30	THE	7.9511e-05	0.000701572	0.113333	345	/work/cyu/stickleback_nuclear_only.fa	1
rpl30	JOE	0.000597776	0.00125945	0.474631	345	/work/cyu/stickleback_nuclear_only.fa	1
rpl30	BEA	0.000171476	4.53483e-05	3.78132	345	/work/cyu/stickleback_nuclear_only.fa	1
rpl30	MUC	0.000238008	4.83232e-05	4.92533	345	/work/cyu/stickleback_nuclear_only.fa	1
rpl30	PYE	0.000488481	0.000179938	2.71472	345	/work/cyu/stickleback_nuclear_only.fa	1
rpl30	AMO	0.000226453	0.000100745	2.24778	345	/work/cyu/stickleback_nuclear_only.fa	1
rpl30	SAY	0.000170906	0.000988321	0.172925	345	/work/cyu/stickleback_nuclear_only.fa	1
rpl30	GOS	0.00016253	0.00160267	0.101412	345	/work/cyu/stickleback_nuclear_only.fa	1
rpl30	ROB	0.000665914	0.00153945	0.432567	345	/work/cyu/stickleback_nuclear_only.fa	1
rpl30	FG	0.000339292	0.000982732	0.345254	345	/work/cyu/stickleback_nuclear_only.fa	1
rpl30	BOOT	0.000160271	0.000922274	0.173778	345	/work/cyu/stickleback_nuclear_only.fa	1
rpl30	ECHO	8.02328e-05	0.0010984	0.0730453	345	/work/cyu/stickleback_nuclear_only.fa	1
rpl30	FRED	0.000161653	0	NA	345	/work/cyu/stickleback_nuclear_only.fa	1
rpl30	LAW	0.00045026	0.00018852	2.38839	345	/work/cyu/stickleback_nuclear_only.fa	1
rpl30	PACH	0.000176992	9.84623e-05	1.79756	345	/work/cyu/stickleback_nuclear_only.fa	1
rpl30	RS	0.00118055	0.00166654	0.708383	345	/work/cyu/stickleback_nuclear_only.fa	1
rpl30	SC	0.000585591	0.000965293	0.606646	345	/work/cyu/stickleback_nuclear_only.fa	1
rpl30	LB	0.000331154	0.00141416	0.23417	345	/work/cyu/stickleback_nuclear_only.fa	1
rpl30	CH	0.00115681	0.00174351	0.663493	345	/work/cyu/stickleback_nuclear_only.fa	1
rpl30	LG	0.000288816	0.00097854	0.295149	345	/work/cyu/stickleback_nuclear_only.fa	1
rpl30	SR	0	0.00106587	0	345	/work/cyu/stickleback_nuclear_only.fa	1
rpl30	SL	0.000143223	0.000466979	0.306701	345	/work/cyu/stickleback_nuclear_only.fa	1
rpl30	TL	0.000310851	0.000365524	0.850424	345	/work/cyu/stickleback_nuclear_only.fa	1
rpl30	WB	6.85486e-05	0.00114541	0.0598462	345	/work/cyu/stickleback_nuclear_only.fa	1
rpl30	WT	0.00020832	0.00109856	0.189629	345	/work/cyu/stickleback_nuclear_only.fa	1
rpl30	WK	0.000110981	0.00131688	0.0842757	345	/work/cyu/stickleback_nuclear_only.fa	1
rpl30	SWA	0	0	NA	345	/work/cyu/stickleback_nuclear_only.fa	1
rpl31	THE	0.000271109	4.58279e-05	5.9158	366	/work/cyu/stickleback_nuclear_only.fa	1
rpl31	JOE	0.000294927	0.000131266	2.24678	366	/work/cyu/stickleback_nuclear_only.fa	1
rpl31	BEA	0.00048419	0	NA	366	/work/cyu/stickleback_nuclear_only.fa	1
rpl31	MUC	0.000152724	0	NA	366	/work/cyu/stickleback_nuclear_only.fa	1
rpl31	PYE	0.00126904	0	NA	366	/work/cyu/stickleback_nuclear_only.fa	1
rpl31	AMO	0.000163267	3.82595e-05	4.26735	366	/work/cyu/stickleback_nuclear_only.fa	1
rpl31	SAY	0.00151644	0.0001045	14.5115	366	/work/cyu/stickleback_nuclear_only.fa	1
rpl31	GOS	0.000187431	0	NA	366	/work/cyu/stickleback_nuclear_only.fa	1
rpl31	ROB	5.82717e-05	0.000142349	0.409359	366	/work/cyu/stickleback_nuclear_only.fa	1
rpl31	FG	0.00133798	8.57677e-05	15.6001	366	/work/cyu/stickleback_nuclear_only.fa	1
rpl31	BOOT	0.000179569	0	NA	366	/work/cyu/stickleback_nuclear_only.fa	1
rpl31	ECHO	0.00028589	4.3138e-05	6.62734	366	/work/cyu/stickleback_nuclear_only.fa	1
rpl31	FRED	0.00135852	0.000175513	7.74027	366	/work/cyu/stickleback_nuclear_only.fa	1
rpl31	LAW	0.000286407	0	NA	366	/work/cyu/stickleback_nuclear_only.fa	1
rpl31	PACH	0.00146388	4.11658e-05	35.5606	366	/work/cyu/stickleback_nuclear_only.fa	1
rpl31	RS	0.00211129	0.00034925	6.0452	366	/work/cyu/stickleback_nuclear_only.fa	1
rpl31	SC	0.00145002	4.47891e-05	32.3744	366	/work/cyu/stickleback_nuclear_only.fa	1
rpl31	LB	0.00161386	8.74288e-05	18.4592	366	/work/cyu/stickleback_nuclear_only.fa	1
rpl31	CH	0.00095927	5.21699e-05	18.3874	366	/work/cyu/stickleback_nuclear_only.fa	1
rpl31	LG	0.00106749	0	NA	366	/work/cyu/stickleback_nuclear_only.fa	1
rpl31	SR	0.000353503	4.43011e-05	7.97954	366	/work/cyu/stickleback_nuclear_only.fa	1
rpl31	SL	0.00136331	8.2769e-05	16.4712	366	/work/cyu/stickleback_nuclear_only.fa	1
rpl31	TL	4.92256e-05	0.000111936	0.439766	366	/work/cyu/stickleback_nuclear_only.fa	1
rpl31	WB	0.00213589	5.6046e-05	38.1096	366	/work/cyu/stickleback_nuclear_only.fa	1
rpl31	WT	0.000418776	8.64049e-05	4.84667	366	/work/cyu/stickleback_nuclear_only.fa	1
rpl31	WK	0.00148314	4.03817e-05	36.7279	366	/work/cyu/stickleback_nuclear_only.fa	1
rpl31	SWA	0.0015489	4.91272e-05	31.5284	366	/work/cyu/stickleback_nuclear_only.fa	1
rpl34	THE	0.00117734	5.25793e-05	22.3918	348	/work/cyu/stickleback_nuclear_only.fa	1
rpl34	JOE	0.000490771	0.000100705	4.87334	348	/work/cyu/stickleback_nuclear_only.fa	1
rpl34	BEA	0.000533555	0.000255736	2.08635	348	/work/cyu/stickleback_nuclear_only.fa	1
rpl34	MUC	0.000154556	6.98342e-05	2.21318	348	/work/cyu/stickleback_nuclear_only.fa	1
rpl34	PYE	0.000270742	5.4143e-05	5.00051	348	/work/cyu/stickleback_nuclear_only.fa	1
rpl34	AMO	0.000158234	4.56241e-05	3.46821	348	/work/cyu/stickleback_nuclear_only.fa	1
rpl34	SAY	0.000875526	0	NA	348	/work/cyu/stickleback_nuclear_only.fa	1
rpl34	GOS	0.000561243	7.29188e-05	7.69682	348	/work/cyu/stickleback_nuclear_only.fa	1
rpl34	ROB	0.000353834	0	NA	348	/work/cyu/stickleback_nuclear_only.fa	1
rpl34	FG	0.000849821	3.72125e-05	22.837	348	/work/cyu/stickleback_nuclear_only.fa	1
rpl34	BOOT	7.74208e-05	0.000152911	0.506314	348	/work/cyu/stickleback_nuclear_only.fa	1
rpl34	ECHO	7.64025e-05	0	NA	348	/work/cyu/stickleback_nuclear_only.fa	1
rpl34	FRED	0.000316072	6.916e-05	4.57016	348	/work/cyu/stickleback_nuclear_only.fa	1
rpl34	LAW	0.00156587	0	NA	348	/work/cyu/stickleback_nuclear_only.fa	1
rpl34	PACH	0.000360811	5.32235e-05	6.77916	348	/work/cyu/stickleback_nuclear_only.fa	1
rpl34	RS	0.000894384	0.000323997	2.76047	348	/work/cyu/stickleback_nuclear_only.fa	1
rpl34	SC	0.000481352	0.000127992	3.76078	348	/work/cyu/stickleback_nuclear_only.fa	1
rpl34	LB	0.000974959	0.000161239	6.04668	348	/work/cyu/stickleback_nuclear_only.fa	1
rpl34	CH	0.00040355	0.000260034	1.55191	348	/work/cyu/stickleback_nuclear_only.fa	1
rpl34	LG	0.000382779	0.00014275	2.68146	348	/work/cyu/stickleback_nuclear_only.fa	1
rpl34	SR	0.000243624	0.000174362	1.39723	348	/work/cyu/stickleback_nuclear_only.fa	1
rpl34	SL	0.00131658	4.16253e-05	31.6292	348	/work/cyu/stickleback_nuclear_only.fa	1
rpl34	TL	0.000134043	0.000118294	1.13314	348	/work/cyu/stickleback_nuclear_only.fa	1
rpl34	WB	0.000328416	0	NA	348	/work/cyu/stickleback_nuclear_only.fa	1
rpl34	WT	0.00026714	5.35002e-05	4.99324	348	/work/cyu/stickleback_nuclear_only.fa	1
rpl34	WK	0	0	NA	348	/work/cyu/stickleback_nuclear_only.fa	1
rpl34	SWA	0.00195876	0.000228313	8.57929	348	/work/cyu/stickleback_nuclear_only.fa	1
rpl35	THE	0.00142329	0.00123181	1.15545	366	/work/cyu/stickleback_nuclear_only.fa	1
rpl35	JOE	0.00157602	0.00055131	2.85868	366	/work/cyu/stickleback_nuclear_only.fa	1
rpl35	BEA	0.00194004	0.000483392	4.01339	366	/work/cyu/stickleback_nuclear_only.fa	1
rpl35	MUC	0.00219948	0.000449431	4.89392	366	/work/cyu/stickleback_nuclear_only.fa	1
rpl35	PYE	0.00126908	0.000519566	2.44258	366	/work/cyu/stickleback_nuclear_only.fa	1
rpl35	AMO	0.00105982	0.000848182	1.24952	366	/work/cyu/stickleback_nuclear_only.fa	1
rpl35	SAY	0.00153822	0.000624528	2.46301	366	/work/cyu/stickleback_nuclear_only.fa	1
rpl35	GOS	0.00202893	0.000311788	6.50742	366	/work/cyu/stickleback_nuclear_only.fa	1
rpl35	ROB	0.0013916	0.000746599	1.86391	366	/work/cyu/stickleback_nuclear_only.fa	1
rpl35	FG	0.000488433	4.15468e-05	11.7562	366	/work/cyu/stickleback_nuclear_only.fa	1
rpl35	BOOT	0.00182884	0.000176831	10.3423	366	/work/cyu/stickleback_nuclear_only.fa	1
rpl35	ECHO	0.00179453	0.000141274	12.7024	366	/work/cyu/stickleback_nuclear_only.fa	1
rpl35	FRED	0.00234906	0.00050598	4.64259	366	/work/cyu/stickleback_nuclear_only.fa	1
rpl35	LAW	0.0011153	0.000161039	6.92562	366	/work/cyu/stickleback_nuclear_only.fa	1
rpl35	PACH	0.00189169	0.00162127	1.16679	366	/work/cyu/stickleback_nuclear_only.fa	1
rpl35	RS	0.00256498	0.00157616	1.62736	366	/work/cyu/stickleback_nuclear_only.fa	1
rpl35	SC	0.00188321	0.00131856	1.42824	366	/work/cyu/stickleback_nuclear_only.fa	1
rpl35	LB	0.00188918	0.00133948	1.41039	366	/work/cyu/stickleback_nuclear_only.fa	1
rpl35	CH	0.00183446	0.0014539	1.26175	366	/work/cyu/stickleback_nuclear_only.fa	1
rpl35	LG	0.00151748	0.000567949	2.67187	366	/work/cyu/stickleback_nuclear_only.fa	1
rpl35	SR	0.00135858	0.000713406	1.90436	366	/work/cyu/stickleback_nuclear_only.fa	1
rpl35	SL	0.00145626	0.0011872	1.22663	366	/work/cyu/stickleback_nuclear_only.fa	1
rpl35	TL	0.00175124	0.00046189	3.79147	366	/work/cyu/stickleback_nuclear_only.fa	1
rpl35	WB	0.00208676	0.000667866	3.12451	366	/work/cyu/stickleback_nuclear_only.fa	1
rpl35	WT	0.00287008	0.00139189	2.062	366	/work/cyu/stickleback_nuclear_only.fa	1
rpl35	WK	0.00190505	0.00102887	1.8516	366	/work/cyu/stickleback_nuclear_only.fa	1
rpl35	SWA	0.00137376	0.000161835	8.48868	366	/work/cyu/stickleback_nuclear_only.fa	1
rpl35a	THE	0.000131294	0	NA	327	/work/cyu/stickleback_nuclear_only.fa	1
rpl35a	JOE	0.00045824	0.000167545	2.73502	327	/work/cyu/stickleback_nuclear_only.fa	1
rpl35a	BEA	0.000164344	8.22826e-05	1.99731	327	/work/cyu/stickleback_nuclear_only.fa	1
rpl35a	MUC	0.000416013	0.000192437	2.16181	327	/work/cyu/stickleback_nuclear_only.fa	1
rpl35a	PYE	0.000952149	9.50984e-05	10.0122	327	/work/cyu/stickleback_nuclear_only.fa	1
rpl35a	AMO	0.00101057	0.000121416	8.32317	327	/work/cyu/stickleback_nuclear_only.fa	1
rpl35a	SAY	0.000485856	0	NA	327	/work/cyu/stickleback_nuclear_only.fa	1
rpl35a	GOS	0.000466806	0.000157521	2.96346	327	/work/cyu/stickleback_nuclear_only.fa	1
rpl35a	ROB	0.000279096	0	NA	327	/work/cyu/stickleback_nuclear_only.fa	1
rpl35a	FG	0.000226864	0	NA	327	/work/cyu/stickleback_nuclear_only.fa	1
rpl35a	BOOT	0.00146042	8.58245e-05	17.0163	327	/work/cyu/stickleback_nuclear_only.fa	1
rpl35a	ECHO	0.00041218	5.66978e-05	7.26977	327	/work/cyu/stickleback_nuclear_only.fa	1
rpl35a	FRED	0.000331421	9.09124e-05	3.6455	327	/work/cyu/stickleback_nuclear_only.fa	1
rpl35a	LAW	0.00171395	0.000259449	6.60611	327	/work/cyu/stickleback_nuclear_only.fa	1
rpl35a	PACH	0.00134467	0.000142862	9.41237	327	/work/cyu/stickleback_nuclear_only.fa	1
rpl35a	RS	0.00173247	0.000389366	4.44947	327	/work/cyu/stickleback_nuclear_only.fa	1
rpl35a	SC	0.000917158	8.88236e-05	10.3256	327	/work/cyu/stickleback_nuclear_only.fa	1
rpl35a	LB	0.000717812	0.000131596	5.45468	327	/work/cyu/stickleback_nuclear_only.fa	1
rpl35a	CH	0.000855492	9.9602e-05	8.58911	327	/work/cyu/stickleback_nuclear_only.fa	1
rpl35a	LG	0.00114081	0.000134193	8.50127	327	/work/cyu/stickleback_nuclear_only.fa	1
rpl35a	SR	0.000604931	9.99756e-05	6.05079	327	/work/cyu/stickleback_nuclear_only.fa	1
rpl35a	SL	0.000721713	0.000247077	2.92101	327	/work/cyu/stickleback_nuclear_only.fa	1
rpl35a	TL	0.000186374	0.000189483	0.983593	327	/work/cyu/stickleback_nuclear_only.fa	1
rpl35a	WB	0.000351528	0	NA	327	/work/cyu/stickleback_nuclear_only.fa	1
rpl35a	WT	0.000592103	4.84192e-05	12.2287	327	/work/cyu/stickleback_nuclear_only.fa	1
rpl35a	WK	0.00175677	4.95714e-05	35.4392	327	/work/cyu/stickleback_nuclear_only.fa	1
rpl35a	SWA	9.22757e-05	5.44999e-05	1.69314	327	/work/cyu/stickleback_nuclear_only.fa	1
rpl36	THE	0.000395766	0.00143045	0.276671	315	/work/cyu/stickleback_nuclear_only.fa	1
rpl36	JOE	0.000722193	0.000932906	0.774132	315	/work/cyu/stickleback_nuclear_only.fa	1
rpl36	BEA	0.00013987	0.00106453	0.131392	315	/work/cyu/stickleback_nuclear_only.fa	1
rpl36	MUC	7.27678e-05	0.000146372	0.497144	315	/work/cyu/stickleback_nuclear_only.fa	1
rpl36	PYE	0.000199929	0.000404895	0.493779	315	/work/cyu/stickleback_nuclear_only.fa	1
rpl36	AMO	0.000185344	0.00112016	0.165462	315	/work/cyu/stickleback_nuclear_only.fa	1
rpl36	SAY	0.00208434	0.00147464	1.41346	315	/work/cyu/stickleback_nuclear_only.fa	1
rpl36	GOS	0.000216954	0.00112237	0.193301	315	/work/cyu/stickleback_nuclear_only.fa	1
rpl36	ROB	0.00237703	0.0015127	1.57139	315	/work/cyu/stickleback_nuclear_only.fa	1
rpl36	FG	0.00255829	0.00180336	1.41862	315	/work/cyu/stickleback_nuclear_only.fa	1
rpl36	BOOT	0.000128267	0	NA	315	/work/cyu/stickleback_nuclear_only.fa	1
rpl36	ECHO	7.82325e-05	9.57398e-05	0.817136	315	/work/cyu/stickleback_nuclear_only.fa	1
rpl36	FRED	0.000110638	0.000260542	0.424645	315	/work/cyu/stickleback_nuclear_only.fa	1
rpl36	LAW	0.000215385	0.000759762	0.28349	315	/work/cyu/stickleback_nuclear_only.fa	1
rpl36	PACH	0.000157416	0.000133474	1.17937	315	/work/cyu/stickleback_nuclear_only.fa	1
rpl36	RS	0.00103073	0.0020653	0.499071	315	/work/cyu/stickleback_nuclear_only.fa	1
rpl36	SC	0.00104862	0.00167424	0.626325	315	/work/cyu/stickleback_nuclear_only.fa	1
rpl36	LB	0.00177597	0.000518401	3.42586	315	/work/cyu/stickleback_nuclear_only.fa	1
rpl36	CH	0.00190469	0.00243297	0.782868	315	/work/cyu/stickleback_nuclear_only.fa	1
rpl36	LG	0.00086894	0.00247755	0.350726	315	/work/cyu/stickleback_nuclear_only.fa	1
rpl36	SR	0.000235039	0	NA	315	/work/cyu/stickleback_nuclear_only.fa	1
rpl36	SL	0.000357605	0.0016825	0.212544	315	/work/cyu/stickleback_nuclear_only.fa	1
rpl36	TL	0.00116659	7.62557e-05	15.2984	315	/work/cyu/stickleback_nuclear_only.fa	1
rpl36	WB	0.000783612	0.000547766	1.43056	315	/work/cyu/stickleback_nuclear_only.fa	1
rpl36	WT	0.00197416	0.0032357	0.61012	315	/work/cyu/stickleback_nuclear_only.fa	1
rpl36	WK	0.000127628	0.000181186	0.704407	315	/work/cyu/stickleback_nuclear_only.fa	1
rpl36	SWA	0.00193875	0.00052426	3.69807	315	/work/cyu/stickleback_nuclear_only.fa	1
rpl36a	THE	0.00139109	4.6641e-05	29.8254	315	/work/cyu/stickleback_nuclear_only.fa	1
rpl36a	JOE	0.00212162	0.000245835	8.63029	315	/work/cyu/stickleback_nuclear_only.fa	1
rpl36a	BEA	0.00156019	0	NA	315	/work/cyu/stickleback_nuclear_only.fa	1
rpl36a	MUC	0.000178908	0	NA	315	/work/cyu/stickleback_nuclear_only.fa	1
rpl36a	PYE	0.000773227	6.39599e-05	12.0893	315	/work/cyu/stickleback_nuclear_only.fa	1
rpl36a	AMO	0.00172352	0	NA	315	/work/cyu/stickleback_nuclear_only.fa	1
rpl36a	SAY	0.000456835	0	NA	315	/work/cyu/stickleback_nuclear_only.fa	1
rpl36a	GOS	0.000162941	0	NA	315	/work/cyu/stickleback_nuclear_only.fa	1
rpl36a	ROB	0.00130098	0	NA	315	/work/cyu/stickleback_nuclear_only.fa	1
rpl36a	FG	0.000142906	0	NA	315	/work/cyu/stickleback_nuclear_only.fa	1
rpl36a	BOOT	0.00160037	0	NA	315	/work/cyu/stickleback_nuclear_only.fa	1
rpl36a	ECHO	0.000212958	0.000164721	1.29284	315	/work/cyu/stickleback_nuclear_only.fa	1
rpl36a	FRED	0.000240811	0	NA	315	/work/cyu/stickleback_nuclear_only.fa	1
rpl36a	LAW	0.00183245	0.000216699	8.45618	315	/work/cyu/stickleback_nuclear_only.fa	1
rpl36a	PACH	0.000129475	6.74626e-05	1.91921	315	/work/cyu/stickleback_nuclear_only.fa	1
rpl36a	RS	0.000731057	0.000279137	2.61899	315	/work/cyu/stickleback_nuclear_only.fa	1
rpl36a	SC	0.000268987	8.32434e-05	3.23133	315	/work/cyu/stickleback_nuclear_only.fa	1
rpl36a	LB	0.000451521	0	NA	315	/work/cyu/stickleback_nuclear_only.fa	1
rpl36a	CH	0.000299701	1.93953e-05	15.4523	315	/work/cyu/stickleback_nuclear_only.fa	1
rpl36a	LG	5.74033e-05	5.84564e-05	0.981985	315	/work/cyu/stickleback_nuclear_only.fa	1
rpl36a	SR	0.000430388	0.000103791	4.14668	315	/work/cyu/stickleback_nuclear_only.fa	1
rpl36a	SL	0.00156817	0	NA	315	/work/cyu/stickleback_nuclear_only.fa	1
rpl36a	TL	0.000281438	6.8878e-05	4.08604	315	/work/cyu/stickleback_nuclear_only.fa	1
rpl36a	WB	6.64765e-05	0.000125096	0.531404	315	/work/cyu/stickleback_nuclear_only.fa	1
rpl36a	WT	0.00102142	0	NA	315	/work/cyu/stickleback_nuclear_only.fa	1
rpl36a	WK	0.000827401	0	NA	315	/work/cyu/stickleback_nuclear_only.fa	1
rpl36a	SWA	5.70811e-05	6.59063e-05	0.866095	315	/work/cyu/stickleback_nuclear_only.fa	1
rpl37	THE	0.000992214	0.0011784	0.842003	288	/work/cyu/stickleback_nuclear_only.fa	1
rpl37	JOE	0.00194795	0.00166061	1.17303	288	/work/cyu/stickleback_nuclear_only.fa	1
rpl37	BEA	0.000242778	0.00020067	1.20983	288	/work/cyu/stickleback_nuclear_only.fa	1
rpl37	MUC	0.00019202	0.000124582	1.54132	288	/work/cyu/stickleback_nuclear_only.fa	1
rpl37	PYE	0.00223595	0.00179291	1.24711	288	/work/cyu/stickleback_nuclear_only.fa	1
rpl37	AMO	0.00164562	0.00073432	2.24101	288	/work/cyu/stickleback_nuclear_only.fa	1
rpl37	SAY	0.00173933	0.0017341	1.00301	288	/work/cyu/stickleback_nuclear_only.fa	1
rpl37	GOS	0.000855781	0.000659087	1.29843	288	/work/cyu/stickleback_nuclear_only.fa	1
rpl37	ROB	0.00132219	0.00142886	0.925348	288	/work/cyu/stickleback_nuclear_only.fa	1
rpl37	FG	9.93582e-05	8.31833e-05	1.19445	288	/work/cyu/stickleback_nuclear_only.fa	1
rpl37	BOOT	0.000191351	0	NA	288	/work/cyu/stickleback_nuclear_only.fa	1
rpl37	ECHO	0.000358418	0	NA	288	/work/cyu/stickleback_nuclear_only.fa	1
rpl37	FRED	0.000566671	0.000750758	0.754799	288	/work/cyu/stickleback_nuclear_only.fa	1
rpl37	LAW	0.000442446	0.000734706	0.602209	288	/work/cyu/stickleback_nuclear_only.fa	1
rpl37	PACH	0.000171077	0.000119363	1.43325	288	/work/cyu/stickleback_nuclear_only.fa	1
rpl37	RS	0.00216545	0.00183189	1.18208	288	/work/cyu/stickleback_nuclear_only.fa	1
rpl37	SC	0.00163898	0.00139424	1.17554	288	/work/cyu/stickleback_nuclear_only.fa	1
rpl37	LB	0.00198154	0.00168657	1.17489	288	/work/cyu/stickleback_nuclear_only.fa	1
rpl37	CH	0.00150131	0.00160488	0.935468	288	/work/cyu/stickleback_nuclear_only.fa	1
rpl37	LG	0.000948737	0.00176025	0.538979	288	/work/cyu/stickleback_nuclear_only.fa	1
rpl37	SR	0.00175269	0.00138685	1.2638	288	/work/cyu/stickleback_nuclear_only.fa	1
rpl37	SL	0.00179402	0.000889774	2.01627	288	/work/cyu/stickleback_nuclear_only.fa	1
rpl37	TL	0.00198791	0.0018567	1.07067	288	/work/cyu/stickleback_nuclear_only.fa	1
rpl37	WB	0.00181663	0.00174423	1.04151	288	/work/cyu/stickleback_nuclear_only.fa	1
rpl37	WT	0.00194677	0.00179972	1.08171	288	/work/cyu/stickleback_nuclear_only.fa	1
rpl37	WK	0.00145818	0.000265385	5.4946	288	/work/cyu/stickleback_nuclear_only.fa	1
rpl37	SWA	0.000219156	0.00071947	0.304608	288	/work/cyu/stickleback_nuclear_only.fa	1
rpl38	THE	0.00612071	0.00204309	2.99582	225	/work/cyu/stickleback_nuclear_only.fa	1
rpl38	JOE	0.0026047	0.00228998	1.13744	225	/work/cyu/stickleback_nuclear_only.fa	1
rpl38	BEA	0	9.4415e-05	0	225	/work/cyu/stickleback_nuclear_only.fa	1
rpl38	MUC	0.000304395	0	NA	225	/work/cyu/stickleback_nuclear_only.fa	1
rpl38	PYE	0.00227996	0.000404103	5.64202	225	/work/cyu/stickleback_nuclear_only.fa	1
rpl38	AMO	0.00193908	0.000263356	7.36294	225	/work/cyu/stickleback_nuclear_only.fa	1
rpl38	SAY	0.00470119	0.000194003	24.2326	225	/work/cyu/stickleback_nuclear_only.fa	1
rpl38	GOS	0.00393954	0.000214596	18.3579	225	/work/cyu/stickleback_nuclear_only.fa	1
rpl38	ROB	0.00350107	0.000272519	12.8471	225	/work/cyu/stickleback_nuclear_only.fa	1
rpl38	FG	0.00140622	0.000415888	3.38125	225	/work/cyu/stickleback_nuclear_only.fa	1
rpl38	BOOT	0.0127624	0.001906	6.69589	225	/work/cyu/stickleback_nuclear_only.fa	1
rpl38	ECHO	0.000823101	9.76236e-05	8.43137	225	/work/cyu/stickleback_nuclear_only.fa	1
rpl38	FRED	0.000115193	0.000113735	1.01282	225	/work/cyu/stickleback_nuclear_only.fa	1
rpl38	LAW	0.00421771	0.00030495	13.8308	225	/work/cyu/stickleback_nuclear_only.fa	1
rpl38	PACH	0.000351478	0.000164763	2.13324	225	/work/cyu/stickleback_nuclear_only.fa	1
rpl38	RS	0.00703118	0.00117456	5.9862	225	/work/cyu/stickleback_nuclear_only.fa	1
rpl38	SC	0.00521775	0.00047539	10.9757	225	/work/cyu/stickleback_nuclear_only.fa	1
rpl38	LB	0.00921373	0.00158343	5.81886	225	/work/cyu/stickleback_nuclear_only.fa	1
rpl38	CH	0.00366634	0.000479474	7.64658	225	/work/cyu/stickleback_nuclear_only.fa	1
rpl38	LG	0.00461607	0.000295513	15.6205	225	/work/cyu/stickleback_nuclear_only.fa	1
rpl38	SR	0.00851477	0.000909109	9.36607	225	/work/cyu/stickleback_nuclear_only.fa	1
rpl38	SL	0.0082362	0.00108294	7.6054	225	/work/cyu/stickleback_nuclear_only.fa	1
rpl38	TL	0.0044221	0.000525526	8.41463	225	/work/cyu/stickleback_nuclear_only.fa	1
rpl38	WB	0.00645663	0.000810311	7.96808	225	/work/cyu/stickleback_nuclear_only.fa	1
rpl38	WT	0.00293454	0.00040001	7.33617	225	/work/cyu/stickleback_nuclear_only.fa	1
rpl38	WK	0.00676329	0.000532985	12.6894	225	/work/cyu/stickleback_nuclear_only.fa	1
rpl38	SWA	0.00156103	0.00125799	1.24089	225	/work/cyu/stickleback_nuclear_only.fa	1
rpl39	THE	0.000217946	0	NA	150	/work/cyu/stickleback_nuclear_only.fa	1
rpl39	JOE	0.000328754	0.000217496	1.51154	150	/work/cyu/stickleback_nuclear_only.fa	1
rpl39	BEA	0.000383636	0	NA	150	/work/cyu/stickleback_nuclear_only.fa	1
rpl39	MUC	0.000219083	0	NA	150	/work/cyu/stickleback_nuclear_only.fa	1
rpl39	PYE	0.000207714	0.000110295	1.88325	150	/work/cyu/stickleback_nuclear_only.fa	1
rpl39	AMO	0.000182279	9.53393e-05	1.91189	150	/work/cyu/stickleback_nuclear_only.fa	1
rpl39	SAY	0	0	NA	150	/work/cyu/stickleback_nuclear_only.fa	1
rpl39	GOS	0.000341877	0	NA	150	/work/cyu/stickleback_nuclear_only.fa	1
rpl39	ROB	0.000143712	0	NA	150	/work/cyu/stickleback_nuclear_only.fa	1
rpl39	FG	0.0001134	0	NA	150	/work/cyu/stickleback_nuclear_only.fa	1
rpl39	BOOT	0	0	NA	150	/work/cyu/stickleback_nuclear_only.fa	1
rpl39	ECHO	0.000224497	0	NA	150	/work/cyu/stickleback_nuclear_only.fa	1
rpl39	FRED	0	0.000156721	0	150	/work/cyu/stickleback_nuclear_only.fa	1
rpl39	LAW	0.000396581	0.000138889	2.85538	150	/work/cyu/stickleback_nuclear_only.fa	1
rpl39	PACH	0.000118064	0.00015122	0.780741	150	/work/cyu/stickleback_nuclear_only.fa	1
rpl39	RS	0.000960516	0.000294442	3.26215	150	/work/cyu/stickleback_nuclear_only.fa	1
rpl39	SC	0.000245435	7.4444e-05	3.29691	150	/work/cyu/stickleback_nuclear_only.fa	1
rpl39	LB	0.000249038	0.000134187	1.8559	150	/work/cyu/stickleback_nuclear_only.fa	1
rpl39	CH	0.000214508	0.000127002	1.68901	150	/work/cyu/stickleback_nuclear_only.fa	1
rpl39	LG	0.000232654	0.000247073	0.941642	150	/work/cyu/stickleback_nuclear_only.fa	1
rpl39	SR	0.000332428	0.000227197	1.46317	150	/work/cyu/stickleback_nuclear_only.fa	1
rpl39	SL	0.000100174	0.000100927	0.992538	150	/work/cyu/stickleback_nuclear_only.fa	1
rpl39	TL	0.000147822	0.00010937	1.35157	150	/work/cyu/stickleback_nuclear_only.fa	1
rpl39	WB	0	0	NA	150	/work/cyu/stickleback_nuclear_only.fa	1
rpl39	WT	0.000106392	0.000250492	0.42473	150	/work/cyu/stickleback_nuclear_only.fa	1
rpl39	WK	0	0.000133996	0	150	/work/cyu/stickleback_nuclear_only.fa	1
rpl39	SWA	0.000110046	0.000104076	1.05737	150	/work/cyu/stickleback_nuclear_only.fa	1
rpl3l	THE	0.000627092	0.000803888	0.780074	1224	/work/cyu/stickleback_nuclear_only.fa	1
rpl3l	JOE	0.0013998	0.00272918	0.512902	1224	/work/cyu/stickleback_nuclear_only.fa	1
rpl3l	BEA	0.00017554	0.000186641	0.940522	1224	/work/cyu/stickleback_nuclear_only.fa	1
rpl3l	MUC	0.000519135	0.00028431	1.82595	1224	/work/cyu/stickleback_nuclear_only.fa	1
rpl3l	PYE	0.00133122	0.00159653	0.83382	1224	/work/cyu/stickleback_nuclear_only.fa	1
rpl3l	AMO	0.00110811	0.00215268	0.514758	1224	/work/cyu/stickleback_nuclear_only.fa	1
rpl3l	SAY	0.00129898	0.0020984	0.619034	1224	/work/cyu/stickleback_nuclear_only.fa	1
rpl3l	GOS	0.000786458	0.00151277	0.519879	1224	/work/cyu/stickleback_nuclear_only.fa	1
rpl3l	ROB	0.000841112	0.00107282	0.784017	1224	/work/cyu/stickleback_nuclear_only.fa	1
rpl3l	FG	0.00120001	0.00212794	0.563928	1224	/work/cyu/stickleback_nuclear_only.fa	1
rpl3l	BOOT	0.000674025	0.0011012	0.612082	1224	/work/cyu/stickleback_nuclear_only.fa	1
rpl3l	ECHO	0.0001118	0.000119869	0.932686	1224	/work/cyu/stickleback_nuclear_only.fa	1
rpl3l	FRED	0.000444537	0.00067365	0.659893	1224	/work/cyu/stickleback_nuclear_only.fa	1
rpl3l	LAW	0.00135787	0.00267095	0.508384	1224	/work/cyu/stickleback_nuclear_only.fa	1
rpl3l	PACH	0.000168324	0.000845324	0.199124	1224	/work/cyu/stickleback_nuclear_only.fa	1
rpl3l	RS	0.00185584	0.00257155	0.72168	1224	/work/cyu/stickleback_nuclear_only.fa	1
rpl3l	SC	0.00126432	0.00160022	0.790089	1224	/work/cyu/stickleback_nuclear_only.fa	1
rpl3l	LB	0.00121593	0.00191411	0.635248	1224	/work/cyu/stickleback_nuclear_only.fa	1
rpl3l	CH	0.00120122	0.00174626	0.687878	1224	/work/cyu/stickleback_nuclear_only.fa	1
rpl3l	LG	0.000806753	0.00128461	0.628014	1224	/work/cyu/stickleback_nuclear_only.fa	1
rpl3l	SR	0.0011327	0.00188531	0.600805	1224	/work/cyu/stickleback_nuclear_only.fa	1
rpl3l	SL	0.00114445	0.00144235	0.793462	1224	/work/cyu/stickleback_nuclear_only.fa	1
rpl3l	TL	0.000946465	0.00106122	0.891865	1224	/work/cyu/stickleback_nuclear_only.fa	1
rpl3l	WB	0.00116309	0.00216256	0.537828	1224	/work/cyu/stickleback_nuclear_only.fa	1
rpl3l	WT	0.00120736	0.00239061	0.505045	1224	/work/cyu/stickleback_nuclear_only.fa	1
rpl3l	WK	0.00105082	0.00134721	0.779998	1224	/work/cyu/stickleback_nuclear_only.fa	1
rpl3l	SWA	0.00051989	0.00140854	0.369098	1224	/work/cyu/stickleback_nuclear_only.fa	1
rpl4	THE	0.00111279	0.00066009	1.68582	1137	/work/cyu/stickleback_nuclear_only.fa	1
rpl4	JOE	0.00149954	0.000527374	2.8434	1137	/work/cyu/stickleback_nuclear_only.fa	1
rpl4	BEA	0.000440746	4.37544e-05	10.0732	1137	/work/cyu/stickleback_nuclear_only.fa	1
rpl4	MUC	0.000948615	0.000824827	1.15008	1137	/work/cyu/stickleback_nuclear_only.fa	1
rpl4	PYE	0.00173899	0.00020826	8.35008	1137	/work/cyu/stickleback_nuclear_only.fa	1
rpl4	AMO	0.00238578	0.000557197	4.28175	1137	/work/cyu/stickleback_nuclear_only.fa	1
rpl4	SAY	0.00193776	0.000414523	4.67467	1137	/work/cyu/stickleback_nuclear_only.fa	1
rpl4	GOS	0.000121828	0	NA	1137	/work/cyu/stickleback_nuclear_only.fa	1
rpl4	ROB	0.00131472	0.000519054	2.53291	1137	/work/cyu/stickleback_nuclear_only.fa	1
rpl4	FG	0.000704879	0.000439324	1.60446	1137	/work/cyu/stickleback_nuclear_only.fa	1
rpl4	BOOT	0.00015343	8.57235e-05	1.78983	1137	/work/cyu/stickleback_nuclear_only.fa	1
rpl4	ECHO	7.99374e-05	8.28076e-05	0.965339	1137	/work/cyu/stickleback_nuclear_only.fa	1
rpl4	FRED	0.000406698	7.28264e-05	5.58449	1137	/work/cyu/stickleback_nuclear_only.fa	1
rpl4	LAW	0.00022452	8.56426e-05	2.6216	1137	/work/cyu/stickleback_nuclear_only.fa	1
rpl4	PACH	0.000105111	0.000113254	0.9281	1137	/work/cyu/stickleback_nuclear_only.fa	1
rpl4	RS	0.00216779	0.000500739	4.32919	1137	/work/cyu/stickleback_nuclear_only.fa	1
rpl4	SC	0.00132908	0.000305853	4.3455	1137	/work/cyu/stickleback_nuclear_only.fa	1
rpl4	LB	0.00124769	0.000866799	1.43943	1137	/work/cyu/stickleback_nuclear_only.fa	1
rpl4	CH	0.00176096	0.000289019	6.09289	1137	/work/cyu/stickleback_nuclear_only.fa	1
rpl4	LG	0.00143498	0.000512881	2.79788	1137	/work/cyu/stickleback_nuclear_only.fa	1
rpl4	SR	0.00133907	8.95583e-05	14.9519	1137	/work/cyu/stickleback_nuclear_only.fa	1
rpl4	SL	0.000606042	0.000149163	4.06294	1137	/work/cyu/stickleback_nuclear_only.fa	1
rpl4	TL	0.00115159	0	NA	1137	/work/cyu/stickleback_nuclear_only.fa	1
rpl4	WB	0.00140257	0.00065959	2.12643	1137	/work/cyu/stickleback_nuclear_only.fa	1
rpl4	WT	0.00110737	0.000211333	5.23996	1137	/work/cyu/stickleback_nuclear_only.fa	1
rpl4	WK	0.000997771	0.000694067	1.43757	1137	/work/cyu/stickleback_nuclear_only.fa	1
rpl4	SWA	0.000698952	0.000513126	1.36215	1137	/work/cyu/stickleback_nuclear_only.fa	1
rpl5	THE	8.74513e-05	0.000341915	0.255769	887	/work/cyu/stickleback_nuclear_only.fa	1
rpl5	JOE	3.24953e-05	0.000145855	0.222792	837	/work/cyu/stickleback_nuclear_only.fa	1
rpl5	BEA	0.000196329	3.94998e-05	4.97037	433	/work/cyu/stickleback_nuclear_only.fa	1
rpl5	MUC	9.55619e-05	5.17107e-05	1.84801	887	/work/cyu/stickleback_nuclear_only.fa	1
rpl5	PYE	6.23076e-05	0.000431349	0.144448	887	/work/cyu/stickleback_nuclear_only.fa	1
rpl5	AMO	0.000286368	2.34348e-05	12.2198	887	/work/cyu/stickleback_nuclear_only.fa	1
rpl5	SAY	0.000187176	0.000291337	0.642472	887	/work/cyu/stickleback_nuclear_only.fa	1
rpl5	GOS	7.01792e-05	0.000305764	0.229521	887	/work/cyu/stickleback_nuclear_only.fa	1
rpl5	ROB	0.000644013	0.000199134	3.23407	886	/work/cyu/stickleback_nuclear_only.fa	1
rpl5	FG	3.42945e-05	9.8964e-05	0.346535	887	/work/cyu/stickleback_nuclear_only.fa	1
rpl5	BOOT	0.000248944	0.000516973	0.481541	887	/work/cyu/stickleback_nuclear_only.fa	1
rpl5	ECHO	0.00011723	0.000224384	0.52245	887	/work/cyu/stickleback_nuclear_only.fa	1
rpl5	FRED	0.000177392	3.07992e-05	5.75962	887	/work/cyu/stickleback_nuclear_only.fa	1
rpl5	LAW	5.62511e-05	0.000355037	0.158437	887	/work/cyu/stickleback_nuclear_only.fa	1
rpl5	PACH	0.000270191	0.000406198	0.665171	886	/work/cyu/stickleback_nuclear_only.fa	1
rpl5	RS	0.000500783	0.000401087	1.24856	887	/work/cyu/stickleback_nuclear_only.fa	1
rpl5	SC	0.000112806	0.000134671	0.837639	887	/work/cyu/stickleback_nuclear_only.fa	1
rpl5	LB	0.000298551	0.000347454	0.859253	887	/work/cyu/stickleback_nuclear_only.fa	1
rpl5	CH	7.38319e-05	0.00017068	0.432575	887	/work/cyu/stickleback_nuclear_only.fa	1
rpl5	LG	9.71367e-05	0.000142531	0.681511	887	/work/cyu/stickleback_nuclear_only.fa	1
rpl5	SR	8.35128e-05	0.000178267	0.46847	886	/work/cyu/stickleback_nuclear_only.fa	1
rpl5	SL	9.48526e-05	4.24619e-05	2.23383	887	/work/cyu/stickleback_nuclear_only.fa	1
rpl5	TL	0.000141135	0.000493967	0.285718	877	/work/cyu/stickleback_nuclear_only.fa	1
rpl5	WB	8.88588e-05	0.000488438	0.181925	887	/work/cyu/stickleback_nuclear_only.fa	1
rpl5	WT	5.59819e-05	2.90606e-05	1.92638	887	/work/cyu/stickleback_nuclear_only.fa	1
rpl5	WK	0.000178317	8.1286e-05	2.1937	708	/work/cyu/stickleback_nuclear_only.fa	1
rpl5	SWA	5.30366e-05	0.000254855	0.208105	668	/work/cyu/stickleback_nuclear_only.fa	1
rpl5	THE	0.00103136	0.00102644	1.00479	889	/work/cyu/stickleback_nuclear_only.fa	1
rpl5	JOE	0.00103805	0.00118586	0.875363	889	/work/cyu/stickleback_nuclear_only.fa	1
rpl5	BEA	0.000291039	0.000174211	1.67062	889	/work/cyu/stickleback_nuclear_only.fa	1
rpl5	MUC	0.000577026	0.000143462	4.02215	889	/work/cyu/stickleback_nuclear_only.fa	1
rpl5	PYE	0.000421921	0.0006505	0.64861	889	/work/cyu/stickleback_nuclear_only.fa	1
rpl5	AMO	0.000507882	0.000964938	0.526336	889	/work/cyu/stickleback_nuclear_only.fa	1
rpl5	SAY	0.00106557	0.00109644	0.971846	889	/work/cyu/stickleback_nuclear_only.fa	1
rpl5	GOS	0.00107113	0.00127009	0.843349	889	/work/cyu/stickleback_nuclear_only.fa	1
rpl5	ROB	0.000642355	0.00127118	0.505322	889	/work/cyu/stickleback_nuclear_only.fa	1
rpl5	FG	0.000545568	0.000772343	0.706381	889	/work/cyu/stickleback_nuclear_only.fa	1
rpl5	BOOT	0.000898098	0.00132543	0.677589	889	/work/cyu/stickleback_nuclear_only.fa	1
rpl5	ECHO	0.00130504	0.00123316	1.05829	889	/work/cyu/stickleback_nuclear_only.fa	1
rpl5	FRED	0.000293783	0.000349217	0.841262	889	/work/cyu/stickleback_nuclear_only.fa	1
rpl5	LAW	0.00102647	0.00154185	0.665743	889	/work/cyu/stickleback_nuclear_only.fa	1
rpl5	PACH	0.000217994	0.000672362	0.324222	889	/work/cyu/stickleback_nuclear_only.fa	1
rpl5	RS	0.00109054	0.00140112	0.778334	889	/work/cyu/stickleback_nuclear_only.fa	1
rpl5	SC	0.00046424	0.000965955	0.480602	889	/work/cyu/stickleback_nuclear_only.fa	1
rpl5	LB	0.000448326	0.00144386	0.310504	889	/work/cyu/stickleback_nuclear_only.fa	1
rpl5	CH	0.00105792	0.00133673	0.791422	889	/work/cyu/stickleback_nuclear_only.fa	1
rpl5	LG	0.000564777	0.001075	0.525375	889	/work/cyu/stickleback_nuclear_only.fa	1
rpl5	SR	0.000689958	0.0015153	0.455328	889	/work/cyu/stickleback_nuclear_only.fa	1
rpl5	SL	0.000607143	0.000744385	0.81563	889	/work/cyu/stickleback_nuclear_only.fa	1
rpl5	TL	0.000155928	0.000470288	0.331558	889	/work/cyu/stickleback_nuclear_only.fa	1
rpl5	WB	0.000209738	0.000326521	0.642341	889	/work/cyu/stickleback_nuclear_only.fa	1
rpl5	WT	0.000429069	0.00032105	1.33646	889	/work/cyu/stickleback_nuclear_only.fa	1
rpl5	WK	0.000452486	0.000551572	0.820357	889	/work/cyu/stickleback_nuclear_only.fa	1
rpl5	SWA	0.000921864	0.000746805	1.23441	889	/work/cyu/stickleback_nuclear_only.fa	1
rpl6	THE	0.000313484	9.78513e-05	3.20368	813	/work/cyu/stickleback_nuclear_only.fa	1
rpl6	JOE	0.000251272	0.00016132	1.55761	813	/work/cyu/stickleback_nuclear_only.fa	1
rpl6	BEA	0.000215348	0.00019376	1.11142	813	/work/cyu/stickleback_nuclear_only.fa	1
rpl6	MUC	0.000199033	4.72472e-05	4.21259	813	/work/cyu/stickleback_nuclear_only.fa	1
rpl6	PYE	0.00017492	0.000143524	1.21875	813	/work/cyu/stickleback_nuclear_only.fa	1
rpl6	AMO	0.000129031	0.000404444	0.319033	813	/work/cyu/stickleback_nuclear_only.fa	1
rpl6	SAY	0.000211427	8.71634e-05	2.42563	813	/work/cyu/stickleback_nuclear_only.fa	1
rpl6	GOS	0.000288531	0.00020465	1.40987	813	/work/cyu/stickleback_nuclear_only.fa	1
rpl6	ROB	0.000256967	0.00017062	1.50608	813	/work/cyu/stickleback_nuclear_only.fa	1
rpl6	FG	0.000149427	2.02366e-05	7.38399	813	/work/cyu/stickleback_nuclear_only.fa	1
rpl6	BOOT	0.000116139	0.000749112	0.155035	813	/work/cyu/stickleback_nuclear_only.fa	1
rpl6	ECHO	0.000199011	0.000499164	0.398689	813	/work/cyu/stickleback_nuclear_only.fa	1
rpl6	FRED	0.000208657	0.000195646	1.0665	812	/work/cyu/stickleback_nuclear_only.fa	1
rpl6	LAW	0.000526225	0.000107032	4.9165	813	/work/cyu/stickleback_nuclear_only.fa	1
rpl6	PACH	0.000472535	0.000410634	1.15074	813	/work/cyu/stickleback_nuclear_only.fa	1
rpl6	RS	0.00070925	0.000475942	1.4902	813	/work/cyu/stickleback_nuclear_only.fa	1
rpl6	SC	0.000311205	0.000415472	0.749039	813	/work/cyu/stickleback_nuclear_only.fa	1
rpl6	LB	0.000285912	0.000139984	2.04247	813	/work/cyu/stickleback_nuclear_only.fa	1
rpl6	CH	0.000171945	0.000225221	0.763452	813	/work/cyu/stickleback_nuclear_only.fa	1
rpl6	LG	0.000241387	0.000453156	0.53268	813	/work/cyu/stickleback_nuclear_only.fa	1
rpl6	SR	0.000254008	0.000143861	1.76565	813	/work/cyu/stickleback_nuclear_only.fa	1
rpl6	SL	0.000267222	0.000674436	0.396216	813	/work/cyu/stickleback_nuclear_only.fa	1
rpl6	TL	0.000113892	0.000605663	0.188046	813	/work/cyu/stickleback_nuclear_only.fa	1
rpl6	WB	0.000783081	0.000642953	1.21795	813	/work/cyu/stickleback_nuclear_only.fa	1
rpl6	WT	0.000227512	0.000317618	0.716306	813	/work/cyu/stickleback_nuclear_only.fa	1
rpl6	WK	0.000181681	0.000204547	0.888208	813	/work/cyu/stickleback_nuclear_only.fa	1
rpl6	SWA	5.59449e-05	0.000494377	0.113162	813	/work/cyu/stickleback_nuclear_only.fa	1
rpl7	THE	0.00108648	4.82348e-05	22.5248	729	/work/cyu/stickleback_nuclear_only.fa	1
rpl7	JOE	0.00111707	6.85825e-05	16.2881	729	/work/cyu/stickleback_nuclear_only.fa	1
rpl7	BEA	0.00153018	4.51734e-05	33.8735	729	/work/cyu/stickleback_nuclear_only.fa	1
rpl7	MUC	0.00017244	9.80038e-05	1.75953	729	/work/cyu/stickleback_nuclear_only.fa	1
rpl7	PYE	0.00138416	4.96976e-05	27.8517	729	/work/cyu/stickleback_nuclear_only.fa	1
rpl7	AMO	0.00195404	9.64175e-05	20.2665	729	/work/cyu/stickleback_nuclear_only.fa	1
rpl7	SAY	0.00214233	0.000167591	12.7831	729	/work/cyu/stickleback_nuclear_only.fa	1
rpl7	GOS	0.00149583	0.000132326	11.3042	729	/work/cyu/stickleback_nuclear_only.fa	1
rpl7	ROB	0.00116288	0.000120179	9.67619	729	/work/cyu/stickleback_nuclear_only.fa	1
rpl7	FG	0.00204564	0.000102276	20.0012	729	/work/cyu/stickleback_nuclear_only.fa	1
rpl7	BOOT	0.00233381	4.19956e-05	55.5727	729	/work/cyu/stickleback_nuclear_only.fa	1
rpl7	ECHO	0.0017527	0.000178059	9.84338	729	/work/cyu/stickleback_nuclear_only.fa	1
rpl7	FRED	0.00285382	8.07389e-05	35.3463	729	/work/cyu/stickleback_nuclear_only.fa	1
rpl7	LAW	0.00102172	5.92208e-05	17.2527	729	/work/cyu/stickleback_nuclear_only.fa	1
rpl7	PACH	0.000363487	0.000288991	1.25778	729	/work/cyu/stickleback_nuclear_only.fa	1
rpl7	RS	0.000681626	0.000302197	2.25557	729	/work/cyu/stickleback_nuclear_only.fa	1
rpl7	SC	0.00267366	7.08893e-05	37.7159	729	/work/cyu/stickleback_nuclear_only.fa	1
rpl7	LB	0.0028385	0.00016825	16.8707	729	/work/cyu/stickleback_nuclear_only.fa	1
rpl7	CH	0.00288636	3.82368e-05	75.4865	729	/work/cyu/stickleback_nuclear_only.fa	1
rpl7	LG	0.000987385	8.09969e-05	12.1904	729	/work/cyu/stickleback_nuclear_only.fa	1
rpl7	SR	0.00239207	2.96541e-05	80.6657	729	/work/cyu/stickleback_nuclear_only.fa	1
rpl7	SL	0.00123849	2.84727e-05	43.4976	729	/work/cyu/stickleback_nuclear_only.fa	1
rpl7	TL	0.000746191	0	NA	729	/work/cyu/stickleback_nuclear_only.fa	1
rpl7	WB	0.0014975	5.89559e-05	25.4003	729	/work/cyu/stickleback_nuclear_only.fa	1
rpl7	WT	0.00156828	0	NA	729	/work/cyu/stickleback_nuclear_only.fa	1
rpl7	WK	0.00202402	7.03235e-05	28.7816	729	/work/cyu/stickleback_nuclear_only.fa	1
rpl7	SWA	0.00068357	7.18789e-05	9.51002	729	/work/cyu/stickleback_nuclear_only.fa	1
rpl7a	THE	0.000456032	0.000594699	0.766828	789	/work/cyu/stickleback_nuclear_only.fa	1
rpl7a	JOE	0.00105278	0.00137603	0.76509	789	/work/cyu/stickleback_nuclear_only.fa	1
rpl7a	BEA	0.000277835	0.000100423	2.76665	789	/work/cyu/stickleback_nuclear_only.fa	1
rpl7a	MUC	0.000330875	0.000456342	0.72506	789	/work/cyu/stickleback_nuclear_only.fa	1
rpl7a	PYE	0.000610044	0.00116773	0.522418	789	/work/cyu/stickleback_nuclear_only.fa	1
rpl7a	AMO	0.00054718	0.000730536	0.749012	789	/work/cyu/stickleback_nuclear_only.fa	1
rpl7a	SAY	0.00113364	0.000623419	1.81842	789	/work/cyu/stickleback_nuclear_only.fa	1
rpl7a	GOS	0.000752759	0.000539764	1.39461	789	/work/cyu/stickleback_nuclear_only.fa	1
rpl7a	ROB	0.00137373	0.000281328	4.88301	789	/work/cyu/stickleback_nuclear_only.fa	1
rpl7a	FG	0.000968004	0.00097356	0.994293	789	/work/cyu/stickleback_nuclear_only.fa	1
rpl7a	BOOT	0.00048301	0.000208108	2.32096	789	/work/cyu/stickleback_nuclear_only.fa	1
rpl7a	ECHO	0.000636617	0.000654088	0.973289	789	/work/cyu/stickleback_nuclear_only.fa	1
rpl7a	FRED	0.000903288	0.00116463	0.775598	789	/work/cyu/stickleback_nuclear_only.fa	1
rpl7a	LAW	0.00052152	0.000755568	0.690235	789	/work/cyu/stickleback_nuclear_only.fa	1
rpl7a	PACH	0.000615078	0.00111771	0.550302	789	/work/cyu/stickleback_nuclear_only.fa	1
rpl7a	RS	0.00177868	0.00107047	1.66159	789	/work/cyu/stickleback_nuclear_only.fa	1
rpl7a	SC	0.00120986	0.000522111	2.31725	789	/work/cyu/stickleback_nuclear_only.fa	1
rpl7a	LB	0.000848409	0.000568699	1.49184	789	/work/cyu/stickleback_nuclear_only.fa	1
rpl7a	CH	0.00112168	0.000704248	1.59273	789	/work/cyu/stickleback_nuclear_only.fa	1
rpl7a	LG	0.00100159	0.000707345	1.41598	789	/work/cyu/stickleback_nuclear_only.fa	1
rpl7a	SR	0.000665075	0.00118423	0.561609	789	/work/cyu/stickleback_nuclear_only.fa	1
rpl7a	SL	0.000970552	0.00127082	0.763722	789	/work/cyu/stickleback_nuclear_only.fa	1
rpl7a	TL	0.000166174	0.000448144	0.370806	789	/work/cyu/stickleback_nuclear_only.fa	1
rpl7a	WB	0.000966687	0.000556284	1.73776	789	/work/cyu/stickleback_nuclear_only.fa	1
rpl7a	WT	0.00130678	0.000721741	1.8106	789	/work/cyu/stickleback_nuclear_only.fa	1
rpl7a	WK	0.000962374	0.000163299	5.89333	789	/work/cyu/stickleback_nuclear_only.fa	1
rpl7a	SWA	0.00117424	0.000628681	1.86779	789	/work/cyu/stickleback_nuclear_only.fa	1
rpl7l1	THE	0.000800082	5.6659e-05	14.121	735	/work/cyu/stickleback_nuclear_only.fa	1
rpl7l1	JOE	0.000346669	0.000111826	3.10006	735	/work/cyu/stickleback_nuclear_only.fa	1
rpl7l1	BEA	0.000637822	5.74825e-05	11.0959	735	/work/cyu/stickleback_nuclear_only.fa	1
rpl7l1	MUC	0.000151205	5.36826e-05	2.81664	735	/work/cyu/stickleback_nuclear_only.fa	1
rpl7l1	PYE	0.000582412	0.000180635	3.22425	735	/work/cyu/stickleback_nuclear_only.fa	1
rpl7l1	AMO	0.000626629	6.57329e-05	9.53295	735	/work/cyu/stickleback_nuclear_only.fa	1
rpl7l1	SAY	0.00114231	0.000144384	7.91158	735	/work/cyu/stickleback_nuclear_only.fa	1
rpl7l1	GOS	0.000654872	6.41461e-05	10.2091	735	/work/cyu/stickleback_nuclear_only.fa	1
rpl7l1	ROB	0.00108869	0.00011907	9.14332	735	/work/cyu/stickleback_nuclear_only.fa	1
rpl7l1	FG	0.000290891	0.00018153	1.60244	735	/work/cyu/stickleback_nuclear_only.fa	1
rpl7l1	BOOT	0.00055312	0	NA	735	/work/cyu/stickleback_nuclear_only.fa	1
rpl7l1	ECHO	0.000213134	7.95602e-05	2.67891	735	/work/cyu/stickleback_nuclear_only.fa	1
rpl7l1	FRED	0.00126439	0.000298503	4.23576	735	/work/cyu/stickleback_nuclear_only.fa	1
rpl7l1	LAW	0.00144975	6.18149e-05	23.4531	735	/work/cyu/stickleback_nuclear_only.fa	1
rpl7l1	PACH	0.00127289	9.12199e-05	13.954	735	/work/cyu/stickleback_nuclear_only.fa	1
rpl7l1	RS	0.00183879	0.000348133	5.28186	735	/work/cyu/stickleback_nuclear_only.fa	1
rpl7l1	SC	0.00118608	9.06233e-05	13.088	735	/work/cyu/stickleback_nuclear_only.fa	1
rpl7l1	LB	0.00129723	0.000124194	10.4451	735	/work/cyu/stickleback_nuclear_only.fa	1
rpl7l1	CH	0.00101778	8.77077e-05	11.6042	735	/work/cyu/stickleback_nuclear_only.fa	1
rpl7l1	LG	0.000564171	6.19319e-05	9.10954	735	/work/cyu/stickleback_nuclear_only.fa	1
rpl7l1	SR	0.00085897	2.22395e-05	38.6236	735	/work/cyu/stickleback_nuclear_only.fa	1
rpl7l1	SL	0.000519086	7.43285e-05	6.98367	735	/work/cyu/stickleback_nuclear_only.fa	1
rpl7l1	TL	0.000414478	1.72673e-05	24.0037	735	/work/cyu/stickleback_nuclear_only.fa	1
rpl7l1	WB	0.00144066	2.29844e-05	62.6798	735	/work/cyu/stickleback_nuclear_only.fa	1
rpl7l1	WT	0.000997927	0.000126653	7.87922	735	/work/cyu/stickleback_nuclear_only.fa	1
rpl7l1	WK	0.000980397	7.69209e-05	12.7455	735	/work/cyu/stickleback_nuclear_only.fa	1
rpl7l1	SWA	0.000835703	7.74529e-05	10.7898	735	/work/cyu/stickleback_nuclear_only.fa	1
rpl8	THE	0.00238831	0.000497715	4.79855	765	/work/cyu/stickleback_nuclear_only.fa	1
rpl8	JOE	0.000865308	0.00074433	1.16253	765	/work/cyu/stickleback_nuclear_only.fa	1
rpl8	BEA	0.00037989	0.000492435	0.771451	765	/work/cyu/stickleback_nuclear_only.fa	1
rpl8	MUC	0.000217781	7.1406e-05	3.0499	765	/work/cyu/stickleback_nuclear_only.fa	1
rpl8	PYE	0.00133066	0.00071596	1.85857	765	/work/cyu/stickleback_nuclear_only.fa	1
rpl8	AMO	0.00145893	0.000607726	2.40063	765	/work/cyu/stickleback_nuclear_only.fa	1
rpl8	SAY	0.0015946	0.000801542	1.98942	765	/work/cyu/stickleback_nuclear_only.fa	1
rpl8	GOS	0.000397341	0.000569784	0.697353	765	/work/cyu/stickleback_nuclear_only.fa	1
rpl8	ROB	0.000911289	0.000300978	3.02775	765	/work/cyu/stickleback_nuclear_only.fa	1
rpl8	FG	0.00131462	0.000711844	1.84678	765	/work/cyu/stickleback_nuclear_only.fa	1
rpl8	BOOT	0.000646463	0.000691922	0.934301	765	/work/cyu/stickleback_nuclear_only.fa	1
rpl8	ECHO	0.000168487	0.000361531	0.466039	765	/work/cyu/stickleback_nuclear_only.fa	1
rpl8	FRED	0.000997184	0.000399484	2.49618	765	/work/cyu/stickleback_nuclear_only.fa	1
rpl8	LAW	0.000746962	0.000718484	1.03964	765	/work/cyu/stickleback_nuclear_only.fa	1
rpl8	PACH	0.000954269	0.000395016	2.41577	765	/work/cyu/stickleback_nuclear_only.fa	1
rpl8	RS	0.0025129	0.00133248	1.88588	765	/work/cyu/stickleback_nuclear_only.fa	1
rpl8	SC	0.00157558	0.000893145	1.76408	765	/work/cyu/stickleback_nuclear_only.fa	1
rpl8	LB	0.00298901	0.000675385	4.42564	765	/work/cyu/stickleback_nuclear_only.fa	1
rpl8	CH	0.00162619	0.000788118	2.06338	765	/work/cyu/stickleback_nuclear_only.fa	1
rpl8	LG	0.00150816	0.001107	1.36238	765	/work/cyu/stickleback_nuclear_only.fa	1
rpl8	SR	0.000755077	0.00017383	4.34376	765	/work/cyu/stickleback_nuclear_only.fa	1
rpl8	SL	0.000861973	0.000465246	1.85273	765	/work/cyu/stickleback_nuclear_only.fa	1
rpl8	TL	0.000230881	0.0006075	0.38005	765	/work/cyu/stickleback_nuclear_only.fa	1
rpl8	WB	0.00139751	0.000579979	2.40959	765	/work/cyu/stickleback_nuclear_only.fa	1
rpl8	WT	0.00120342	0.00082002	1.46756	765	/work/cyu/stickleback_nuclear_only.fa	1
rpl8	WK	0.00096415	0.000254036	3.79533	765	/work/cyu/stickleback_nuclear_only.fa	1
rpl8	SWA	0.000208563	8.86353e-05	2.35305	765	/work/cyu/stickleback_nuclear_only.fa	1
rpl9	THE	0.00191137	2.33858e-05	81.7322	570	/work/cyu/stickleback_nuclear_only.fa	1
rpl9	JOE	0.00286543	0.000122024	23.4825	570	/work/cyu/stickleback_nuclear_only.fa	1
rpl9	BEA	0.00168433	8.10859e-05	20.7722	570	/work/cyu/stickleback_nuclear_only.fa	1
rpl9	MUC	0.000607938	0.000462059	1.31572	570	/work/cyu/stickleback_nuclear_only.fa	1
rpl9	PYE	0.00237165	0.000180824	13.1158	570	/work/cyu/stickleback_nuclear_only.fa	1
rpl9	AMO	0.00273376	0.000198143	13.7969	570	/work/cyu/stickleback_nuclear_only.fa	1
rpl9	SAY	0.00231776	0.000117407	19.7412	570	/work/cyu/stickleback_nuclear_only.fa	1
rpl9	GOS	0.00162013	7.99014e-05	20.2766	570	/work/cyu/stickleback_nuclear_only.fa	1
rpl9	ROB	0.0016732	0	NA	570	/work/cyu/stickleback_nuclear_only.fa	1
rpl9	FG	0.003111	6.40294e-05	48.587	570	/work/cyu/stickleback_nuclear_only.fa	1
rpl9	BOOT	0.00189376	3.81214e-05	49.6772	570	/work/cyu/stickleback_nuclear_only.fa	1
rpl9	ECHO	0.000605357	0.000116472	5.19744	570	/work/cyu/stickleback_nuclear_only.fa	1
rpl9	FRED	0.00192979	4.66671e-05	41.3522	570	/work/cyu/stickleback_nuclear_only.fa	1
rpl9	LAW	0.00144788	0.000106016	13.6572	570	/work/cyu/stickleback_nuclear_only.fa	1
rpl9	PACH	0.00125697	9.51132e-05	13.2155	570	/work/cyu/stickleback_nuclear_only.fa	1
rpl9	RS	0.00377551	0.000373926	10.097	570	/work/cyu/stickleback_nuclear_only.fa	1
rpl9	SC	0.00236417	9.37798e-05	25.2098	570	/work/cyu/stickleback_nuclear_only.fa	1
rpl9	LB	0.00238029	0.000125433	18.9765	570	/work/cyu/stickleback_nuclear_only.fa	1
rpl9	CH	0.00267432	0.000400551	6.6766	570	/work/cyu/stickleback_nuclear_only.fa	1
rpl9	LG	0.00294669	7.82158e-05	37.6738	570	/work/cyu/stickleback_nuclear_only.fa	1
rpl9	SR	0.00270728	4.10122e-05	66.0117	570	/work/cyu/stickleback_nuclear_only.fa	1
rpl9	SL	0.00298383	9.45193e-05	31.5685	570	/work/cyu/stickleback_nuclear_only.fa	1
rpl9	TL	0.00315626	0	NA	570	/work/cyu/stickleback_nuclear_only.fa	1
rpl9	WB	0.00269278	3.75185e-05	71.7721	570	/work/cyu/stickleback_nuclear_only.fa	1
rpl9	WT	0.00278301	0.000467913	5.94772	570	/work/cyu/stickleback_nuclear_only.fa	1
rpl9	WK	0.00179007	5.15049e-05	34.7553	570	/work/cyu/stickleback_nuclear_only.fa	1
rpl9	SWA	0.0016569	8.51273e-05	19.4637	570	/work/cyu/stickleback_nuclear_only.fa	1
rplp0	THE	0.000109345	0.000205463	0.532189	945	/work/cyu/stickleback_nuclear_only.fa	1
rplp0	JOE	0.000284975	3.5482e-05	8.03155	945	/work/cyu/stickleback_nuclear_only.fa	1
rplp0	BEA	0.000154733	2.60426e-05	5.94153	945	/work/cyu/stickleback_nuclear_only.fa	1
rplp0	MUC	0.000155527	2.22351e-05	6.99467	945	/work/cyu/stickleback_nuclear_only.fa	1
rplp0	PYE	0.000630224	0.00038984	1.61662	945	/work/cyu/stickleback_nuclear_only.fa	1
rplp0	AMO	0.000508779	0.000390824	1.30181	945	/work/cyu/stickleback_nuclear_only.fa	1
rplp0	SAY	0.000353859	0.000220749	1.60299	945	/work/cyu/stickleback_nuclear_only.fa	1
rplp0	GOS	0.000317794	0.000283029	1.12283	945	/work/cyu/stickleback_nuclear_only.fa	1
rplp0	ROB	0.00024118	0.000491928	0.490275	945	/work/cyu/stickleback_nuclear_only.fa	1
rplp0	FG	0.000183166	0.000101248	1.80908	945	/work/cyu/stickleback_nuclear_only.fa	1
rplp0	BOOT	0.0002689	0.000210017	1.28038	945	/work/cyu/stickleback_nuclear_only.fa	1
rplp0	ECHO	0.000239718	2.81355e-05	8.52011	945	/work/cyu/stickleback_nuclear_only.fa	1
rplp0	FRED	0.000155757	8.75442e-05	1.77918	945	/work/cyu/stickleback_nuclear_only.fa	1
rplp0	LAW	0.000131297	0.000822598	0.159612	945	/work/cyu/stickleback_nuclear_only.fa	1
rplp0	PACH	0.000342865	8.7902e-05	3.90054	945	/work/cyu/stickleback_nuclear_only.fa	1
rplp0	RS	0.00103728	0.0002692	3.8532	945	/work/cyu/stickleback_nuclear_only.fa	1
rplp0	SC	0.000493939	7.94008e-05	6.22083	945	/work/cyu/stickleback_nuclear_only.fa	1
rplp0	LB	0.000705811	0.000104854	6.73134	945	/work/cyu/stickleback_nuclear_only.fa	1
rplp0	CH	0.000411381	7.73924e-05	5.31552	945	/work/cyu/stickleback_nuclear_only.fa	1
rplp0	LG	0.000187927	4.74666e-05	3.95914	945	/work/cyu/stickleback_nuclear_only.fa	1
rplp0	SR	0.000126224	8.82928e-05	1.42961	945	/work/cyu/stickleback_nuclear_only.fa	1
rplp0	SL	0.000209022	1.83676e-05	11.3799	945	/work/cyu/stickleback_nuclear_only.fa	1
rplp0	TL	0.000254313	0.000133762	1.90123	945	/work/cyu/stickleback_nuclear_only.fa	1
rplp0	WB	0.000660553	0.000195199	3.384	945	/work/cyu/stickleback_nuclear_only.fa	1
rplp0	WT	0.000315567	1.47768e-05	21.3555	945	/work/cyu/stickleback_nuclear_only.fa	1
rplp0	WK	0.000225795	8.75736e-05	2.57835	945	/work/cyu/stickleback_nuclear_only.fa	1
rplp0	SWA	0.000277115	0	NA	945	/work/cyu/stickleback_nuclear_only.fa	1
rplp1	THE	0.000232572	0	NA	342	/work/cyu/stickleback_nuclear_only.fa	1
rplp1	JOE	0.00148127	9.38205e-05	15.7883	342	/work/cyu/stickleback_nuclear_only.fa	1
rplp1	BEA	0.00129594	0.000132785	9.75964	342	/work/cyu/stickleback_nuclear_only.fa	1
rplp1	MUC	0.000111775	0	NA	342	/work/cyu/stickleback_nuclear_only.fa	1
rplp1	PYE	0.000150839	6.01003e-05	2.5098	342	/work/cyu/stickleback_nuclear_only.fa	1
rplp1	AMO	0.00150559	0	NA	342	/work/cyu/stickleback_nuclear_only.fa	1
rplp1	SAY	0.00097678	0.000510227	1.9144	342	/work/cyu/stickleback_nuclear_only.fa	1
rplp1	GOS	0.000676482	6.51319e-05	10.3863	342	/work/cyu/stickleback_nuclear_only.fa	1
rplp1	ROB	0.000493336	0.00013716	3.59679	342	/work/cyu/stickleback_nuclear_only.fa	1
rplp1	FG	0.000309372	0.000106067	2.91676	342	/work/cyu/stickleback_nuclear_only.fa	1
rplp1	BOOT	0.00113813	0.00169711	0.670628	342	/work/cyu/stickleback_nuclear_only.fa	1
rplp1	ECHO	0.00162908	0	NA	342	/work/cyu/stickleback_nuclear_only.fa	1
rplp1	FRED	0.000278345	0.000373032	0.74617	342	/work/cyu/stickleback_nuclear_only.fa	1
rplp1	LAW	0.00156934	0.000297616	5.27304	342	/work/cyu/stickleback_nuclear_only.fa	1
rplp1	PACH	0.000285758	0	NA	342	/work/cyu/stickleback_nuclear_only.fa	1
rplp1	RS	0.00102447	0.000447868	2.28745	342	/work/cyu/stickleback_nuclear_only.fa	1
rplp1	SC	0.000253527	0.000245408	1.03308	342	/work/cyu/stickleback_nuclear_only.fa	1
rplp1	LB	0.000229555	0.000112578	2.03907	342	/work/cyu/stickleback_nuclear_only.fa	1
rplp1	CH	0.000538097	0.000114032	4.71884	342	/work/cyu/stickleback_nuclear_only.fa	1
rplp1	LG	0.000516736	0.000209327	2.46855	342	/work/cyu/stickleback_nuclear_only.fa	1
rplp1	SR	0.000878697	9.84174e-05	8.92827	342	/work/cyu/stickleback_nuclear_only.fa	1
rplp1	SL	0.00184048	9.12607e-05	20.1673	342	/work/cyu/stickleback_nuclear_only.fa	1
rplp1	TL	4.2756e-05	0	NA	342	/work/cyu/stickleback_nuclear_only.fa	1
rplp1	WB	0.000106612	0.000227618	0.468382	342	/work/cyu/stickleback_nuclear_only.fa	1
rplp1	WT	0.000184349	3.94607e-05	4.67171	342	/work/cyu/stickleback_nuclear_only.fa	1
rplp1	WK	0.000671506	0	NA	342	/work/cyu/stickleback_nuclear_only.fa	1
rplp1	SWA	0.001319	4.86648e-05	27.1038	342	/work/cyu/stickleback_nuclear_only.fa	1
rplp2	THE	9.92018e-05	0.000107527	0.922571	330	/work/cyu/stickleback_nuclear_only.fa	1
rplp2	JOE	0.000487521	4.65638e-05	10.47	330	/work/cyu/stickleback_nuclear_only.fa	1
rplp2	BEA	0.00166978	0.000333463	5.0074	330	/work/cyu/stickleback_nuclear_only.fa	1
rplp2	MUC	0.000401963	0.000189828	2.11751	330	/work/cyu/stickleback_nuclear_only.fa	1
rplp2	PYE	0.000250296	0.000689144	0.363199	330	/work/cyu/stickleback_nuclear_only.fa	1
rplp2	AMO	0.000302544	0.000706125	0.428456	330	/work/cyu/stickleback_nuclear_only.fa	1
rplp2	SAY	0.000493236	0.000340549	1.44836	330	/work/cyu/stickleback_nuclear_only.fa	1
rplp2	GOS	0.000211208	0.000119734	1.76397	330	/work/cyu/stickleback_nuclear_only.fa	1
rplp2	ROB	0.000191453	0.000141217	1.35573	330	/work/cyu/stickleback_nuclear_only.fa	1
rplp2	FG	0.000171172	9.73435e-05	1.75843	330	/work/cyu/stickleback_nuclear_only.fa	1
rplp2	BOOT	0.000487237	0	NA	330	/work/cyu/stickleback_nuclear_only.fa	1
rplp2	ECHO	0.000446003	0	NA	330	/work/cyu/stickleback_nuclear_only.fa	1
rplp2	FRED	6.51755e-05	0.00129265	0.0504202	330	/work/cyu/stickleback_nuclear_only.fa	1
rplp2	LAW	0.000336849	0.000266572	1.26363	330	/work/cyu/stickleback_nuclear_only.fa	1
rplp2	PACH	0.000393101	0.00147301	0.266868	330	/work/cyu/stickleback_nuclear_only.fa	1
rplp2	RS	0.000823931	0.000998218	0.825401	330	/work/cyu/stickleback_nuclear_only.fa	1
rplp2	SC	0.00072064	0.000557095	1.29357	330	/work/cyu/stickleback_nuclear_only.fa	1
rplp2	LB	0.000380614	9.48306e-05	4.01362	330	/work/cyu/stickleback_nuclear_only.fa	1
rplp2	CH	0.00025248	0.000725083	0.348209	330	/work/cyu/stickleback_nuclear_only.fa	1
rplp2	LG	0.000202514	0.000462347	0.438013	330	/work/cyu/stickleback_nuclear_only.fa	1
rplp2	SR	0.000193802	0.000853757	0.226999	330	/work/cyu/stickleback_nuclear_only.fa	1
rplp2	SL	0.00108628	4.35823e-05	24.9248	330	/work/cyu/stickleback_nuclear_only.fa	1
rplp2	TL	0.000429964	0.00118493	0.36286	330	/work/cyu/stickleback_nuclear_only.fa	1
rplp2	WB	0.00049205	0.000927978	0.530239	330	/work/cyu/stickleback_nuclear_only.fa	1
rplp2	WT	5.69456e-05	5.25281e-05	1.0841	330	/work/cyu/stickleback_nuclear_only.fa	1
rplp2	WK	0.000233878	6.27908e-05	3.72471	330	/work/cyu/stickleback_nuclear_only.fa	1
rplp2	SWA	0.000152632	0.000321512	0.474734	330	/work/cyu/stickleback_nuclear_only.fa	1
rps10	THE	0.000883035	9.7358e-05	9.06998	528	/work/cyu/stickleback_nuclear_only.fa	1
rps10	JOE	0.00189793	0.000176752	10.7378	528	/work/cyu/stickleback_nuclear_only.fa	1
rps10	BEA	0.000434634	0.000174197	2.49507	528	/work/cyu/stickleback_nuclear_only.fa	1
rps10	MUC	0.000360085	3.63854e-05	9.89643	528	/work/cyu/stickleback_nuclear_only.fa	1
rps10	PYE	0.00140546	0.000129316	10.8684	528	/work/cyu/stickleback_nuclear_only.fa	1
rps10	AMO	0.00108567	0.000592527	1.83227	528	/work/cyu/stickleback_nuclear_only.fa	1
rps10	SAY	0.00114647	0.000763112	1.50236	528	/work/cyu/stickleback_nuclear_only.fa	1
rps10	GOS	0.000171503	0.000960125	0.178626	528	/work/cyu/stickleback_nuclear_only.fa	1
rps10	ROB	0.00110725	0.000821709	1.3475	528	/work/cyu/stickleback_nuclear_only.fa	1
rps10	FG	0.00121422	0	NA	528	/work/cyu/stickleback_nuclear_only.fa	1
rps10	BOOT	0.00117579	0.000914784	1.28531	528	/work/cyu/stickleback_nuclear_only.fa	1
rps10	ECHO	0.000589124	0.000919895	0.640425	528	/work/cyu/stickleback_nuclear_only.fa	1
rps10	FRED	4.162e-05	0.000104381	0.39873	528	/work/cyu/stickleback_nuclear_only.fa	1
rps10	LAW	0.00210686	0.00098458	2.13985	528	/work/cyu/stickleback_nuclear_only.fa	1
rps10	PACH	0.000850447	0	NA	528	/work/cyu/stickleback_nuclear_only.fa	1
rps10	RS	0.00173792	0.000646841	2.68677	528	/work/cyu/stickleback_nuclear_only.fa	1
rps10	SC	0.00116193	7.78061e-05	14.9336	528	/work/cyu/stickleback_nuclear_only.fa	1
rps10	LB	0.00108692	0.000360562	3.01452	528	/work/cyu/stickleback_nuclear_only.fa	1
rps10	CH	0.000953717	0.000295844	3.22371	528	/work/cyu/stickleback_nuclear_only.fa	1
rps10	LG	0.000933178	0.000181549	5.14008	528	/work/cyu/stickleback_nuclear_only.fa	1
rps10	SR	0.00114314	7.14059e-05	16.009	528	/work/cyu/stickleback_nuclear_only.fa	1
rps10	SL	0.000533144	0.000125124	4.26093	528	/work/cyu/stickleback_nuclear_only.fa	1
rps10	TL	0.000868292	0.000114139	7.60735	528	/work/cyu/stickleback_nuclear_only.fa	1
rps10	WB	0.000919102	4.32637e-05	21.2442	528	/work/cyu/stickleback_nuclear_only.fa	1
rps10	WT	0.0010958	8.21358e-05	13.3413	528	/work/cyu/stickleback_nuclear_only.fa	1
rps10	WK	0.00113347	3.12037e-05	36.3249	528	/work/cyu/stickleback_nuclear_only.fa	1
rps10	SWA	0.000502072	0.000135405	3.70793	528	/work/cyu/stickleback_nuclear_only.fa	1
rps12	THE	0.000552311	0.000131531	4.19908	399	/work/cyu/stickleback_nuclear_only.fa	1
rps12	JOE	0.000460733	0.000149153	3.08899	399	/work/cyu/stickleback_nuclear_only.fa	1
rps12	BEA	0.000246209	0.000100896	2.44022	399	/work/cyu/stickleback_nuclear_only.fa	1
rps12	MUC	0.000175101	4.43484e-05	3.94829	399	/work/cyu/stickleback_nuclear_only.fa	1
rps12	PYE	0.00217183	3.9232e-05	55.3585	399	/work/cyu/stickleback_nuclear_only.fa	1
rps12	AMO	0.00141305	0.000335608	4.21042	399	/work/cyu/stickleback_nuclear_only.fa	1
rps12	SAY	0.00047696	0.000169604	2.81219	399	/work/cyu/stickleback_nuclear_only.fa	1
rps12	GOS	6.52497e-05	6.61079e-05	0.987018	399	/work/cyu/stickleback_nuclear_only.fa	1
rps12	ROB	0.000812331	0.000119027	6.82474	399	/work/cyu/stickleback_nuclear_only.fa	1
rps12	FG	0.000344583	0	NA	399	/work/cyu/stickleback_nuclear_only.fa	1
rps12	BOOT	0.000181031	6.41071e-05	2.82388	399	/work/cyu/stickleback_nuclear_only.fa	1
rps12	ECHO	0.000541913	5.11593e-05	10.5927	399	/work/cyu/stickleback_nuclear_only.fa	1
rps12	FRED	0.000880847	0.000319147	2.76	399	/work/cyu/stickleback_nuclear_only.fa	1
rps12	LAW	0.000335673	0.000176465	1.9022	399	/work/cyu/stickleback_nuclear_only.fa	1
rps12	PACH	0.000279135	5.81562e-05	4.79975	399	/work/cyu/stickleback_nuclear_only.fa	1
rps12	RS	0.00156056	0.000397604	3.92491	399	/work/cyu/stickleback_nuclear_only.fa	1
rps12	SC	0.00111875	5.80183e-05	19.2828	399	/work/cyu/stickleback_nuclear_only.fa	1
rps12	LB	0.000344685	9.23457e-05	3.73255	399	/work/cyu/stickleback_nuclear_only.fa	1
rps12	CH	0.00134575	0.00010707	12.5689	399	/work/cyu/stickleback_nuclear_only.fa	1
rps12	LG	0.000945617	4.45164e-05	21.242	399	/work/cyu/stickleback_nuclear_only.fa	1
rps12	SR	0.000768263	8.65838e-05	8.87305	399	/work/cyu/stickleback_nuclear_only.fa	1
rps12	SL	0.00054863	0.000100922	5.43616	399	/work/cyu/stickleback_nuclear_only.fa	1
rps12	TL	0.00253617	0.000155974	16.2602	399	/work/cyu/stickleback_nuclear_only.fa	1
rps12	WB	0.00169878	0	NA	399	/work/cyu/stickleback_nuclear_only.fa	1
rps12	WT	0.000598688	8.68951e-05	6.88978	399	/work/cyu/stickleback_nuclear_only.fa	1
rps12	WK	0.00015015	8.12523e-05	1.84795	399	/work/cyu/stickleback_nuclear_only.fa	1
rps12	SWA	0.000278348	9.683e-05	2.87461	399	/work/cyu/stickleback_nuclear_only.fa	1
rps13	THE	0.000102875	3.54556e-05	2.90152	447	/work/cyu/stickleback_nuclear_only.fa	1
rps13	JOE	0.00010794	5.69972e-05	1.89378	447	/work/cyu/stickleback_nuclear_only.fa	1
rps13	BEA	0.000233635	5.94016e-05	3.93315	447	/work/cyu/stickleback_nuclear_only.fa	1
rps13	MUC	0.000333371	0.000410237	0.81263	447	/work/cyu/stickleback_nuclear_only.fa	1
rps13	PYE	0.000164322	3.29893e-05	4.98105	447	/work/cyu/stickleback_nuclear_only.fa	1
rps13	AMO	7.64391e-05	4.65027e-05	1.64376	447	/work/cyu/stickleback_nuclear_only.fa	1
rps13	SAY	0.000238006	0.000371633	0.640433	447	/work/cyu/stickleback_nuclear_only.fa	1
rps13	GOS	6.79458e-05	0	NA	447	/work/cyu/stickleback_nuclear_only.fa	1
rps13	ROB	0.000390994	0	NA	447	/work/cyu/stickleback_nuclear_only.fa	1
rps13	FG	0.000157774	0	NA	447	/work/cyu/stickleback_nuclear_only.fa	1
rps13	BOOT	9.41526e-05	0	NA	447	/work/cyu/stickleback_nuclear_only.fa	1
rps13	ECHO	0.000185518	0	NA	447	/work/cyu/stickleback_nuclear_only.fa	1
rps13	FRED	9.61979e-05	0	NA	447	/work/cyu/stickleback_nuclear_only.fa	1
rps13	LAW	0.000193858	0	NA	447	/work/cyu/stickleback_nuclear_only.fa	1
rps13	PACH	0.000199394	9.51705e-05	2.09512	447	/work/cyu/stickleback_nuclear_only.fa	1
rps13	RS	0.000630227	0.000254174	2.47951	447	/work/cyu/stickleback_nuclear_only.fa	1
rps13	SC	0.000104381	0.000115014	0.907554	447	/work/cyu/stickleback_nuclear_only.fa	1
rps13	LB	0.000246173	7.09399e-05	3.47016	447	/work/cyu/stickleback_nuclear_only.fa	1
rps13	CH	0.000179819	0.000123168	1.45995	447	/work/cyu/stickleback_nuclear_only.fa	1
rps13	LG	0.000630505	0.000174054	3.62246	447	/work/cyu/stickleback_nuclear_only.fa	1
rps13	SR	0.000289452	4.78477e-05	6.04944	447	/work/cyu/stickleback_nuclear_only.fa	1
rps13	SL	8.0875e-05	0.000101869	0.79391	447	/work/cyu/stickleback_nuclear_only.fa	1
rps13	TL	0.000166234	0	NA	447	/work/cyu/stickleback_nuclear_only.fa	1
rps13	WB	0.000104597	6.71144e-05	1.55849	447	/work/cyu/stickleback_nuclear_only.fa	1
rps13	WT	0.000235459	0	NA	447	/work/cyu/stickleback_nuclear_only.fa	1
rps13	WK	0.000532343	0	NA	447	/work/cyu/stickleback_nuclear_only.fa	1
rps13	SWA	0.000264989	0	NA	447	/work/cyu/stickleback_nuclear_only.fa	1
rps14	THE	0.000300662	0.000106839	2.81417	465	/work/cyu/stickleback_nuclear_only.fa	1
rps14	JOE	0.000432764	0.000239732	1.8052	465	/work/cyu/stickleback_nuclear_only.fa	1
rps14	BEA	0.000415612	0.000240448	1.72849	465	/work/cyu/stickleback_nuclear_only.fa	1
rps14	MUC	0.000187119	0	NA	465	/work/cyu/stickleback_nuclear_only.fa	1
rps14	PYE	0.000344269	5.60999e-05	6.1367	465	/work/cyu/stickleback_nuclear_only.fa	1
rps14	AMO	0.000358926	6.37596e-05	5.62936	465	/work/cyu/stickleback_nuclear_only.fa	1
rps14	SAY	0.0010759	0.000577516	1.86298	465	/work/cyu/stickleback_nuclear_only.fa	1
rps14	GOS	0.000502002	7.6972e-05	6.52188	465	/work/cyu/stickleback_nuclear_only.fa	1
rps14	ROB	0.00202225	0.000865355	2.33691	465	/work/cyu/stickleback_nuclear_only.fa	1
rps14	FG	0.000173445	3.65806e-05	4.74144	465	/work/cyu/stickleback_nuclear_only.fa	1
rps14	BOOT	0.000285859	0	NA	465	/work/cyu/stickleback_nuclear_only.fa	1
rps14	ECHO	0.000254075	4.48029e-05	5.67095	465	/work/cyu/stickleback_nuclear_only.fa	1
rps14	FRED	0.000340998	0.00012967	2.62973	465	/work/cyu/stickleback_nuclear_only.fa	1
rps14	LAW	0.000461099	0.000194045	2.37625	465	/work/cyu/stickleback_nuclear_only.fa	1
rps14	PACH	0.000538912	0.000222392	2.42325	465	/work/cyu/stickleback_nuclear_only.fa	1
rps14	RS	0.00114802	0.000280883	4.08719	465	/work/cyu/stickleback_nuclear_only.fa	1
rps14	SC	0.000501508	0.000159985	3.13472	465	/work/cyu/stickleback_nuclear_only.fa	1
rps14	LB	0.000854558	0.000304002	2.81103	465	/work/cyu/stickleback_nuclear_only.fa	1
rps14	CH	0.000307805	9.0894e-05	3.38642	465	/work/cyu/stickleback_nuclear_only.fa	1
rps14	LG	0.00150519	0.000786601	1.91354	465	/work/cyu/stickleback_nuclear_only.fa	1
rps14	SR	0.000991056	0.000234923	4.21864	465	/work/cyu/stickleback_nuclear_only.fa	1
rps14	SL	0.000687376	4.04668e-05	16.9862	465	/work/cyu/stickleback_nuclear_only.fa	1
rps14	TL	0.00032864	0.000121709	2.70021	465	/work/cyu/stickleback_nuclear_only.fa	1
rps14	WB	0.00178762	0.000785856	2.27474	465	/work/cyu/stickleback_nuclear_only.fa	1
rps14	WT	0.000890989	0.000326624	2.72788	465	/work/cyu/stickleback_nuclear_only.fa	1
rps14	WK	0.000445696	0.000261365	1.70527	465	/work/cyu/stickleback_nuclear_only.fa	1
rps14	SWA	0.000285752	7.46694e-05	3.8269	465	/work/cyu/stickleback_nuclear_only.fa	1
rps15	THE	0.000142473	5.91693e-05	2.40788	429	/work/cyu/stickleback_nuclear_only.fa	1
rps15	JOE	0.000417512	0.000122863	3.39819	429	/work/cyu/stickleback_nuclear_only.fa	1
rps15	BEA	0.000407229	0.000114526	3.55579	429	/work/cyu/stickleback_nuclear_only.fa	1
rps15	MUC	4.4782e-05	7.46241e-05	0.600101	429	/work/cyu/stickleback_nuclear_only.fa	1
rps15	PYE	0.00131452	7.97726e-05	16.4784	429	/work/cyu/stickleback_nuclear_only.fa	1
rps15	AMO	0.0020051	0.000152094	13.1833	429	/work/cyu/stickleback_nuclear_only.fa	1
rps15	SAY	0.00217498	4.41982e-05	49.2097	429	/work/cyu/stickleback_nuclear_only.fa	1
rps15	GOS	0.00249199	6.58132e-05	37.8646	429	/work/cyu/stickleback_nuclear_only.fa	1
rps15	ROB	0.0016696	5.91509e-05	28.226	429	/work/cyu/stickleback_nuclear_only.fa	1
rps15	FG	0.000101674	3.5179e-05	2.89018	429	/work/cyu/stickleback_nuclear_only.fa	1
rps15	BOOT	0.00246352	6.36513e-05	38.7033	429	/work/cyu/stickleback_nuclear_only.fa	1
rps15	ECHO	0.00252147	0.000128523	19.6188	429	/work/cyu/stickleback_nuclear_only.fa	1
rps15	FRED	0.0013208	6.28317e-05	21.0213	429	/work/cyu/stickleback_nuclear_only.fa	1
rps15	LAW	0.000509905	5.01121e-05	10.1753	429	/work/cyu/stickleback_nuclear_only.fa	1
rps15	PACH	0.00151525	0.000108171	14.0079	429	/work/cyu/stickleback_nuclear_only.fa	1
rps15	RS	0.000899902	0.000250406	3.59377	429	/work/cyu/stickleback_nuclear_only.fa	1
rps15	SC	0.000376884	0.000114174	3.30096	429	/work/cyu/stickleback_nuclear_only.fa	1
rps15	LB	0.000580368	5.4697e-05	10.6106	429	/work/cyu/stickleback_nuclear_only.fa	1
rps15	CH	0.000270625	0.000121039	2.23585	429	/work/cyu/stickleback_nuclear_only.fa	1
rps15	LG	0.000515128	3.1401e-05	16.4048	429	/work/cyu/stickleback_nuclear_only.fa	1
rps15	SR	0.000236196	0	NA	429	/work/cyu/stickleback_nuclear_only.fa	1
rps15	SL	0.000517413	0.000196896	2.62784	429	/work/cyu/stickleback_nuclear_only.fa	1
rps15	TL	0.000579522	4.52266e-05	12.8138	429	/work/cyu/stickleback_nuclear_only.fa	1
rps15	WB	0.000220217	0.000185335	1.18821	429	/work/cyu/stickleback_nuclear_only.fa	1
rps15	WT	0.00239765	9.26648e-05	25.8744	429	/work/cyu/stickleback_nuclear_only.fa	1
rps15	WK	0.00120702	9.56839e-05	12.6147	429	/work/cyu/stickleback_nuclear_only.fa	1
rps15	SWA	0.00131286	0.000126233	10.4003	429	/work/cyu/stickleback_nuclear_only.fa	1
rps15a	THE	0.000115884	0	NA	387	/work/cyu/stickleback_nuclear_only.fa	1
rps15a	JOE	0.000283583	9.94239e-05	2.85226	387	/work/cyu/stickleback_nuclear_only.fa	1
rps15a	BEA	0.000352397	9.27267e-05	3.80038	387	/work/cyu/stickleback_nuclear_only.fa	1
rps15a	MUC	0.000133001	5.48664e-05	2.42408	387	/work/cyu/stickleback_nuclear_only.fa	1
rps15a	PYE	0.000606807	0.000141258	4.29575	387	/work/cyu/stickleback_nuclear_only.fa	1
rps15a	AMO	0.000244138	4.65201e-05	5.24803	387	/work/cyu/stickleback_nuclear_only.fa	1
rps15a	SAY	0.000321564	0.000140125	2.29484	387	/work/cyu/stickleback_nuclear_only.fa	1
rps15a	GOS	0.000266746	0.000126363	2.11096	387	/work/cyu/stickleback_nuclear_only.fa	1
rps15a	ROB	7.29557e-05	0.000114568	0.636787	387	/work/cyu/stickleback_nuclear_only.fa	1
rps15a	FG	7.92143e-05	7.62777e-05	1.0385	387	/work/cyu/stickleback_nuclear_only.fa	1
rps15a	BOOT	0.000176319	5.22183e-05	3.37657	387	/work/cyu/stickleback_nuclear_only.fa	1
rps15a	ECHO	0.000275474	0	NA	387	/work/cyu/stickleback_nuclear_only.fa	1
rps15a	FRED	0.000238807	0	NA	387	/work/cyu/stickleback_nuclear_only.fa	1
rps15a	LAW	0.000183595	6.21619e-05	2.9535	387	/work/cyu/stickleback_nuclear_only.fa	1
rps15a	PACH	0.000120492	5.92783e-05	2.03264	387	/work/cyu/stickleback_nuclear_only.fa	1
rps15a	RS	0.000602255	0.00031542	1.90937	387	/work/cyu/stickleback_nuclear_only.fa	1
rps15a	SC	0.000242987	0.000118968	2.04246	387	/work/cyu/stickleback_nuclear_only.fa	1
rps15a	LB	0.000120068	0.000206705	0.580864	387	/work/cyu/stickleback_nuclear_only.fa	1
rps15a	CH	0.000225611	1.5458e-05	14.5951	387	/work/cyu/stickleback_nuclear_only.fa	1
rps15a	LG	0.000164428	0.00011803	1.3931	387	/work/cyu/stickleback_nuclear_only.fa	1
rps15a	SR	9.32038e-05	0.000102659	0.907895	387	/work/cyu/stickleback_nuclear_only.fa	1
rps15a	SL	0.000194402	0	NA	387	/work/cyu/stickleback_nuclear_only.fa	1
rps15a	TL	0.000134543	0	NA	387	/work/cyu/stickleback_nuclear_only.fa	1
rps15a	WB	0.000154316	0	NA	387	/work/cyu/stickleback_nuclear_only.fa	1
rps15a	WT	0.000151992	0	NA	387	/work/cyu/stickleback_nuclear_only.fa	1
rps15a	WK	0.000240475	8.95483e-05	2.68543	387	/work/cyu/stickleback_nuclear_only.fa	1
rps15a	SWA	0.000276558	4.26536e-05	6.4838	387	/work/cyu/stickleback_nuclear_only.fa	1
rps16	THE	0.000267309	0.000427162	0.625779	465	/work/cyu/stickleback_nuclear_only.fa	1
rps16	JOE	0.000183732	0.000165811	1.10808	465	/work/cyu/stickleback_nuclear_only.fa	1
rps16	BEA	0.000261456	3.91007e-05	6.68674	465	/work/cyu/stickleback_nuclear_only.fa	1
rps16	MUC	0.000125677	0.000132373	0.949419	465	/work/cyu/stickleback_nuclear_only.fa	1
rps16	PYE	0.00012053	0.00051282	0.235034	465	/work/cyu/stickleback_nuclear_only.fa	1
rps16	AMO	0.000356634	0.00110706	0.322144	465	/work/cyu/stickleback_nuclear_only.fa	1
rps16	SAY	0.00018196	0.000964632	0.188631	465	/work/cyu/stickleback_nuclear_only.fa	1
rps16	GOS	0.000219245	0.000874834	0.250613	465	/work/cyu/stickleback_nuclear_only.fa	1
rps16	ROB	0.000361522	0.00106026	0.340975	465	/work/cyu/stickleback_nuclear_only.fa	1
rps16	FG	0.000203213	0.00114569	0.177372	465	/work/cyu/stickleback_nuclear_only.fa	1
rps16	BOOT	0.00033517	0.000332195	1.00896	465	/work/cyu/stickleback_nuclear_only.fa	1
rps16	ECHO	0.000227578	0.00106248	0.214194	465	/work/cyu/stickleback_nuclear_only.fa	1
rps16	FRED	0.00029231	0.000296428	0.986111	465	/work/cyu/stickleback_nuclear_only.fa	1
rps16	LAW	0.000158073	0.000921024	0.171627	465	/work/cyu/stickleback_nuclear_only.fa	1
rps16	PACH	0.0011276	0.000624375	1.80596	465	/work/cyu/stickleback_nuclear_only.fa	1
rps16	RS	0.000921558	0.00108321	0.850768	465	/work/cyu/stickleback_nuclear_only.fa	1
rps16	SC	0.000256706	0.000843926	0.304181	465	/work/cyu/stickleback_nuclear_only.fa	1
rps16	LB	0.000132669	0.000957535	0.138553	465	/work/cyu/stickleback_nuclear_only.fa	1
rps16	CH	0.000219082	0.00108127	0.202615	465	/work/cyu/stickleback_nuclear_only.fa	1
rps16	LG	0.000522452	0.00103907	0.502809	465	/work/cyu/stickleback_nuclear_only.fa	1
rps16	SR	0.000250272	0.000176286	1.41969	465	/work/cyu/stickleback_nuclear_only.fa	1
rps16	SL	0.000179467	0.00113148	0.158613	465	/work/cyu/stickleback_nuclear_only.fa	1
rps16	TL	0.000210413	0	NA	465	/work/cyu/stickleback_nuclear_only.fa	1
rps16	WB	0.00120849	0.00108069	1.11825	465	/work/cyu/stickleback_nuclear_only.fa	1
rps16	WT	0.000480072	0.00106309	0.451582	465	/work/cyu/stickleback_nuclear_only.fa	1
rps16	WK	0.00057989	0.000511071	1.13466	465	/work/cyu/stickleback_nuclear_only.fa	1
rps16	SWA	6.98936e-05	3.86679e-05	1.80754	465	/work/cyu/stickleback_nuclear_only.fa	1
rps17	THE	4.51091e-05	4.77883e-05	0.943936	417	/work/cyu/stickleback_nuclear_only.fa	1
rps17	JOE	0.000143643	0.000215426	0.666785	417	/work/cyu/stickleback_nuclear_only.fa	1
rps17	BEA	0.000216645	0.000124413	1.74134	417	/work/cyu/stickleback_nuclear_only.fa	1
rps17	MUC	7.00989e-05	7.44106e-05	0.942055	417	/work/cyu/stickleback_nuclear_only.fa	1
rps17	PYE	0.000389617	0	NA	417	/work/cyu/stickleback_nuclear_only.fa	1
rps17	AMO	0.000174029	5.89642e-05	2.95143	417	/work/cyu/stickleback_nuclear_only.fa	1
rps17	SAY	0.000337875	0	NA	417	/work/cyu/stickleback_nuclear_only.fa	1
rps17	GOS	0.000204184	8.5832e-05	2.37888	417	/work/cyu/stickleback_nuclear_only.fa	1
rps17	ROB	0.000200244	0.00089808	0.222969	417	/work/cyu/stickleback_nuclear_only.fa	1
rps17	FG	0.000133612	0	NA	417	/work/cyu/stickleback_nuclear_only.fa	1
rps17	BOOT	0.000146725	0	NA	417	/work/cyu/stickleback_nuclear_only.fa	1
rps17	ECHO	0.000220638	0.000100926	2.18613	417	/work/cyu/stickleback_nuclear_only.fa	1
rps17	FRED	0.000134581	0.000156241	0.861365	417	/work/cyu/stickleback_nuclear_only.fa	1
rps17	LAW	0.000352049	0	NA	417	/work/cyu/stickleback_nuclear_only.fa	1
rps17	PACH	6.5418e-05	0	NA	417	/work/cyu/stickleback_nuclear_only.fa	1
rps17	RS	0.000886168	0.000437902	2.02367	417	/work/cyu/stickleback_nuclear_only.fa	1
rps17	SC	0.000412085	0.000141483	2.91262	417	/work/cyu/stickleback_nuclear_only.fa	1
rps17	LB	0.000280252	0.000152809	1.834	417	/work/cyu/stickleback_nuclear_only.fa	1
rps17	CH	0.000479209	2.04245e-05	23.4625	417	/work/cyu/stickleback_nuclear_only.fa	1
rps17	LG	0.000147641	6.50365e-05	2.27012	417	/work/cyu/stickleback_nuclear_only.fa	1
rps17	SR	0.000357775	0.000136823	2.61488	417	/work/cyu/stickleback_nuclear_only.fa	1
rps17	SL	0.000124186	6.03502e-05	2.05775	417	/work/cyu/stickleback_nuclear_only.fa	1
rps17	TL	6.12478e-05	7.01207e-05	0.873463	417	/work/cyu/stickleback_nuclear_only.fa	1
rps17	WB	0.000139746	0	NA	417	/work/cyu/stickleback_nuclear_only.fa	1
rps17	WT	0.000129442	0	NA	417	/work/cyu/stickleback_nuclear_only.fa	1
rps17	WK	0.00013301	6.34165e-05	2.09741	417	/work/cyu/stickleback_nuclear_only.fa	1
rps17	SWA	5.81805e-05	0.000112852	0.515547	417	/work/cyu/stickleback_nuclear_only.fa	1
rps18	THE	0.00020632	0.000823543	0.250527	453	/work/cyu/stickleback_nuclear_only.fa	1
rps18	JOE	0.000361885	0.000200162	1.80796	453	/work/cyu/stickleback_nuclear_only.fa	1
rps18	BEA	0.000249405	0.000894184	0.278919	453	/work/cyu/stickleback_nuclear_only.fa	1
rps18	MUC	0.000177734	7.25193e-05	2.45085	453	/work/cyu/stickleback_nuclear_only.fa	1
rps18	PYE	0.00017982	0.00101143	0.177788	453	/work/cyu/stickleback_nuclear_only.fa	1
rps18	AMO	0.000270328	0.000735971	0.367309	453	/work/cyu/stickleback_nuclear_only.fa	1
rps18	SAY	0.000136294	0.00108991	0.125051	453	/work/cyu/stickleback_nuclear_only.fa	1
rps18	GOS	0.000211212	0.000645541	0.327186	453	/work/cyu/stickleback_nuclear_only.fa	1
rps18	ROB	0.000117231	0.000643236	0.182252	453	/work/cyu/stickleback_nuclear_only.fa	1
rps18	FG	0.000159332	9.85802e-05	1.61627	453	/work/cyu/stickleback_nuclear_only.fa	1
rps18	BOOT	0.00025293	0.000384436	0.657923	453	/work/cyu/stickleback_nuclear_only.fa	1
rps18	ECHO	0.000540003	0.00053709	1.00542	453	/work/cyu/stickleback_nuclear_only.fa	1
rps18	FRED	0.000124835	0.000249872	0.499596	453	/work/cyu/stickleback_nuclear_only.fa	1
rps18	LAW	0.000277821	0.000143593	1.93478	453	/work/cyu/stickleback_nuclear_only.fa	1
rps18	PACH	0.000560297	0	NA	453	/work/cyu/stickleback_nuclear_only.fa	1
rps18	RS	0.000789826	0.0015616	0.505781	453	/work/cyu/stickleback_nuclear_only.fa	1
rps18	SC	0.00010159	0.00137993	0.0736201	453	/work/cyu/stickleback_nuclear_only.fa	1
rps18	LB	0.000279052	0.00117238	0.238021	453	/work/cyu/stickleback_nuclear_only.fa	1
rps18	CH	0.000148341	0.00141597	0.104763	453	/work/cyu/stickleback_nuclear_only.fa	1
rps18	LG	0.000249238	0.00121207	0.20563	453	/work/cyu/stickleback_nuclear_only.fa	1
rps18	SR	0.000951526	0.000137513	6.91952	453	/work/cyu/stickleback_nuclear_only.fa	1
rps18	SL	0.000264661	0.00109393	0.241935	453	/work/cyu/stickleback_nuclear_only.fa	1
rps18	TL	0.000168359	0.000150133	1.1214	453	/work/cyu/stickleback_nuclear_only.fa	1
rps18	WB	5.1006e-05	0.001089	0.0468374	453	/work/cyu/stickleback_nuclear_only.fa	1
rps18	WT	0.000168208	0.000463018	0.363285	453	/work/cyu/stickleback_nuclear_only.fa	1
rps18	WK	0.00022359	0.00120881	0.184967	453	/work/cyu/stickleback_nuclear_only.fa	1
rps18	SWA	0.000334743	0.00046775	0.715646	453	/work/cyu/stickleback_nuclear_only.fa	1
rps19	THE	0.000117944	0.000123767	0.952954	456	/work/cyu/stickleback_nuclear_only.fa	1
rps19	JOE	0.00130155	0.000334301	3.89335	456	/work/cyu/stickleback_nuclear_only.fa	1
rps19	BEA	0.00131296	0.000675841	1.9427	456	/work/cyu/stickleback_nuclear_only.fa	1
rps19	MUC	0.000175934	3.68649e-05	4.77239	456	/work/cyu/stickleback_nuclear_only.fa	1
rps19	PYE	0.000469552	0.000232338	2.02099	456	/work/cyu/stickleback_nuclear_only.fa	1
rps19	AMO	0.00119749	0.000105644	11.3352	456	/work/cyu/stickleback_nuclear_only.fa	1
rps19	SAY	0.000466003	0.00010877	4.28431	456	/work/cyu/stickleback_nuclear_only.fa	1
rps19	GOS	0.000234053	9.15618e-05	2.55623	456	/work/cyu/stickleback_nuclear_only.fa	1
rps19	ROB	0.00108457	4.77872e-05	22.6957	456	/work/cyu/stickleback_nuclear_only.fa	1
rps19	FG	0.000223152	8.63754e-05	2.58351	456	/work/cyu/stickleback_nuclear_only.fa	1
rps19	BOOT	6.71376e-05	5.83072e-05	1.15145	456	/work/cyu/stickleback_nuclear_only.fa	1
rps19	ECHO	4.92397e-05	5.75502e-05	0.855596	456	/work/cyu/stickleback_nuclear_only.fa	1
rps19	FRED	0.000121552	0	NA	456	/work/cyu/stickleback_nuclear_only.fa	1
rps19	LAW	0.000332453	0.000261187	1.27286	456	/work/cyu/stickleback_nuclear_only.fa	1
rps19	PACH	0.000439978	0	NA	456	/work/cyu/stickleback_nuclear_only.fa	1
rps19	RS	0.00121288	0.00038061	3.18669	456	/work/cyu/stickleback_nuclear_only.fa	1
rps19	SC	0.000665251	4.80528e-05	13.8442	456	/work/cyu/stickleback_nuclear_only.fa	1
rps19	LB	0.000453896	0.000165575	2.74134	456	/work/cyu/stickleback_nuclear_only.fa	1
rps19	CH	0.000246113	5.88877e-05	4.17936	456	/work/cyu/stickleback_nuclear_only.fa	1
rps19	LG	0.000292469	0.000269239	1.08628	456	/work/cyu/stickleback_nuclear_only.fa	1
rps19	SR	0.000174845	7.8061e-05	2.23985	456	/work/cyu/stickleback_nuclear_only.fa	1
rps19	SL	0.000211667	6.51568e-05	3.24858	456	/work/cyu/stickleback_nuclear_only.fa	1
rps19	TL	0.000239675	0.000102913	2.32891	456	/work/cyu/stickleback_nuclear_only.fa	1
rps19	WB	0.00053495	3.26569e-05	16.3809	456	/work/cyu/stickleback_nuclear_only.fa	1
rps19	WT	0.000244848	0	NA	456	/work/cyu/stickleback_nuclear_only.fa	1
rps19	WK	0.00114185	5.65062e-05	20.2076	456	/work/cyu/stickleback_nuclear_only.fa	1
rps19	SWA	0.000148429	7.83692e-05	1.89397	456	/work/cyu/stickleback_nuclear_only.fa	1
rps2	THE	0.000873926	4.98774e-05	17.5215	834	/work/cyu/stickleback_nuclear_only.fa	1
rps2	JOE	0.000877279	0.000872862	1.00506	834	/work/cyu/stickleback_nuclear_only.fa	1
rps2	BEA	0.000241615	0.000121197	1.99357	834	/work/cyu/stickleback_nuclear_only.fa	1
rps2	MUC	0.000278521	9.75016e-05	2.85657	834	/work/cyu/stickleback_nuclear_only.fa	1
rps2	PYE	0.000350526	0.000167031	2.09857	834	/work/cyu/stickleback_nuclear_only.fa	1
rps2	AMO	0.000312916	6.21663e-05	5.03353	834	/work/cyu/stickleback_nuclear_only.fa	1
rps2	SAY	0.00041182	0.000628414	0.655333	834	/work/cyu/stickleback_nuclear_only.fa	1
rps2	GOS	8.46536e-05	0.00012889	0.656791	834	/work/cyu/stickleback_nuclear_only.fa	1
rps2	ROB	0.00041022	0.000808071	0.507653	834	/work/cyu/stickleback_nuclear_only.fa	1
rps2	FG	0.000177486	0.000147381	1.20426	834	/work/cyu/stickleback_nuclear_only.fa	1
rps2	BOOT	0.000267648	0.000118924	2.25058	834	/work/cyu/stickleback_nuclear_only.fa	1
rps2	ECHO	0.00022409	7.56335e-05	2.96285	834	/work/cyu/stickleback_nuclear_only.fa	1
rps2	FRED	0.000385706	0.000660265	0.584169	834	/work/cyu/stickleback_nuclear_only.fa	1
rps2	LAW	0.00107836	0.00133081	0.810308	834	/work/cyu/stickleback_nuclear_only.fa	1
rps2	PACH	6.26331e-05	4.31795e-05	1.45053	834	/work/cyu/stickleback_nuclear_only.fa	1
rps2	RS	0.00102718	0.00100604	1.02101	834	/work/cyu/stickleback_nuclear_only.fa	1
rps2	SC	0.000512124	0.000518482	0.987738	834	/work/cyu/stickleback_nuclear_only.fa	1
rps2	LB	0.000285404	0.000478852	0.596017	834	/work/cyu/stickleback_nuclear_only.fa	1
rps2	CH	0.000228011	0.00137856	0.165398	834	/work/cyu/stickleback_nuclear_only.fa	1
rps2	LG	0.000321148	0.000258293	1.24335	834	/work/cyu/stickleback_nuclear_only.fa	1
rps2	SR	0.000662767	0.000579177	1.14433	834	/work/cyu/stickleback_nuclear_only.fa	1
rps2	SL	0.000338732	0.00011706	2.89366	834	/work/cyu/stickleback_nuclear_only.fa	1
rps2	TL	0.000425919	9.57049e-05	4.45034	834	/work/cyu/stickleback_nuclear_only.fa	1
rps2	WB	7.04153e-05	2.59178e-05	2.71687	834	/work/cyu/stickleback_nuclear_only.fa	1
rps2	WT	0.000152943	0.000457954	0.33397	834	/work/cyu/stickleback_nuclear_only.fa	1
rps2	WK	0.000227721	5.92807e-05	3.8414	834	/work/cyu/stickleback_nuclear_only.fa	1
rps2	SWA	0.000381935	0.00109405	0.349103	834	/work/cyu/stickleback_nuclear_only.fa	1
rps20	THE	0.000421123	0	NA	372	/work/cyu/stickleback_nuclear_only.fa	1
rps20	JOE	0.000617459	4.87481e-05	12.6663	372	/work/cyu/stickleback_nuclear_only.fa	1
rps20	BEA	0.000205991	4.17334e-05	4.93587	372	/work/cyu/stickleback_nuclear_only.fa	1
rps20	MUC	0.000134061	3.68901e-05	3.63407	372	/work/cyu/stickleback_nuclear_only.fa	1
rps20	PYE	0.00128698	0	NA	372	/work/cyu/stickleback_nuclear_only.fa	1
rps20	AMO	0.000223869	4.83959e-05	4.62578	372	/work/cyu/stickleback_nuclear_only.fa	1
rps20	SAY	0.000763257	5.51305e-05	13.8446	372	/work/cyu/stickleback_nuclear_only.fa	1
rps20	GOS	0.00131825	5.73319e-05	22.9932	372	/work/cyu/stickleback_nuclear_only.fa	1
rps20	ROB	0.00361762	0.000461752	7.83454	372	/work/cyu/stickleback_nuclear_only.fa	1
rps20	FG	0.00126306	4.99589e-05	25.2819	372	/work/cyu/stickleback_nuclear_only.fa	1
rps20	BOOT	0.00139809	0	NA	372	/work/cyu/stickleback_nuclear_only.fa	1
rps20	ECHO	0.00170851	5.37861e-05	31.765	372	/work/cyu/stickleback_nuclear_only.fa	1
rps20	FRED	0.00110265	0.000148887	7.40592	372	/work/cyu/stickleback_nuclear_only.fa	1
rps20	LAW	0.000266595	0.000110532	2.41192	372	/work/cyu/stickleback_nuclear_only.fa	1
rps20	PACH	0.000269964	6.46043e-05	4.17873	372	/work/cyu/stickleback_nuclear_only.fa	1
rps20	RS	0.00108595	0.000206695	5.2539	372	/work/cyu/stickleback_nuclear_only.fa	1
rps20	SC	0.00175911	8.21108e-05	21.4236	372	/work/cyu/stickleback_nuclear_only.fa	1
rps20	LB	0.00163637	6.91785e-05	23.6544	372	/work/cyu/stickleback_nuclear_only.fa	1
rps20	CH	0.00122263	7.01856e-05	17.42	372	/work/cyu/stickleback_nuclear_only.fa	1
rps20	LG	0.00116967	0.000103228	11.3309	372	/work/cyu/stickleback_nuclear_only.fa	1
rps20	SR	0.000271436	0	NA	372	/work/cyu/stickleback_nuclear_only.fa	1
rps20	SL	0.00164243	3.65721e-05	44.9095	372	/work/cyu/stickleback_nuclear_only.fa	1
rps20	TL	0.000381916	0.000151936	2.51366	372	/work/cyu/stickleback_nuclear_only.fa	1
rps20	WB	0.00055814	0.000245371	2.27467	372	/work/cyu/stickleback_nuclear_only.fa	1
rps20	WT	0.00169542	8.7206e-05	19.4416	372	/work/cyu/stickleback_nuclear_only.fa	1
rps20	WK	0.00171532	4.57902e-05	37.4604	372	/work/cyu/stickleback_nuclear_only.fa	1
rps20	SWA	0.00417258	5.3598e-05	77.8494	372	/work/cyu/stickleback_nuclear_only.fa	1
rps23	THE	0.00232329	0.00199816	1.16272	426	/work/cyu/stickleback_nuclear_only.fa	1
rps23	JOE	0.000596442	0.000172986	3.44792	426	/work/cyu/stickleback_nuclear_only.fa	1
rps23	BEA	0.000992188	3.31306e-05	29.9478	426	/work/cyu/stickleback_nuclear_only.fa	1
rps23	MUC	0.000117201	0.000138142	0.848404	426	/work/cyu/stickleback_nuclear_only.fa	1
rps23	PYE	0.00227905	0.00135223	1.6854	426	/work/cyu/stickleback_nuclear_only.fa	1
rps23	AMO	0.00336945	8.69653e-05	38.7447	426	/work/cyu/stickleback_nuclear_only.fa	1
rps23	SAY	0.00319069	0.00080623	3.95754	426	/work/cyu/stickleback_nuclear_only.fa	1
rps23	GOS	0.00239266	0.000195202	12.2573	426	/work/cyu/stickleback_nuclear_only.fa	1
rps23	ROB	0.00241464	0.000597193	4.04332	426	/work/cyu/stickleback_nuclear_only.fa	1
rps23	FG	0.00260408	6.45966e-05	40.3129	426	/work/cyu/stickleback_nuclear_only.fa	1
rps23	BOOT	0.00138665	0.000108921	12.7308	426	/work/cyu/stickleback_nuclear_only.fa	1
rps23	ECHO	0.00165781	0.000107478	15.4246	426	/work/cyu/stickleback_nuclear_only.fa	1
rps23	FRED	0.00282405	6.24419e-05	45.2268	426	/work/cyu/stickleback_nuclear_only.fa	1
rps23	LAW	0.000728872	0.00043178	1.68807	426	/work/cyu/stickleback_nuclear_only.fa	1
rps23	PACH	0.000156921	9.92492e-05	1.58108	426	/work/cyu/stickleback_nuclear_only.fa	1
rps23	RS	0.00279046	0.000835371	3.34038	426	/work/cyu/stickleback_nuclear_only.fa	1
rps23	SC	0.00272958	0.000424213	6.43447	426	/work/cyu/stickleback_nuclear_only.fa	1
rps23	LB	0.00276764	0.000653444	4.23547	426	/work/cyu/stickleback_nuclear_only.fa	1
rps23	CH	0.00219841	0.000376475	5.83945	426	/work/cyu/stickleback_nuclear_only.fa	1
rps23	LG	0.00269795	0.000196604	13.7227	426	/work/cyu/stickleback_nuclear_only.fa	1
rps23	SR	0.00317258	0.000538473	5.89181	426	/work/cyu/stickleback_nuclear_only.fa	1
rps23	SL	0.0015199	0.000113516	13.3893	426	/work/cyu/stickleback_nuclear_only.fa	1
rps23	TL	0.000419054	3.31252e-05	12.6506	426	/work/cyu/stickleback_nuclear_only.fa	1
rps23	WB	0.00347469	4.10352e-05	84.6756	426	/work/cyu/stickleback_nuclear_only.fa	1
rps23	WT	0.00175653	0.000205098	8.56434	426	/work/cyu/stickleback_nuclear_only.fa	1
rps23	WK	0.000794575	0.000116532	6.81852	426	/work/cyu/stickleback_nuclear_only.fa	1
rps23	SWA	0.000113652	0.000108196	1.05043	426	/work/cyu/stickleback_nuclear_only.fa	1
rps24	THE	0.00130438	0.000100624	12.963	411	/work/cyu/stickleback_nuclear_only.fa	1
rps24	JOE	0.00024082	0.000204102	1.1799	411	/work/cyu/stickleback_nuclear_only.fa	1
rps24	BEA	0.000981223	0	NA	411	/work/cyu/stickleback_nuclear_only.fa	1
rps24	MUC	0	4.19498e-05	0	411	/work/cyu/stickleback_nuclear_only.fa	1
rps24	PYE	0.000757437	0.000117841	6.42763	411	/work/cyu/stickleback_nuclear_only.fa	1
rps24	AMO	0.00141021	8.76071e-05	16.097	411	/work/cyu/stickleback_nuclear_only.fa	1
rps24	SAY	0.00124283	0	NA	411	/work/cyu/stickleback_nuclear_only.fa	1
rps24	GOS	0.000129211	6.77418e-05	1.9074	411	/work/cyu/stickleback_nuclear_only.fa	1
rps24	ROB	0.00137916	5.54288e-05	24.8816	411	/work/cyu/stickleback_nuclear_only.fa	1
rps24	FG	3.84543e-05	0	NA	411	/work/cyu/stickleback_nuclear_only.fa	1
rps24	BOOT	0.000204338	6.64389e-05	3.07558	411	/work/cyu/stickleback_nuclear_only.fa	1
rps24	ECHO	0.000168058	0	NA	411	/work/cyu/stickleback_nuclear_only.fa	1
rps24	FRED	0.000721533	5.99866e-05	12.0282	411	/work/cyu/stickleback_nuclear_only.fa	1
rps24	LAW	0.00042794	0.000107204	3.99184	411	/work/cyu/stickleback_nuclear_only.fa	1
rps24	PACH	0.00101046	9.46693e-05	10.6735	411	/work/cyu/stickleback_nuclear_only.fa	1
rps24	RS	0.00120838	0.0002398	5.03911	411	/work/cyu/stickleback_nuclear_only.fa	1
rps24	SC	0.00119029	0.000302328	3.93709	411	/work/cyu/stickleback_nuclear_only.fa	1
rps24	LB	0.00128277	0.00017623	7.27894	411	/work/cyu/stickleback_nuclear_only.fa	1
rps24	CH	0.000965163	0.000262398	3.67824	411	/work/cyu/stickleback_nuclear_only.fa	1
rps24	LG	0.000845848	4.74117e-05	17.8405	411	/work/cyu/stickleback_nuclear_only.fa	1
rps24	SR	0.000150957	0.000123191	1.22539	411	/work/cyu/stickleback_nuclear_only.fa	1
rps24	SL	0.00138933	0	NA	411	/work/cyu/stickleback_nuclear_only.fa	1
rps24	TL	0.000107792	3.71949e-05	2.89802	411	/work/cyu/stickleback_nuclear_only.fa	1
rps24	WB	0.000277798	0	NA	411	/work/cyu/stickleback_nuclear_only.fa	1
rps24	WT	0.000948917	4.21759e-05	22.499	411	/work/cyu/stickleback_nuclear_only.fa	1
rps24	WK	0.000629235	0	NA	411	/work/cyu/stickleback_nuclear_only.fa	1
rps24	SWA	0.000122713	4.08322e-05	3.0053	411	/work/cyu/stickleback_nuclear_only.fa	1
rps25	THE	0.00144927	3.78375e-05	38.3024	372	/work/cyu/stickleback_nuclear_only.fa	1
rps25	JOE	0.0017118	0.00026718	6.40691	372	/work/cyu/stickleback_nuclear_only.fa	1
rps25	BEA	0.000373066	0.000135638	2.75045	372	/work/cyu/stickleback_nuclear_only.fa	1
rps25	MUC	0.000479245	5.76858e-05	8.30785	372	/work/cyu/stickleback_nuclear_only.fa	1
rps25	PYE	0.000306723	5.36287e-05	5.71939	372	/work/cyu/stickleback_nuclear_only.fa	1
rps25	AMO	0.00167361	0.000356283	4.69742	372	/work/cyu/stickleback_nuclear_only.fa	1
rps25	SAY	0.000675449	6.58846e-05	10.252	372	/work/cyu/stickleback_nuclear_only.fa	1
rps25	GOS	0.000134913	0	NA	372	/work/cyu/stickleback_nuclear_only.fa	1
rps25	ROB	0.0012363	0.000660175	1.87269	372	/work/cyu/stickleback_nuclear_only.fa	1
rps25	FG	0.00137986	4.95007e-05	27.8756	372	/work/cyu/stickleback_nuclear_only.fa	1
rps25	BOOT	0.000268313	0.000133462	2.01041	372	/work/cyu/stickleback_nuclear_only.fa	1
rps25	ECHO	0.000384003	5.22349e-05	7.35146	372	/work/cyu/stickleback_nuclear_only.fa	1
rps25	FRED	0.000206782	0	NA	372	/work/cyu/stickleback_nuclear_only.fa	1
rps25	LAW	0.000183149	0	NA	372	/work/cyu/stickleback_nuclear_only.fa	1
rps25	PACH	0.000229648	0	NA	372	/work/cyu/stickleback_nuclear_only.fa	1
rps25	RS	0.00137638	0.000300522	4.57997	372	/work/cyu/stickleback_nuclear_only.fa	1
rps25	SC	0.000932735	4.4805e-05	20.8176	372	/work/cyu/stickleback_nuclear_only.fa	1
rps25	LB	0.00155853	0.000152327	10.2315	372	/work/cyu/stickleback_nuclear_only.fa	1
rps25	CH	0.000584891	5.98573e-05	9.77142	372	/work/cyu/stickleback_nuclear_only.fa	1
rps25	LG	0.00137374	0	NA	372	/work/cyu/stickleback_nuclear_only.fa	1
rps25	SR	0.00157301	0	NA	372	/work/cyu/stickleback_nuclear_only.fa	1
rps25	SL	0.00132611	4.51045e-05	29.401	372	/work/cyu/stickleback_nuclear_only.fa	1
rps25	TL	0.00128881	5.65019e-05	22.81	372	/work/cyu/stickleback_nuclear_only.fa	1
rps25	WB	0.00138184	0	NA	372	/work/cyu/stickleback_nuclear_only.fa	1
rps25	WT	0.000752736	0	NA	372	/work/cyu/stickleback_nuclear_only.fa	1
rps25	WK	0.00141516	6.35632e-05	22.2638	372	/work/cyu/stickleback_nuclear_only.fa	1
rps25	SWA	0.000311679	0.000101717	3.06417	372	/work/cyu/stickleback_nuclear_only.fa	1
rps26	THE	0.000269234	0.000118297	2.27592	342	/work/cyu/stickleback_nuclear_only.fa	1
rps26	JOE	0.000346643	0.00203689	0.170183	342	/work/cyu/stickleback_nuclear_only.fa	1
rps26	BEA	5.13143e-05	0	NA	342	/work/cyu/stickleback_nuclear_only.fa	1
rps26	MUC	0.00019832	9.55976e-05	2.07453	342	/work/cyu/stickleback_nuclear_only.fa	1
rps26	PYE	0.000147357	5.1294e-05	2.87279	342	/work/cyu/stickleback_nuclear_only.fa	1
rps26	AMO	0.000307687	0.00247647	0.124244	342	/work/cyu/stickleback_nuclear_only.fa	1
rps26	SAY	0.000104024	0.000155608	0.668496	342	/work/cyu/stickleback_nuclear_only.fa	1
rps26	GOS	0.000130418	5.86201e-05	2.2248	342	/work/cyu/stickleback_nuclear_only.fa	1
rps26	ROB	0.000245557	5.58292e-05	4.39835	342	/work/cyu/stickleback_nuclear_only.fa	1
rps26	FG	0.000144703	4.04765e-05	3.57498	342	/work/cyu/stickleback_nuclear_only.fa	1
rps26	BOOT	7.11883e-05	0	NA	342	/work/cyu/stickleback_nuclear_only.fa	1
rps26	ECHO	0.000196086	0.000142387	1.37714	342	/work/cyu/stickleback_nuclear_only.fa	1
rps26	FRED	0.00040675	0.000148764	2.7342	342	/work/cyu/stickleback_nuclear_only.fa	1
rps26	LAW	0.000179	0	NA	342	/work/cyu/stickleback_nuclear_only.fa	1
rps26	PACH	0.000388371	0.000126945	3.05936	342	/work/cyu/stickleback_nuclear_only.fa	1
rps26	RS	0.000824476	0.000290667	2.8365	342	/work/cyu/stickleback_nuclear_only.fa	1
rps26	SC	0.000291426	3.94594e-05	7.38546	342	/work/cyu/stickleback_nuclear_only.fa	1
rps26	LB	0.000279256	9.76227e-05	2.86056	342	/work/cyu/stickleback_nuclear_only.fa	1
rps26	CH	0.000128815	3.41729e-05	3.76951	342	/work/cyu/stickleback_nuclear_only.fa	1
rps26	LG	0.00020259	5.5365e-05	3.65918	342	/work/cyu/stickleback_nuclear_only.fa	1
rps26	SR	4.35474e-05	4.0826e-05	1.06666	342	/work/cyu/stickleback_nuclear_only.fa	1
rps26	SL	0.000155135	4.00507e-05	3.87346	342	/work/cyu/stickleback_nuclear_only.fa	1
rps26	TL	0.000140768	4.83626e-05	2.91067	342	/work/cyu/stickleback_nuclear_only.fa	1
rps26	WB	0.000175924	0	NA	342	/work/cyu/stickleback_nuclear_only.fa	1
rps26	WT	0.000319329	0.00118958	0.268438	342	/work/cyu/stickleback_nuclear_only.fa	1
rps26	WK	0.000145238	0.00291609	0.0498058	342	/work/cyu/stickleback_nuclear_only.fa	1
rps26	SWA	0.000259642	0.00258666	0.100378	342	/work/cyu/stickleback_nuclear_only.fa	1
rps27a	THE	0.0023338	6.04323e-05	38.6183	471	/work/cyu/stickleback_nuclear_only.fa	1
rps27a	JOE	0.00209618	8.02582e-05	26.118	471	/work/cyu/stickleback_nuclear_only.fa	1
rps27a	BEA	0.000819854	0	NA	471	/work/cyu/stickleback_nuclear_only.fa	1
rps27a	MUC	0.000202732	0.000117176	1.73015	471	/work/cyu/stickleback_nuclear_only.fa	1
rps27a	PYE	0.00136648	3.48427e-05	39.2184	471	/work/cyu/stickleback_nuclear_only.fa	1
rps27a	AMO	0.00170356	3.82235e-05	44.5684	471	/work/cyu/stickleback_nuclear_only.fa	1
rps27a	SAY	0.00119746	5.02002e-05	23.8538	471	/work/cyu/stickleback_nuclear_only.fa	1
rps27a	GOS	0.00168203	0	NA	471	/work/cyu/stickleback_nuclear_only.fa	1
rps27a	ROB	0.00209274	0	NA	471	/work/cyu/stickleback_nuclear_only.fa	1
rps27a	FG	0.000924208	6.06705e-05	15.2332	471	/work/cyu/stickleback_nuclear_only.fa	1
rps27a	BOOT	0.00131287	0.000108771	12.07	471	/work/cyu/stickleback_nuclear_only.fa	1
rps27a	ECHO	0.000765003	0	NA	471	/work/cyu/stickleback_nuclear_only.fa	1
rps27a	FRED	0.000363958	0	NA	471	/work/cyu/stickleback_nuclear_only.fa	1
rps27a	LAW	0.00185372	0	NA	471	/work/cyu/stickleback_nuclear_only.fa	1
rps27a	PACH	0.0010329	5.49487e-05	18.7975	471	/work/cyu/stickleback_nuclear_only.fa	1
rps27a	RS	0.00226871	0.000175698	12.9125	471	/work/cyu/stickleback_nuclear_only.fa	1
rps27a	SC	0.00110997	4.5454e-05	24.4195	471	/work/cyu/stickleback_nuclear_only.fa	1
rps27a	LB	0.00120673	8.64122e-05	13.9648	471	/work/cyu/stickleback_nuclear_only.fa	1
rps27a	CH	0.00116285	1.42728e-05	81.4733	471	/work/cyu/stickleback_nuclear_only.fa	1
rps27a	LG	0.000833282	3.20412e-05	26.0066	471	/work/cyu/stickleback_nuclear_only.fa	1
rps27a	SR	0.000228508	0	NA	471	/work/cyu/stickleback_nuclear_only.fa	1
rps27a	SL	0.000723362	9.4951e-05	7.61827	471	/work/cyu/stickleback_nuclear_only.fa	1
rps27a	TL	0.00128883	3.32115e-05	38.8069	471	/work/cyu/stickleback_nuclear_only.fa	1
rps27a	WB	0.00227337	0.000119685	18.9946	471	/work/cyu/stickleback_nuclear_only.fa	1
rps27a	WT	0.00151676	0	NA	471	/work/cyu/stickleback_nuclear_only.fa	1
rps27a	WK	0.000922623	0.000143327	6.43721	471	/work/cyu/stickleback_nuclear_only.fa	1
rps27a	SWA	0.00182104	0	NA	471	/work/cyu/stickleback_nuclear_only.fa	1
rps28	THE	0.000178425	9.62693e-05	1.85339	207	/work/cyu/stickleback_nuclear_only.fa	1
rps28	JOE	8.68232e-05	0	NA	207	/work/cyu/stickleback_nuclear_only.fa	1
rps28	BEA	0.000248388	0	NA	207	/work/cyu/stickleback_nuclear_only.fa	1
rps28	MUC	0.000509017	7.98786e-05	6.37238	207	/work/cyu/stickleback_nuclear_only.fa	1
rps28	PYE	0.000349007	7.68026e-05	4.54421	207	/work/cyu/stickleback_nuclear_only.fa	1
rps28	AMO	8.1857e-05	0	NA	207	/work/cyu/stickleback_nuclear_only.fa	1
rps28	SAY	0.000106694	0	NA	207	/work/cyu/stickleback_nuclear_only.fa	1
rps28	GOS	0.000195595	0	NA	207	/work/cyu/stickleback_nuclear_only.fa	1
rps28	ROB	0.000289069	0.000393408	0.734782	207	/work/cyu/stickleback_nuclear_only.fa	1
rps28	FG	0	0.000138807	0	207	/work/cyu/stickleback_nuclear_only.fa	1
rps28	BOOT	0	0.000341877	0	207	/work/cyu/stickleback_nuclear_only.fa	1
rps28	ECHO	0.000103855	0.000222316	0.467152	207	/work/cyu/stickleback_nuclear_only.fa	1
rps28	FRED	0.000258123	0	NA	207	/work/cyu/stickleback_nuclear_only.fa	1
rps28	LAW	0.000103855	0	NA	207	/work/cyu/stickleback_nuclear_only.fa	1
rps28	PACH	0.000400277	0.0001161	3.44768	207	/work/cyu/stickleback_nuclear_only.fa	1
rps28	RS	0.000769574	0.000478963	1.60675	207	/work/cyu/stickleback_nuclear_only.fa	1
rps28	SC	0.000152327	0.000177956	0.855981	207	/work/cyu/stickleback_nuclear_only.fa	1
rps28	LB	0.00011875	0.000121165	0.98007	207	/work/cyu/stickleback_nuclear_only.fa	1
rps28	CH	0.000159206	3.24758e-05	4.9023	207	/work/cyu/stickleback_nuclear_only.fa	1
rps28	LG	0	8.65731e-05	0	207	/work/cyu/stickleback_nuclear_only.fa	1
rps28	SR	8.16202e-05	0	NA	207	/work/cyu/stickleback_nuclear_only.fa	1
rps28	SL	9.72657e-05	0.000206872	0.470174	207	/work/cyu/stickleback_nuclear_only.fa	1
rps28	TL	0.000168184	9.02595e-05	1.86334	207	/work/cyu/stickleback_nuclear_only.fa	1
rps28	WB	0.000316535	9.24907e-05	3.42235	207	/work/cyu/stickleback_nuclear_only.fa	1
rps28	WT	0.000254555	0	NA	207	/work/cyu/stickleback_nuclear_only.fa	1
rps28	WK	0.000162118	9.16038e-05	1.76977	207	/work/cyu/stickleback_nuclear_only.fa	1
rps28	SWA	0.000195685	8.6094e-05	2.27292	207	/work/cyu/stickleback_nuclear_only.fa	1
rps29	THE	5.34573e-05	0.000683761	0.0781812	231	/work/cyu/stickleback_nuclear_only.fa	1
rps29	JOE	0.00132277	0.00188947	0.700078	231	/work/cyu/stickleback_nuclear_only.fa	1
rps29	BEA	0.000134335	0.000616744	0.217813	231	/work/cyu/stickleback_nuclear_only.fa	1
rps29	MUC	0.000452416	0	NA	231	/work/cyu/stickleback_nuclear_only.fa	1
rps29	PYE	0.000374517	0.00155637	0.240635	231	/work/cyu/stickleback_nuclear_only.fa	1
rps29	AMO	0.000173164	0.00195637	0.0885131	231	/work/cyu/stickleback_nuclear_only.fa	1
rps29	SAY	0	0.00173511	0	231	/work/cyu/stickleback_nuclear_only.fa	1
rps29	GOS	0.000284681	0.000122224	2.32916	231	/work/cyu/stickleback_nuclear_only.fa	1
rps29	ROB	0.000416116	0.000480371	0.86624	231	/work/cyu/stickleback_nuclear_only.fa	1
rps29	FG	0.000318595	0.00191163	0.166662	231	/work/cyu/stickleback_nuclear_only.fa	1
rps29	BOOT	0.000278741	0	NA	231	/work/cyu/stickleback_nuclear_only.fa	1
rps29	ECHO	0.000294532	0.0001151	2.55893	231	/work/cyu/stickleback_nuclear_only.fa	1
rps29	FRED	0.000296067	0.000106729	2.77399	231	/work/cyu/stickleback_nuclear_only.fa	1
rps29	LAW	0.000187156	0.000138839	1.34801	231	/work/cyu/stickleback_nuclear_only.fa	1
rps29	PACH	0	0.00204855	0	231	/work/cyu/stickleback_nuclear_only.fa	1
rps29	RS	0.00109261	0.00280569	0.389428	231	/work/cyu/stickleback_nuclear_only.fa	1
rps29	SC	0.000180452	0.00279073	0.0646611	231	/work/cyu/stickleback_nuclear_only.fa	1
rps29	LB	0.000320367	0.000856106	0.374214	231	/work/cyu/stickleback_nuclear_only.fa	1
rps29	CH	0.000108633	0.00244692	0.044396	231	/work/cyu/stickleback_nuclear_only.fa	1
rps29	LG	0.000261376	0.00196722	0.132866	231	/work/cyu/stickleback_nuclear_only.fa	1
rps29	SR	0	0.000923894	0	231	/work/cyu/stickleback_nuclear_only.fa	1
rps29	SL	0.00101149	0.00309227	0.327104	231	/work/cyu/stickleback_nuclear_only.fa	1
rps29	TL	0.000160293	5.39239e-05	2.97259	231	/work/cyu/stickleback_nuclear_only.fa	1
rps29	WB	0	0.00155138	0	231	/work/cyu/stickleback_nuclear_only.fa	1
rps29	WT	0.000400745	0.001713	0.233944	231	/work/cyu/stickleback_nuclear_only.fa	1
rps29	WK	0.000216239	0.00167727	0.128923	231	/work/cyu/stickleback_nuclear_only.fa	1
rps29	SWA	8.54676e-05	0	NA	231	/work/cyu/stickleback_nuclear_only.fa	1
rps3	THE	0.000305234	4.10582e-05	7.43419	729	/work/cyu/stickleback_nuclear_only.fa	1
rps3	JOE	0.000270529	0.000137429	1.9685	729	/work/cyu/stickleback_nuclear_only.fa	1
rps3	BEA	0.000330617	7.99096e-05	4.13739	729	/work/cyu/stickleback_nuclear_only.fa	1
rps3	MUC	0.000350564	0.000129603	2.70491	729	/work/cyu/stickleback_nuclear_only.fa	1
rps3	PYE	0.00107638	0.00102301	1.05217	729	/work/cyu/stickleback_nuclear_only.fa	1
rps3	AMO	0.00130738	0.000695511	1.87974	729	/work/cyu/stickleback_nuclear_only.fa	1
rps3	SAY	0.000873964	9.39667e-05	9.30078	729	/work/cyu/stickleback_nuclear_only.fa	1
rps3	GOS	0.000809566	0.000239546	3.37958	729	/work/cyu/stickleback_nuclear_only.fa	1
rps3	ROB	0.00131664	0.000331896	3.96703	729	/work/cyu/stickleback_nuclear_only.fa	1
rps3	FG	0.000105569	0.00015905	0.663747	729	/work/cyu/stickleback_nuclear_only.fa	1
rps3	BOOT	0.000117872	0	NA	729	/work/cyu/stickleback_nuclear_only.fa	1
rps3	ECHO	0.000305812	0.000101	3.02785	729	/work/cyu/stickleback_nuclear_only.fa	1
rps3	FRED	0.000191464	0.000208731	0.917275	729	/work/cyu/stickleback_nuclear_only.fa	1
rps3	LAW	0.000959873	0.000253429	3.78755	729	/work/cyu/stickleback_nuclear_only.fa	1
rps3	PACH	0.000114824	0.000148031	0.775676	729	/work/cyu/stickleback_nuclear_only.fa	1
rps3	RS	0.00108173	0.000430199	2.51448	729	/work/cyu/stickleback_nuclear_only.fa	1
rps3	SC	0.000695731	0.000227461	3.05869	729	/work/cyu/stickleback_nuclear_only.fa	1
rps3	LB	0.000270245	0.000186651	1.44786	729	/work/cyu/stickleback_nuclear_only.fa	1
rps3	CH	0.000612497	0.000169429	3.61507	729	/work/cyu/stickleback_nuclear_only.fa	1
rps3	LG	0.000338416	2.08583e-05	16.2245	729	/work/cyu/stickleback_nuclear_only.fa	1
rps3	SR	0.000227552	4.08523e-05	5.57012	729	/work/cyu/stickleback_nuclear_only.fa	1
rps3	SL	0.000328173	0.00037688	0.870763	729	/work/cyu/stickleback_nuclear_only.fa	1
rps3	TL	0.000108265	0.000120184	0.900824	729	/work/cyu/stickleback_nuclear_only.fa	1
rps3	WB	0.00090676	5.03776e-05	17.9993	729	/work/cyu/stickleback_nuclear_only.fa	1
rps3	WT	0.00042686	8.95849e-05	4.76487	729	/work/cyu/stickleback_nuclear_only.fa	1
rps3	WK	0.000635252	0.00063911	0.993963	729	/work/cyu/stickleback_nuclear_only.fa	1
rps3	SWA	0.000804468	0.000523804	1.53582	729	/work/cyu/stickleback_nuclear_only.fa	1
rps3a	THE	0.000134906	0.00217889	0.0619148	795	/work/cyu/stickleback_nuclear_only.fa	1
rps3a	JOE	0.00041385	0.000176575	2.34377	795	/work/cyu/stickleback_nuclear_only.fa	1
rps3a	BEA	0.000183822	0.0009256	0.198598	795	/work/cyu/stickleback_nuclear_only.fa	1
rps3a	MUC	0.000146564	0.00185211	0.0791334	795	/work/cyu/stickleback_nuclear_only.fa	1
rps3a	PYE	0.00100062	0.00261578	0.382531	795	/work/cyu/stickleback_nuclear_only.fa	1
rps3a	AMO	0.000144822	0.00166569	0.086944	795	/work/cyu/stickleback_nuclear_only.fa	1
rps3a	SAY	0.000376365	0.00242573	0.155155	795	/work/cyu/stickleback_nuclear_only.fa	1
rps3a	GOS	0.000139893	0.00224134	0.0624148	795	/work/cyu/stickleback_nuclear_only.fa	1
rps3a	ROB	0.00056014	0.0024962	0.224397	795	/work/cyu/stickleback_nuclear_only.fa	1
rps3a	FG	8.572e-05	0.00162062	0.0528934	795	/work/cyu/stickleback_nuclear_only.fa	1
rps3a	BOOT	0.000158599	0.000513063	0.309121	795	/work/cyu/stickleback_nuclear_only.fa	1
rps3a	ECHO	0.000320776	0.00157722	0.20338	795	/work/cyu/stickleback_nuclear_only.fa	1
rps3a	FRED	0.000151972	0.00075957	0.200076	795	/work/cyu/stickleback_nuclear_only.fa	1
rps3a	LAW	8.0277e-05	0.00255083	0.0314709	795	/work/cyu/stickleback_nuclear_only.fa	1
rps3a	PACH	0.00019128	0.00175432	0.109034	795	/work/cyu/stickleback_nuclear_only.fa	1
rps3a	RS	0.000818124	0.00282025	0.290089	795	/work/cyu/stickleback_nuclear_only.fa	1
rps3a	SC	0.000420856	0.00257676	0.163328	795	/work/cyu/stickleback_nuclear_only.fa	1
rps3a	LB	0.000341199	0.00159066	0.214501	795	/work/cyu/stickleback_nuclear_only.fa	1
rps3a	CH	0.000205218	0.00265691	0.0772392	795	/work/cyu/stickleback_nuclear_only.fa	1
rps3a	LG	0.000440898	0.00103447	0.426205	795	/work/cyu/stickleback_nuclear_only.fa	1
rps3a	SR	0.000375081	0.00224965	0.166729	795	/work/cyu/stickleback_nuclear_only.fa	1
rps3a	SL	0.000203747	0.00259518	0.0785098	795	/work/cyu/stickleback_nuclear_only.fa	1
rps3a	TL	0.000121227	0.000195034	0.621566	795	/work/cyu/stickleback_nuclear_only.fa	1
rps3a	WB	0.000363286	0.00158185	0.229658	795	/work/cyu/stickleback_nuclear_only.fa	1
rps3a	WT	0.000109177	0.0022838	0.0478052	795	/work/cyu/stickleback_nuclear_only.fa	1
rps3a	WK	0.000168229	0.00150977	0.111426	795	/work/cyu/stickleback_nuclear_only.fa	1
rps3a	SWA	0.000199545	0.00217058	0.0919319	795	/work/cyu/stickleback_nuclear_only.fa	1
rps4x	THE	0.00010143	0.000796477	0.127348	780	/work/cyu/stickleback_nuclear_only.fa	1
rps4x	JOE	0.000434568	0.000162551	2.67342	780	/work/cyu/stickleback_nuclear_only.fa	1
rps4x	BEA	0.000257846	9.98363e-05	2.58268	780	/work/cyu/stickleback_nuclear_only.fa	1
rps4x	MUC	0.000365695	7.99662e-05	4.57312	780	/work/cyu/stickleback_nuclear_only.fa	1
rps4x	PYE	0.000780915	0.000236206	3.30608	780	/work/cyu/stickleback_nuclear_only.fa	1
rps4x	AMO	0.000440107	0.000548987	0.801672	780	/work/cyu/stickleback_nuclear_only.fa	1
rps4x	SAY	0.000604045	0.000111849	5.40056	780	/work/cyu/stickleback_nuclear_only.fa	1
rps4x	GOS	0.000192506	0.000130372	1.4766	780	/work/cyu/stickleback_nuclear_only.fa	1
rps4x	ROB	0.000379555	0.000411725	0.921866	780	/work/cyu/stickleback_nuclear_only.fa	1
rps4x	FG	0.00103635	0.000161173	6.43007	780	/work/cyu/stickleback_nuclear_only.fa	1
rps4x	BOOT	9.56083e-05	0.00038776	0.246566	780	/work/cyu/stickleback_nuclear_only.fa	1
rps4x	ECHO	0.000292666	5.25327e-05	5.57112	780	/work/cyu/stickleback_nuclear_only.fa	1
rps4x	FRED	0.000490153	0.000547866	0.894659	780	/work/cyu/stickleback_nuclear_only.fa	1
rps4x	LAW	0.00031292	9.09783e-05	3.4395	780	/work/cyu/stickleback_nuclear_only.fa	1
rps4x	PACH	0.000687702	0.00046666	1.47367	780	/work/cyu/stickleback_nuclear_only.fa	1
rps4x	RS	0.00134146	0.00058503	2.29297	780	/work/cyu/stickleback_nuclear_only.fa	1
rps4x	SC	0.000541488	0.00021896	2.473	780	/work/cyu/stickleback_nuclear_only.fa	1
rps4x	LB	0.000503058	0.000246155	2.04366	780	/work/cyu/stickleback_nuclear_only.fa	1
rps4x	CH	0.000557997	0.00024151	2.31045	780	/work/cyu/stickleback_nuclear_only.fa	1
rps4x	LG	0.000760362	0.000173487	4.38282	780	/work/cyu/stickleback_nuclear_only.fa	1
rps4x	SR	0.00045811	0.000122809	3.73025	780	/work/cyu/stickleback_nuclear_only.fa	1
rps4x	SL	0.000334919	0.000139981	2.39261	780	/work/cyu/stickleback_nuclear_only.fa	1
rps4x	TL	0.000159784	0.000175388	0.91103	780	/work/cyu/stickleback_nuclear_only.fa	1
rps4x	WB	0.000268643	7.45544e-05	3.60332	780	/work/cyu/stickleback_nuclear_only.fa	1
rps4x	WT	0.000369857	0.000219567	1.68449	780	/work/cyu/stickleback_nuclear_only.fa	1
rps4x	WK	0.00055817	6.23217e-05	8.95626	780	/work/cyu/stickleback_nuclear_only.fa	1
rps4x	SWA	0.000139009	0.000198008	0.702038	780	/work/cyu/stickleback_nuclear_only.fa	1
rps5	THE	0.00174705	0.000827666	2.11082	621	/work/cyu/stickleback_nuclear_only.fa	1
rps5	JOE	0.00209134	0.000100309	20.8491	621	/work/cyu/stickleback_nuclear_only.fa	1
rps5	BEA	0.00264233	7.76393e-05	34.0334	621	/work/cyu/stickleback_nuclear_only.fa	1
rps5	MUC	0.000218998	2.82467e-05	7.75306	621	/work/cyu/stickleback_nuclear_only.fa	1
rps5	PYE	0.00226828	6.04509e-05	37.5227	621	/work/cyu/stickleback_nuclear_only.fa	1
rps5	AMO	0.00109942	0.000482269	2.27968	621	/work/cyu/stickleback_nuclear_only.fa	1
rps5	SAY	0.00215162	0.000117471	18.3162	621	/work/cyu/stickleback_nuclear_only.fa	1
rps5	GOS	0.00110923	0.000676081	1.64068	621	/work/cyu/stickleback_nuclear_only.fa	1
rps5	ROB	0.00188194	0.000362663	5.18922	621	/work/cyu/stickleback_nuclear_only.fa	1
rps5	FG	0.00248198	7.29935e-05	34.0027	621	/work/cyu/stickleback_nuclear_only.fa	1
rps5	BOOT	0.000969558	0.000908842	1.06681	621	/work/cyu/stickleback_nuclear_only.fa	1
rps5	ECHO	0.000356207	0	NA	621	/work/cyu/stickleback_nuclear_only.fa	1
rps5	FRED	0.00172611	0.000299348	5.76622	621	/work/cyu/stickleback_nuclear_only.fa	1
rps5	LAW	0.00151484	0.000209573	7.22823	621	/work/cyu/stickleback_nuclear_only.fa	1
rps5	PACH	0.00031542	6.46242e-05	4.88083	621	/work/cyu/stickleback_nuclear_only.fa	1
rps5	RS	0.00293724	0.000503914	5.82884	621	/work/cyu/stickleback_nuclear_only.fa	1
rps5	SC	0.00230129	0.000277508	8.29268	621	/work/cyu/stickleback_nuclear_only.fa	1
rps5	LB	0.00265783	8.08261e-05	32.8833	621	/work/cyu/stickleback_nuclear_only.fa	1
rps5	CH	0.00228952	9.3081e-05	24.5971	621	/work/cyu/stickleback_nuclear_only.fa	1
rps5	LG	0.0025654	0.000263102	9.75059	621	/work/cyu/stickleback_nuclear_only.fa	1
rps5	SR	0.00228208	0.000150419	15.1714	621	/work/cyu/stickleback_nuclear_only.fa	1
rps5	SL	0.00225723	0.000111053	20.3256	621	/work/cyu/stickleback_nuclear_only.fa	1
rps5	TL	0.000404165	0.000276113	1.46376	621	/work/cyu/stickleback_nuclear_only.fa	1
rps5	WB	0.00231934	0.000801738	2.89289	621	/work/cyu/stickleback_nuclear_only.fa	1
rps5	WT	0.00199235	0.000105753	18.8397	621	/work/cyu/stickleback_nuclear_only.fa	1
rps5	WK	0.00106022	0.000328895	3.22358	621	/work/cyu/stickleback_nuclear_only.fa	1
rps5	SWA	0.00281677	8.46585e-05	33.2721	621	/work/cyu/stickleback_nuclear_only.fa	1
rps6	THE	0.00060151	0.000170464	3.52867	741	/work/cyu/stickleback_nuclear_only.fa	1
rps6	JOE	0.00037938	0.000199693	1.89982	741	/work/cyu/stickleback_nuclear_only.fa	1
rps6	BEA	0.000138078	0.000113966	1.21157	741	/work/cyu/stickleback_nuclear_only.fa	1
rps6	MUC	0.00060457	8.61742e-05	7.01567	741	/work/cyu/stickleback_nuclear_only.fa	1
rps6	PYE	0.000245252	0.000104223	2.35315	741	/work/cyu/stickleback_nuclear_only.fa	1
rps6	AMO	0.000257667	6.44771e-05	3.99626	741	/work/cyu/stickleback_nuclear_only.fa	1
rps6	SAY	0.00150035	0.000276306	5.43003	741	/work/cyu/stickleback_nuclear_only.fa	1
rps6	GOS	0.00134924	2.90914e-05	46.3794	741	/work/cyu/stickleback_nuclear_only.fa	1
rps6	ROB	0.00181538	0.000146576	12.3853	741	/work/cyu/stickleback_nuclear_only.fa	1
rps6	FG	0.00121054	0.000117841	10.2726	741	/work/cyu/stickleback_nuclear_only.fa	1
rps6	BOOT	0.00166933	0.000169192	9.86648	741	/work/cyu/stickleback_nuclear_only.fa	1
rps6	ECHO	0.000143269	0.000105945	1.35229	741	/work/cyu/stickleback_nuclear_only.fa	1
rps6	FRED	0.000216241	0.000173371	1.24727	741	/work/cyu/stickleback_nuclear_only.fa	1
rps6	LAW	0.00114492	0.000472777	2.42169	741	/work/cyu/stickleback_nuclear_only.fa	1
rps6	PACH	0.000700487	5.4798e-05	12.7831	741	/work/cyu/stickleback_nuclear_only.fa	1
rps6	RS	0.00219866	0.00039222	5.60567	741	/work/cyu/stickleback_nuclear_only.fa	1
rps6	SC	0.00168866	0.000107108	15.766	741	/work/cyu/stickleback_nuclear_only.fa	1
rps6	LB	0.00181247	0.000180422	10.0457	741	/work/cyu/stickleback_nuclear_only.fa	1
rps6	CH	0.00212492	0.000291823	7.28153	741	/work/cyu/stickleback_nuclear_only.fa	1
rps6	LG	0.000551884	8.67635e-05	6.36078	741	/work/cyu/stickleback_nuclear_only.fa	1
rps6	SR	0.000208588	4.05492e-05	5.14407	741	/work/cyu/stickleback_nuclear_only.fa	1
rps6	SL	0.000242113	4.44229e-05	5.45018	741	/work/cyu/stickleback_nuclear_only.fa	1
rps6	TL	0.000184927	1.84003e-05	10.0502	741	/work/cyu/stickleback_nuclear_only.fa	1
rps6	WB	0.000300036	6.97386e-05	4.3023	741	/work/cyu/stickleback_nuclear_only.fa	1
rps6	WT	0.000694274	2.13672e-05	32.4925	741	/work/cyu/stickleback_nuclear_only.fa	1
rps6	WK	0.000284819	6.34944e-05	4.48573	741	/work/cyu/stickleback_nuclear_only.fa	1
rps6	SWA	0.000337099	4.67986e-05	7.20318	741	/work/cyu/stickleback_nuclear_only.fa	1
rps7	THE	0.000489274	6.52938e-05	7.49343	579	/work/cyu/stickleback_nuclear_only.fa	1
rps7	JOE	0.000658801	0.000176044	3.74224	579	/work/cyu/stickleback_nuclear_only.fa	1
rps7	BEA	8.08023e-05	0.00011247	0.718434	579	/work/cyu/stickleback_nuclear_only.fa	1
rps7	MUC	0.000846661	2.85576e-05	29.6474	579	/work/cyu/stickleback_nuclear_only.fa	1
rps7	PYE	0.000677323	9.06844e-05	7.46902	579	/work/cyu/stickleback_nuclear_only.fa	1
rps7	AMO	0.000161186	2.50546e-05	6.43339	579	/work/cyu/stickleback_nuclear_only.fa	1
rps7	SAY	0.00102425	0.000217221	4.71525	579	/work/cyu/stickleback_nuclear_only.fa	1
rps7	GOS	9.68441e-05	0	NA	579	/work/cyu/stickleback_nuclear_only.fa	1
rps7	ROB	0.00121543	3.76355e-05	32.2948	579	/work/cyu/stickleback_nuclear_only.fa	1
rps7	FG	0.000158779	2.91314e-05	5.45043	579	/work/cyu/stickleback_nuclear_only.fa	1
rps7	BOOT	8.6682e-05	8.14404e-05	1.06436	579	/work/cyu/stickleback_nuclear_only.fa	1
rps7	ECHO	6.80026e-05	8.5174e-05	0.798396	579	/work/cyu/stickleback_nuclear_only.fa	1
rps7	FRED	0.00149511	0.000142913	10.4617	579	/work/cyu/stickleback_nuclear_only.fa	1
rps7	LAW	0.000227994	0.000156236	1.4593	579	/work/cyu/stickleback_nuclear_only.fa	1
rps7	PACH	0.000338515	7.34049e-05	4.61161	579	/work/cyu/stickleback_nuclear_only.fa	1
rps7	RS	0.00180539	0.000455998	3.9592	579	/work/cyu/stickleback_nuclear_only.fa	1
rps7	SC	0.00156527	0.000134822	11.6099	579	/work/cyu/stickleback_nuclear_only.fa	1
rps7	LB	0.00119388	0.000161777	7.37975	579	/work/cyu/stickleback_nuclear_only.fa	1
rps7	CH	0.00111292	9.49525e-05	11.7209	579	/work/cyu/stickleback_nuclear_only.fa	1
rps7	LG	0.000373381	9.85105e-05	3.79026	579	/work/cyu/stickleback_nuclear_only.fa	1
rps7	SR	0.000751551	2.59142e-05	29.0015	579	/work/cyu/stickleback_nuclear_only.fa	1
rps7	SL	0.00109384	5.95834e-05	18.3581	579	/work/cyu/stickleback_nuclear_only.fa	1
rps7	TL	0.000117895	6.45877e-05	1.82535	579	/work/cyu/stickleback_nuclear_only.fa	1
rps7	WB	0.000229289	5.83705e-05	3.92816	579	/work/cyu/stickleback_nuclear_only.fa	1
rps7	WT	0.000712675	0.000113103	6.30112	579	/work/cyu/stickleback_nuclear_only.fa	1
rps7	WK	0.000609334	6.60601e-05	9.22393	579	/work/cyu/stickleback_nuclear_only.fa	1
rps7	SWA	0.00169444	6.07636e-05	27.8858	579	/work/cyu/stickleback_nuclear_only.fa	1
rps8a	THE	0.00104086	0.00015757	6.60571	615	/work/cyu/stickleback_nuclear_only.fa	1
rps8a	JOE	0.000447756	9.40217e-05	4.76227	615	/work/cyu/stickleback_nuclear_only.fa	1
rps8a	BEA	0.000192188	8.41944e-05	2.28266	615	/work/cyu/stickleback_nuclear_only.fa	1
rps8a	MUC	0.000214442	4.25941e-05	5.03454	615	/work/cyu/stickleback_nuclear_only.fa	1
rps8a	PYE	0.00129859	6.03337e-05	21.5234	615	/work/cyu/stickleback_nuclear_only.fa	1
rps8a	AMO	0.000722511	5.30074e-05	13.6304	615	/work/cyu/stickleback_nuclear_only.fa	1
rps8a	SAY	0.00105786	6.28292e-05	16.8371	615	/work/cyu/stickleback_nuclear_only.fa	1
rps8a	GOS	4.52713e-05	0	NA	615	/work/cyu/stickleback_nuclear_only.fa	1
rps8a	ROB	0.00108759	5.25695e-05	20.6887	615	/work/cyu/stickleback_nuclear_only.fa	1
rps8a	FG	0.000560564	4.47029e-05	12.5398	615	/work/cyu/stickleback_nuclear_only.fa	1
rps8a	BOOT	0.000437633	8.87494e-05	4.93111	615	/work/cyu/stickleback_nuclear_only.fa	1
rps8a	ECHO	0.000100189	3.82071e-05	2.62227	615	/work/cyu/stickleback_nuclear_only.fa	1
rps8a	FRED	0.000357797	0	NA	615	/work/cyu/stickleback_nuclear_only.fa	1
rps8a	LAW	0.000549845	0.000402721	1.36532	615	/work/cyu/stickleback_nuclear_only.fa	1
rps8a	PACH	0.000233894	3.60725e-05	6.48399	615	/work/cyu/stickleback_nuclear_only.fa	1
rps8a	RS	0.00143994	0.000206793	6.96319	615	/work/cyu/stickleback_nuclear_only.fa	1
rps8a	SC	0.00140116	0.000108754	12.8838	615	/work/cyu/stickleback_nuclear_only.fa	1
rps8a	LB	0.00103275	3.2121e-05	32.1517	615	/work/cyu/stickleback_nuclear_only.fa	1
rps8a	CH	0.000970815	7.55175e-05	12.8555	615	/work/cyu/stickleback_nuclear_only.fa	1
rps8a	LG	0.000696019	8.01323e-05	8.68588	615	/work/cyu/stickleback_nuclear_only.fa	1
rps8a	SR	0.00067326	6.01631e-05	11.1906	615	/work/cyu/stickleback_nuclear_only.fa	1
rps8a	SL	0.000726708	6.06109e-05	11.9897	615	/work/cyu/stickleback_nuclear_only.fa	1
rps8a	TL	3.41767e-05	3.12479e-05	1.09373	615	/work/cyu/stickleback_nuclear_only.fa	1
rps8a	WB	0.000925848	9.35339e-05	9.89852	615	/work/cyu/stickleback_nuclear_only.fa	1
rps8a	WT	0.000793443	8.07233e-05	9.82917	615	/work/cyu/stickleback_nuclear_only.fa	1
rps8a	WK	0.000423042	6.16478e-05	6.86224	615	/work/cyu/stickleback_nuclear_only.fa	1
rps8a	SWA	9.07601e-05	0.000133725	0.678705	615	/work/cyu/stickleback_nuclear_only.fa	1
rps9	THE	0.00255208	2.29899e-05	111.009	576	/work/cyu/stickleback_nuclear_only.fa	1
rps9	JOE	0.000742173	0.000186927	3.97039	576	/work/cyu/stickleback_nuclear_only.fa	1
rps9	BEA	0.000259858	0.000175822	1.47796	576	/work/cyu/stickleback_nuclear_only.fa	1
rps9	MUC	0.000190009	6.06535e-05	3.1327	576	/work/cyu/stickleback_nuclear_only.fa	1
rps9	PYE	0.00102063	3.15433e-05	32.3563	576	/work/cyu/stickleback_nuclear_only.fa	1
rps9	AMO	0.00101576	5.46718e-05	18.5793	576	/work/cyu/stickleback_nuclear_only.fa	1
rps9	SAY	0.00218976	3.59721e-05	60.874	576	/work/cyu/stickleback_nuclear_only.fa	1
rps9	GOS	0.000259116	0.000149664	1.73131	576	/work/cyu/stickleback_nuclear_only.fa	1
rps9	ROB	0.00140526	0.000149558	9.39612	576	/work/cyu/stickleback_nuclear_only.fa	1
rps9	FG	0.00162425	0.000131884	12.3158	576	/work/cyu/stickleback_nuclear_only.fa	1
rps9	BOOT	0.00137318	8.13366e-05	16.8827	576	/work/cyu/stickleback_nuclear_only.fa	1
rps9	ECHO	0.000305423	6.92138e-05	4.41275	576	/work/cyu/stickleback_nuclear_only.fa	1
rps9	FRED	0.000344385	0.000132201	2.605	576	/work/cyu/stickleback_nuclear_only.fa	1
rps9	LAW	0.00550894	0.000268865	20.4896	576	/work/cyu/stickleback_nuclear_only.fa	1
rps9	PACH	0.000513188	8.61649e-05	5.95588	576	/work/cyu/stickleback_nuclear_only.fa	1
rps9	RS	0.00162646	0.000348312	4.66954	576	/work/cyu/stickleback_nuclear_only.fa	1
rps9	SC	0.00143691	0.000151353	9.49377	576	/work/cyu/stickleback_nuclear_only.fa	1
rps9	LB	0.00136438	0.000192039	7.10468	576	/work/cyu/stickleback_nuclear_only.fa	1
rps9	CH	0.00172203	0.000109318	15.7525	576	/work/cyu/stickleback_nuclear_only.fa	1
rps9	LG	0.00118121	3.38302e-05	34.9158	576	/work/cyu/stickleback_nuclear_only.fa	1
rps9	SR	0.00185081	0.000267712	6.91343	576	/work/cyu/stickleback_nuclear_only.fa	1
rps9	SL	0.00197082	5.33716e-05	36.9264	576	/work/cyu/stickleback_nuclear_only.fa	1
rps9	TL	0.000140621	6.1828e-05	2.27439	576	/work/cyu/stickleback_nuclear_only.fa	1
rps9	WB	0.000998727	2.98303e-05	33.4803	576	/work/cyu/stickleback_nuclear_only.fa	1
rps9	WT	0.00095867	0.000104116	9.20769	576	/work/cyu/stickleback_nuclear_only.fa	1
rps9	WK	0.000887401	5.756e-05	15.417	576	/work/cyu/stickleback_nuclear_only.fa	1
rps9	SWA	0.00377357	0.00016029	23.5422	576	/work/cyu/stickleback_nuclear_only.fa	1
rpsa	THE	0.000551	0.00103757	0.531049	876	/work/cyu/stickleback_nuclear_only.fa	1
rpsa	JOE	0.000916783	0.00140927	0.650538	876	/work/cyu/stickleback_nuclear_only.fa	1
rpsa	BEA	0.000376691	1.58892e-05	23.7073	876	/work/cyu/stickleback_nuclear_only.fa	1
rpsa	MUC	0.000157138	0.000559773	0.280717	876	/work/cyu/stickleback_nuclear_only.fa	1
rpsa	PYE	0.000285771	0.000771823	0.370254	876	/work/cyu/stickleback_nuclear_only.fa	1
rpsa	AMO	0.000666938	0.000667371	0.99935	876	/work/cyu/stickleback_nuclear_only.fa	1
rpsa	SAY	0.000992501	0.00110382	0.899151	876	/work/cyu/stickleback_nuclear_only.fa	1
rpsa	GOS	0.000194034	0.00117113	0.165681	876	/work/cyu/stickleback_nuclear_only.fa	1
rpsa	ROB	0.00105986	0.00101284	1.04643	876	/work/cyu/stickleback_nuclear_only.fa	1
rpsa	FG	0.000501783	0.00102723	0.48848	876	/work/cyu/stickleback_nuclear_only.fa	1
rpsa	BOOT	0.000406519	0.00124303	0.327038	876	/work/cyu/stickleback_nuclear_only.fa	1
rpsa	ECHO	0.000186861	0.00119538	0.15632	876	/work/cyu/stickleback_nuclear_only.fa	1
rpsa	FRED	0.000109246	2.6226e-05	4.16557	876	/work/cyu/stickleback_nuclear_only.fa	1
rpsa	LAW	0.000307222	0.000669386	0.458961	876	/work/cyu/stickleback_nuclear_only.fa	1
rpsa	PACH	0.000393145	6.09378e-05	6.45157	876	/work/cyu/stickleback_nuclear_only.fa	1
rpsa	RS	0.00171696	0.00123241	1.39318	876	/work/cyu/stickleback_nuclear_only.fa	1
rpsa	SC	0.000793093	0.00102217	0.775889	876	/work/cyu/stickleback_nuclear_only.fa	1
rpsa	LB	0.000976364	0.000792483	1.23203	876	/work/cyu/stickleback_nuclear_only.fa	1
rpsa	CH	0.000558054	0.00121401	0.459679	876	/work/cyu/stickleback_nuclear_only.fa	1
rpsa	LG	0.000156024	0.0010898	0.143168	876	/work/cyu/stickleback_nuclear_only.fa	1
rpsa	SR	0.000826217	0.00113341	0.728965	876	/work/cyu/stickleback_nuclear_only.fa	1
rpsa	SL	0.000845306	0.00117172	0.721421	876	/work/cyu/stickleback_nuclear_only.fa	1
rpsa	TL	0.000242984	0.00012339	1.96923	876	/work/cyu/stickleback_nuclear_only.fa	1
rpsa	WB	0.000287191	0.000868141	0.330812	876	/work/cyu/stickleback_nuclear_only.fa	1
rpsa	WT	0.00135882	0.000606077	2.24199	876	/work/cyu/stickleback_nuclear_only.fa	1
rpsa	WK	0.000593014	0.000888659	0.667313	876	/work/cyu/stickleback_nuclear_only.fa	1
rpsa	SWA	0.00015207	0.000135876	1.11918	876	/work/cyu/stickleback_nuclear_only.fa	1
sars	THE	0.00181371	0.000727486	2.49312	1539	/work/cyu/stickleback_nuclear_only.fa	1
sars	JOE	0.000538492	0.000126435	4.25905	1539	/work/cyu/stickleback_nuclear_only.fa	1
sars	BEA	0.000517287	0.000417686	1.23846	1539	/work/cyu/stickleback_nuclear_only.fa	1
sars	MUC	0.00142285	9.02478e-05	15.766	1539	/work/cyu/stickleback_nuclear_only.fa	1
sars	PYE	0.00191081	0.000779499	2.45133	1539	/work/cyu/stickleback_nuclear_only.fa	1
sars	AMO	0.00123286	0.000520242	2.36978	1539	/work/cyu/stickleback_nuclear_only.fa	1
sars	SAY	0.00245762	0.00071911	3.41759	1539	/work/cyu/stickleback_nuclear_only.fa	1
sars	GOS	0.000941438	0.000425481	2.21265	1539	/work/cyu/stickleback_nuclear_only.fa	1
sars	ROB	0.00119446	0.000855081	1.3969	1539	/work/cyu/stickleback_nuclear_only.fa	1
sars	FG	0.00134803	0.000769498	1.75182	1539	/work/cyu/stickleback_nuclear_only.fa	1
sars	BOOT	0.000328043	0.000134674	2.43582	1539	/work/cyu/stickleback_nuclear_only.fa	1
sars	ECHO	0.000876327	1.95959e-05	44.72	1539	/work/cyu/stickleback_nuclear_only.fa	1
sars	FRED	0.00147617	0.000129097	11.4346	1539	/work/cyu/stickleback_nuclear_only.fa	1
sars	LAW	0.00173291	0.000732279	2.36646	1539	/work/cyu/stickleback_nuclear_only.fa	1
sars	PACH	0.000342388	8.34826e-05	4.10131	1539	/work/cyu/stickleback_nuclear_only.fa	1
sars	RS	0.00304431	0.000769897	3.95417	1539	/work/cyu/stickleback_nuclear_only.fa	1
sars	SC	0.00238459	0.000517214	4.61045	1539	/work/cyu/stickleback_nuclear_only.fa	1
sars	LB	0.00206491	0.000684921	3.01481	1539	/work/cyu/stickleback_nuclear_only.fa	1
sars	CH	0.00201888	0.000645609	3.1271	1539	/work/cyu/stickleback_nuclear_only.fa	1
sars	LG	0.00192016	0.000711822	2.69753	1539	/work/cyu/stickleback_nuclear_only.fa	1
sars	SR	0.00123293	0.000103962	11.8595	1539	/work/cyu/stickleback_nuclear_only.fa	1
sars	SL	0.00153241	0.000407889	3.75692	1539	/work/cyu/stickleback_nuclear_only.fa	1
sars	TL	0.00093971	0.000108192	8.6856	1539	/work/cyu/stickleback_nuclear_only.fa	1
sars	WB	0.0022182	0.000485776	4.56631	1539	/work/cyu/stickleback_nuclear_only.fa	1
sars	WT	0.00217444	0.000368649	5.89839	1539	/work/cyu/stickleback_nuclear_only.fa	1
sars	WK	0.00104696	0.000249656	4.19363	1539	/work/cyu/stickleback_nuclear_only.fa	1
sars	SWA	0.00144373	0.000295282	4.88932	1539	/work/cyu/stickleback_nuclear_only.fa	1
sars2	THE	0.00181671	0.00108335	1.67695	1524	/work/cyu/stickleback_nuclear_only.fa	1
sars2	JOE	0.000586171	0.000136099	4.30696	1524	/work/cyu/stickleback_nuclear_only.fa	1
sars2	BEA	0.00126721	0.000465453	2.72253	1524	/work/cyu/stickleback_nuclear_only.fa	1
sars2	MUC	0.000548964	7.91711e-05	6.93389	1524	/work/cyu/stickleback_nuclear_only.fa	1
sars2	PYE	0.00224558	0.00120066	1.87029	1524	/work/cyu/stickleback_nuclear_only.fa	1
sars2	AMO	0.00185221	0.000735369	2.51875	1524	/work/cyu/stickleback_nuclear_only.fa	1
sars2	SAY	0.00209028	0.000751317	2.78215	1524	/work/cyu/stickleback_nuclear_only.fa	1
sars2	GOS	0.000398257	0.000302515	1.31649	1524	/work/cyu/stickleback_nuclear_only.fa	1
sars2	ROB	0.0015232	0.000906553	1.68021	1524	/work/cyu/stickleback_nuclear_only.fa	1
sars2	FG	0.00177769	0.00114467	1.55301	1524	/work/cyu/stickleback_nuclear_only.fa	1
sars2	BOOT	0.00111057	0.000846554	1.31188	1524	/work/cyu/stickleback_nuclear_only.fa	1
sars2	ECHO	0.000337434	0.000135546	2.48944	1524	/work/cyu/stickleback_nuclear_only.fa	1
sars2	FRED	0.000788889	0.000916839	0.860445	1524	/work/cyu/stickleback_nuclear_only.fa	1
sars2	LAW	0.00096023	0.000855721	1.12213	1524	/work/cyu/stickleback_nuclear_only.fa	1
sars2	PACH	0.000604666	0.000822768	0.734917	1524	/work/cyu/stickleback_nuclear_only.fa	1
sars2	RS	0.00245829	0.00148036	1.6606	1524	/work/cyu/stickleback_nuclear_only.fa	1
sars2	SC	0.00219632	0.00127749	1.71924	1524	/work/cyu/stickleback_nuclear_only.fa	1
sars2	LB	0.00192162	0.00131698	1.45911	1524	/work/cyu/stickleback_nuclear_only.fa	1
sars2	CH	0.0017663	0.00120998	1.45978	1524	/work/cyu/stickleback_nuclear_only.fa	1
sars2	LG	0.00179774	0.00131349	1.36868	1524	/work/cyu/stickleback_nuclear_only.fa	1
sars2	SR	0.0015292	0.000846945	1.80555	1524	/work/cyu/stickleback_nuclear_only.fa	1
sars2	SL	0.00148593	0.00108174	1.37364	1524	/work/cyu/stickleback_nuclear_only.fa	1
sars2	TL	0.000633241	0.00087694	0.722104	1524	/work/cyu/stickleback_nuclear_only.fa	1
sars2	WB	0.0022405	0.00123651	1.81196	1524	/work/cyu/stickleback_nuclear_only.fa	1
sars2	WT	0.00218957	0.00137376	1.59385	1524	/work/cyu/stickleback_nuclear_only.fa	1
sars2	WK	0.0011593	0.000792739	1.4624	1524	/work/cyu/stickleback_nuclear_only.fa	1
sars2	SWA	0.00168625	0.000712416	2.36695	1524	/work/cyu/stickleback_nuclear_only.fa	1
sco1	THE	0.0024145	0.000990903	2.43666	885	/work/cyu/stickleback_nuclear_only.fa	1
sco1	JOE	0.000832855	0.00112109	0.7429	885	/work/cyu/stickleback_nuclear_only.fa	1
sco1	BEA	0.00203531	0.00120793	1.68495	885	/work/cyu/stickleback_nuclear_only.fa	1
sco1	MUC	0.000378316	0.000134102	2.82111	885	/work/cyu/stickleback_nuclear_only.fa	1
sco1	PYE	0.00322174	0.00229158	1.4059	885	/work/cyu/stickleback_nuclear_only.fa	1
sco1	AMO	0.00328011	0.00105389	3.11239	885	/work/cyu/stickleback_nuclear_only.fa	1
sco1	SAY	0.00246231	0.00124887	1.97162	885	/work/cyu/stickleback_nuclear_only.fa	1
sco1	GOS	0.00266485	0.000887988	3.001	885	/work/cyu/stickleback_nuclear_only.fa	1
sco1	ROB	0.00284551	0.00185469	1.53422	885	/work/cyu/stickleback_nuclear_only.fa	1
sco1	FG	0.00359396	0.00100068	3.59153	885	/work/cyu/stickleback_nuclear_only.fa	1
sco1	BOOT	0.00297597	0.00119958	2.48085	885	/work/cyu/stickleback_nuclear_only.fa	1
sco1	ECHO	0.000491512	7.09064e-05	6.93184	885	/work/cyu/stickleback_nuclear_only.fa	1
sco1	FRED	0.00029725	0.000140475	2.11603	885	/work/cyu/stickleback_nuclear_only.fa	1
sco1	LAW	0.00209536	0.00124974	1.67664	885	/work/cyu/stickleback_nuclear_only.fa	1
sco1	PACH	0.000354197	9.80268e-05	3.61327	885	/work/cyu/stickleback_nuclear_only.fa	1
sco1	RS	0.00354985	0.00212067	1.67393	885	/work/cyu/stickleback_nuclear_only.fa	1
sco1	SC	0.00322859	0.00181463	1.7792	885	/work/cyu/stickleback_nuclear_only.fa	1
sco1	LB	0.00283361	0.00108928	2.60135	885	/work/cyu/stickleback_nuclear_only.fa	1
sco1	CH	0.00294799	0.00176404	1.67116	885	/work/cyu/stickleback_nuclear_only.fa	1
sco1	LG	0.00278957	0.00143432	1.94488	885	/work/cyu/stickleback_nuclear_only.fa	1
sco1	SR	0.00152265	0.000880703	1.7289	885	/work/cyu/stickleback_nuclear_only.fa	1
sco1	SL	0.00226715	0.000770007	2.94432	885	/work/cyu/stickleback_nuclear_only.fa	1
sco1	TL	0.00242695	0.000721521	3.36366	885	/work/cyu/stickleback_nuclear_only.fa	1
sco1	WB	0.00227268	0.00146023	1.55639	885	/work/cyu/stickleback_nuclear_only.fa	1
sco1	WT	0.00229515	0.00139555	1.64462	885	/work/cyu/stickleback_nuclear_only.fa	1
sco1	WK	0.000863189	0.00068005	1.2693	885	/work/cyu/stickleback_nuclear_only.fa	1
sco1	SWA	0.000319423	0.0005624	0.567964	885	/work/cyu/stickleback_nuclear_only.fa	1
sco2	THE	0.000898808	8.692e-05	10.3406	684	/work/cyu/stickleback_nuclear_only.fa	1
sco2	JOE	0.00058325	0.000229165	2.54511	684	/work/cyu/stickleback_nuclear_only.fa	1
sco2	BEA	0.000831484	0.000802906	1.03559	684	/work/cyu/stickleback_nuclear_only.fa	1
sco2	MUC	0.000197074	0.000181438	1.08618	684	/work/cyu/stickleback_nuclear_only.fa	1
sco2	PYE	0.0011386	6.5143e-05	17.4785	684	/work/cyu/stickleback_nuclear_only.fa	1
sco2	AMO	0.000159344	0.000504737	0.315698	684	/work/cyu/stickleback_nuclear_only.fa	1
sco2	SAY	0.000242649	0.000872658	0.278057	684	/work/cyu/stickleback_nuclear_only.fa	1
sco2	GOS	0.00140045	0.000108515	12.9056	684	/work/cyu/stickleback_nuclear_only.fa	1
sco2	ROB	9.16696e-05	0.000157196	0.583155	684	/work/cyu/stickleback_nuclear_only.fa	1
sco2	FG	0.000358579	4.23408e-05	8.46887	684	/work/cyu/stickleback_nuclear_only.fa	1
sco2	BOOT	0.0022922	0.000793868	2.88738	684	/work/cyu/stickleback_nuclear_only.fa	1
sco2	ECHO	0.00173992	8.25999e-05	21.0644	684	/work/cyu/stickleback_nuclear_only.fa	1
sco2	FRED	0.000364696	0.000142958	2.55107	684	/work/cyu/stickleback_nuclear_only.fa	1
sco2	LAW	0.000688693	0.000401443	1.71554	684	/work/cyu/stickleback_nuclear_only.fa	1
sco2	PACH	0.000271248	0.000252361	1.07484	684	/work/cyu/stickleback_nuclear_only.fa	1
sco2	RS	0.00128445	0.000930268	1.38073	684	/work/cyu/stickleback_nuclear_only.fa	1
sco2	SC	0.000730879	0.000512754	1.4254	684	/work/cyu/stickleback_nuclear_only.fa	1
sco2	LB	0.000816039	0.000384451	2.12261	684	/work/cyu/stickleback_nuclear_only.fa	1
sco2	CH	0.000369487	0.000372615	0.991604	684	/work/cyu/stickleback_nuclear_only.fa	1
sco2	LG	0.000190694	0.000197723	0.96445	684	/work/cyu/stickleback_nuclear_only.fa	1
sco2	SR	0.000197732	1.76018e-05	11.2336	684	/work/cyu/stickleback_nuclear_only.fa	1
sco2	SL	0.000295738	6.96671e-05	4.24502	684	/work/cyu/stickleback_nuclear_only.fa	1
sco2	TL	0.000226539	0.00015198	1.49059	684	/work/cyu/stickleback_nuclear_only.fa	1
sco2	WB	0.000920787	4.95023e-05	18.6009	684	/work/cyu/stickleback_nuclear_only.fa	1
sco2	WT	0.000180722	0.000743296	0.243137	684	/work/cyu/stickleback_nuclear_only.fa	1
sco2	WK	0.00026724	0.000219866	1.21547	684	/work/cyu/stickleback_nuclear_only.fa	1
sco2	SWA	0.00022223	0.000665707	0.333826	684	/work/cyu/stickleback_nuclear_only.fa	1
sdha	THE	0.00172409	0.00190555	0.904773	1977	/work/cyu/stickleback_nuclear_only.fa	1
sdha	JOE	0.00237177	0.00123058	1.92736	1977	/work/cyu/stickleback_nuclear_only.fa	1
sdha	BEA	0.00167172	0.00110614	1.5113	1977	/work/cyu/stickleback_nuclear_only.fa	1
sdha	MUC	0.000252393	0.000338345	0.745965	1977	/work/cyu/stickleback_nuclear_only.fa	1
sdha	PYE	0.00146889	0.00223349	0.657666	1977	/work/cyu/stickleback_nuclear_only.fa	1
sdha	AMO	0.00105901	0.000486444	2.17704	1977	/work/cyu/stickleback_nuclear_only.fa	1
sdha	SAY	0.00195805	0.0022236	0.880577	1977	/work/cyu/stickleback_nuclear_only.fa	1
sdha	GOS	0.00133706	0.00101373	1.31895	1977	/work/cyu/stickleback_nuclear_only.fa	1
sdha	ROB	0.00296092	0.00198179	1.49406	1977	/work/cyu/stickleback_nuclear_only.fa	1
sdha	FG	0.000498491	0.00104298	0.477949	1977	/work/cyu/stickleback_nuclear_only.fa	1
sdha	BOOT	0.00148808	0.000685406	2.1711	1977	/work/cyu/stickleback_nuclear_only.fa	1
sdha	ECHO	0.000389145	8.84997e-05	4.39713	1977	/work/cyu/stickleback_nuclear_only.fa	1
sdha	FRED	0.00037232	0.000740293	0.502936	1977	/work/cyu/stickleback_nuclear_only.fa	1
sdha	LAW	0.00178299	0.00136879	1.30261	1977	/work/cyu/stickleback_nuclear_only.fa	1
sdha	PACH	0.00025882	0.000599509	0.431721	1977	/work/cyu/stickleback_nuclear_only.fa	1
sdha	RS	0.00120097	0.00185118	0.648755	1977	/work/cyu/stickleback_nuclear_only.fa	1
sdha	SC	0.0021889	0.00221668	0.987469	1977	/work/cyu/stickleback_nuclear_only.fa	1
sdha	LB	0.000441232	0.00082644	0.533895	1977	/work/cyu/stickleback_nuclear_only.fa	1
sdha	CH	0.00216653	0.00227252	0.953361	1977	/work/cyu/stickleback_nuclear_only.fa	1
sdha	LG	0.00139808	0.000646136	2.16375	1977	/work/cyu/stickleback_nuclear_only.fa	1
sdha	SR	0.00162049	0.00073065	2.21787	1977	/work/cyu/stickleback_nuclear_only.fa	1
sdha	SL	0.00221244	0.00142475	1.55286	1977	/work/cyu/stickleback_nuclear_only.fa	1
sdha	TL	0.00031828	0.000193091	1.64834	1977	/work/cyu/stickleback_nuclear_only.fa	1
sdha	WB	0.00107287	0.00136733	0.784647	1977	/work/cyu/stickleback_nuclear_only.fa	1
sdha	WT	0.00252209	0.00132962	1.89685	1977	/work/cyu/stickleback_nuclear_only.fa	1
sdha	WK	0.000466661	0.000220617	2.11525	1977	/work/cyu/stickleback_nuclear_only.fa	1
sdha	SWA	0.000173664	0.000468355	0.370796	1977	/work/cyu/stickleback_nuclear_only.fa	1
sdhaf2	THE	0.0014198	0.000121712	11.6653	495	/work/cyu/stickleback_nuclear_only.fa	1
sdhaf2	JOE	0.00234121	0.00126343	1.85306	495	/work/cyu/stickleback_nuclear_only.fa	1
sdhaf2	BEA	0.00145036	0.00183009	0.792509	495	/work/cyu/stickleback_nuclear_only.fa	1
sdhaf2	MUC	0.000144921	0.000192478	0.752923	495	/work/cyu/stickleback_nuclear_only.fa	1
sdhaf2	PYE	0.00293693	0.00131043	2.2412	495	/work/cyu/stickleback_nuclear_only.fa	1
sdhaf2	AMO	0.00115767	0.000633764	1.82666	495	/work/cyu/stickleback_nuclear_only.fa	1
sdhaf2	SAY	0.00226379	0.00169968	1.33189	495	/work/cyu/stickleback_nuclear_only.fa	1
sdhaf2	GOS	0.000521569	0.000825905	0.631512	495	/work/cyu/stickleback_nuclear_only.fa	1
sdhaf2	ROB	0.00265464	0.0011665	2.27573	495	/work/cyu/stickleback_nuclear_only.fa	1
sdhaf2	FG	0.00190877	0.00114722	1.66382	495	/work/cyu/stickleback_nuclear_only.fa	1
sdhaf2	BOOT	0.00126284	0.000169663	7.44326	495	/work/cyu/stickleback_nuclear_only.fa	1
sdhaf2	ECHO	0.000262148	0.000935893	0.280104	495	/work/cyu/stickleback_nuclear_only.fa	1
sdhaf2	FRED	0.000384333	0.000259434	1.48143	495	/work/cyu/stickleback_nuclear_only.fa	1
sdhaf2	LAW	0.000261965	5.59198e-05	4.68464	495	/work/cyu/stickleback_nuclear_only.fa	1
sdhaf2	PACH	0.000480364	0.000243186	1.9753	495	/work/cyu/stickleback_nuclear_only.fa	1
sdhaf2	RS	0.00244035	0.00134937	1.8085	495	/work/cyu/stickleback_nuclear_only.fa	1
sdhaf2	SC	0.00213614	0.0010289	2.07613	495	/work/cyu/stickleback_nuclear_only.fa	1
sdhaf2	LB	0.00203791	0.0011825	1.7234	495	/work/cyu/stickleback_nuclear_only.fa	1
sdhaf2	CH	0.0020223	0.00107762	1.87663	495	/work/cyu/stickleback_nuclear_only.fa	1
sdhaf2	LG	0.00194733	0.000361798	5.38236	495	/work/cyu/stickleback_nuclear_only.fa	1
sdhaf2	SR	0.00216722	0.00101225	2.14099	495	/work/cyu/stickleback_nuclear_only.fa	1
sdhaf2	SL	0.000573281	0.00149443	0.383613	495	/work/cyu/stickleback_nuclear_only.fa	1
sdhaf2	TL	0.00111891	0.000706853	1.58294	495	/work/cyu/stickleback_nuclear_only.fa	1
sdhaf2	WB	0.00206889	0.00196961	1.0504	495	/work/cyu/stickleback_nuclear_only.fa	1
sdhaf2	WT	0.00124114	0.00184478	0.672782	495	/work/cyu/stickleback_nuclear_only.fa	1
sdhaf2	WK	0.000460529	0.000854313	0.539064	495	/work/cyu/stickleback_nuclear_only.fa	1
sdhaf2	SWA	0.00145742	0.00115986	1.25655	495	/work/cyu/stickleback_nuclear_only.fa	1
sdhaf3	THE	0.000435218	0.000199475	2.18181	369	/work/cyu/stickleback_nuclear_only.fa	1
sdhaf3	JOE	0.000135085	0.00118152	0.114331	369	/work/cyu/stickleback_nuclear_only.fa	1
sdhaf3	BEA	0.00035271	0.00083702	0.421388	369	/work/cyu/stickleback_nuclear_only.fa	1
sdhaf3	MUC	0.00101811	0.00181105	0.562163	369	/work/cyu/stickleback_nuclear_only.fa	1
sdhaf3	PYE	0.000218083	0.001266	0.172262	369	/work/cyu/stickleback_nuclear_only.fa	1
sdhaf3	AMO	0.00306877	0.00287555	1.06719	369	/work/cyu/stickleback_nuclear_only.fa	1
sdhaf3	SAY	0.00092769	0.0018277	0.507571	369	/work/cyu/stickleback_nuclear_only.fa	1
sdhaf3	GOS	0.000449728	0.00107767	0.417314	369	/work/cyu/stickleback_nuclear_only.fa	1
sdhaf3	ROB	0.000972523	0.00199465	0.487565	369	/work/cyu/stickleback_nuclear_only.fa	1
sdhaf3	FG	0.00021483	0.00361674	0.0593987	369	/work/cyu/stickleback_nuclear_only.fa	1
sdhaf3	BOOT	0.000686728	0.000616303	1.11427	369	/work/cyu/stickleback_nuclear_only.fa	1
sdhaf3	ECHO	0.000399319	0.000199427	2.00233	369	/work/cyu/stickleback_nuclear_only.fa	1
sdhaf3	FRED	0.000461209	0.000358916	1.28501	369	/work/cyu/stickleback_nuclear_only.fa	1
sdhaf3	LAW	0.000692206	0.00331156	0.209027	369	/work/cyu/stickleback_nuclear_only.fa	1
sdhaf3	PACH	8.96747e-05	0	NA	369	/work/cyu/stickleback_nuclear_only.fa	1
sdhaf3	RS	0.00177095	0.00268053	0.660672	369	/work/cyu/stickleback_nuclear_only.fa	1
sdhaf3	SC	0.00181242	0.00394317	0.459635	369	/work/cyu/stickleback_nuclear_only.fa	1
sdhaf3	LB	0.000644717	0.0028111	0.229347	369	/work/cyu/stickleback_nuclear_only.fa	1
sdhaf3	CH	0.000902553	0.00305061	0.29586	369	/work/cyu/stickleback_nuclear_only.fa	1
sdhaf3	LG	0.000292322	0.00352706	0.0828798	369	/work/cyu/stickleback_nuclear_only.fa	1
sdhaf3	SR	0.000294505	0.00263707	0.111679	369	/work/cyu/stickleback_nuclear_only.fa	1
sdhaf3	SL	0.00078645	0.00262609	0.299476	369	/work/cyu/stickleback_nuclear_only.fa	1
sdhaf3	TL	0.000286304	0.0031915	0.0897085	369	/work/cyu/stickleback_nuclear_only.fa	1
sdhaf3	WB	0.000463509	0.00395713	0.117133	369	/work/cyu/stickleback_nuclear_only.fa	1
sdhaf3	WT	0.000370988	0.00312292	0.118795	369	/work/cyu/stickleback_nuclear_only.fa	1
sdhaf3	WK	0.00115412	0.000908299	1.27064	369	/work/cyu/stickleback_nuclear_only.fa	1
sdhaf3	SWA	0.00207122	0.00238096	0.869909	369	/work/cyu/stickleback_nuclear_only.fa	1
sdhaf4	THE	0.000289716	0.000170742	1.69681	321	/work/cyu/stickleback_nuclear_only.fa	1
sdhaf4	JOE	0.000525224	0.000214048	2.45377	321	/work/cyu/stickleback_nuclear_only.fa	1
sdhaf4	BEA	0.00148756	0.000968188	1.53644	321	/work/cyu/stickleback_nuclear_only.fa	1
sdhaf4	MUC	0.000397325	0.000139215	2.85404	321	/work/cyu/stickleback_nuclear_only.fa	1
sdhaf4	PYE	0.000268108	0.000267359	1.0028	321	/work/cyu/stickleback_nuclear_only.fa	1
sdhaf4	AMO	0.00161254	0	NA	321	/work/cyu/stickleback_nuclear_only.fa	1
sdhaf4	SAY	0.000766543	0	NA	321	/work/cyu/stickleback_nuclear_only.fa	1
sdhaf4	GOS	0.000323501	7.52436e-05	4.29938	321	/work/cyu/stickleback_nuclear_only.fa	1
sdhaf4	ROB	0.000546218	0	NA	321	/work/cyu/stickleback_nuclear_only.fa	1
sdhaf4	FG	0.00015745	0.000107289	1.46754	321	/work/cyu/stickleback_nuclear_only.fa	1
sdhaf4	BOOT	0.000224061	0	NA	321	/work/cyu/stickleback_nuclear_only.fa	1
sdhaf4	ECHO	0.000324921	0.000127104	2.55634	321	/work/cyu/stickleback_nuclear_only.fa	1
sdhaf4	FRED	0.000781256	0.000104858	7.45058	321	/work/cyu/stickleback_nuclear_only.fa	1
sdhaf4	LAW	0.00027021	0.000284687	0.949151	321	/work/cyu/stickleback_nuclear_only.fa	1
sdhaf4	PACH	0.000654435	0.000414052	1.58056	321	/work/cyu/stickleback_nuclear_only.fa	1
sdhaf4	RS	0.00123507	0.00044911	2.75004	321	/work/cyu/stickleback_nuclear_only.fa	1
sdhaf4	SC	0.000513079	0.000165525	3.0997	321	/work/cyu/stickleback_nuclear_only.fa	1
sdhaf4	LB	0.000489802	5.50491e-05	8.89756	321	/work/cyu/stickleback_nuclear_only.fa	1
sdhaf4	CH	0.000880183	0.000128765	6.8356	321	/work/cyu/stickleback_nuclear_only.fa	1
sdhaf4	LG	0.00022872	0.000115515	1.98	321	/work/cyu/stickleback_nuclear_only.fa	1
sdhaf4	SR	0.00163557	0	NA	321	/work/cyu/stickleback_nuclear_only.fa	1
sdhaf4	SL	6.46622e-05	5.27098e-05	1.22676	321	/work/cyu/stickleback_nuclear_only.fa	1
sdhaf4	TL	0.00015106	0.00146304	0.10325	321	/work/cyu/stickleback_nuclear_only.fa	1
sdhaf4	WB	0.000438319	0.000277875	1.57739	321	/work/cyu/stickleback_nuclear_only.fa	1
sdhaf4	WT	0.000589621	0.00025394	2.32189	321	/work/cyu/stickleback_nuclear_only.fa	1
sdhaf4	WK	0.000432368	0	NA	321	/work/cyu/stickleback_nuclear_only.fa	1
sdhaf4	SWA	0.000669596	0.000191289	3.50044	321	/work/cyu/stickleback_nuclear_only.fa	1
sdhc	THE	0.00346878	0.00138184	2.51026	504	/work/cyu/stickleback_nuclear_only.fa	1
sdhc	JOE	0.00285125	0.00028078	10.1547	504	/work/cyu/stickleback_nuclear_only.fa	1
sdhc	BEA	0.00336444	2.72413e-05	123.505	504	/work/cyu/stickleback_nuclear_only.fa	1
sdhc	MUC	0.000150076	9.16809e-05	1.63694	504	/work/cyu/stickleback_nuclear_only.fa	1
sdhc	PYE	0.00560186	0.00181133	3.09268	504	/work/cyu/stickleback_nuclear_only.fa	1
sdhc	AMO	0.00341091	0.000660905	5.16096	504	/work/cyu/stickleback_nuclear_only.fa	1
sdhc	SAY	0.00439157	0.00104239	4.21297	504	/work/cyu/stickleback_nuclear_only.fa	1
sdhc	GOS	0.00170956	0.000523781	3.26388	504	/work/cyu/stickleback_nuclear_only.fa	1
sdhc	ROB	0.0043629	0.000408793	10.6726	504	/work/cyu/stickleback_nuclear_only.fa	1
sdhc	FG	0.0027932	0.00157404	1.77454	504	/work/cyu/stickleback_nuclear_only.fa	1
sdhc	BOOT	0.00292827	0.000420236	6.96816	504	/work/cyu/stickleback_nuclear_only.fa	1
sdhc	ECHO	0.000227963	0.000155061	1.47015	504	/work/cyu/stickleback_nuclear_only.fa	1
sdhc	FRED	0.00172685	0.000502122	3.43911	504	/work/cyu/stickleback_nuclear_only.fa	1
sdhc	LAW	0.00345854	0.00137619	2.51314	504	/work/cyu/stickleback_nuclear_only.fa	1
sdhc	PACH	0.00164696	0.00064447	2.55553	504	/work/cyu/stickleback_nuclear_only.fa	1
sdhc	RS	0.00538174	0.00137246	3.92124	504	/work/cyu/stickleback_nuclear_only.fa	1
sdhc	SC	0.00394095	0.00119791	3.28985	504	/work/cyu/stickleback_nuclear_only.fa	1
sdhc	LB	0.0040628	0.00151533	2.68113	504	/work/cyu/stickleback_nuclear_only.fa	1
sdhc	CH	0.00508236	0.0011309	4.49407	504	/work/cyu/stickleback_nuclear_only.fa	1
sdhc	LG	0.00467082	0.00174497	2.67674	504	/work/cyu/stickleback_nuclear_only.fa	1
sdhc	SR	0.00378778	0.00129315	2.92911	504	/work/cyu/stickleback_nuclear_only.fa	1
sdhc	SL	0.00396866	0.000960524	4.13176	504	/work/cyu/stickleback_nuclear_only.fa	1
sdhc	TL	0.00395249	9.54798e-05	41.3961	504	/work/cyu/stickleback_nuclear_only.fa	1
sdhc	WB	0.00340684	0.0012727	2.67685	504	/work/cyu/stickleback_nuclear_only.fa	1
sdhc	WT	0.00386141	0.0015717	2.45683	504	/work/cyu/stickleback_nuclear_only.fa	1
sdhc	WK	0.00383748	0.00117525	3.26523	504	/work/cyu/stickleback_nuclear_only.fa	1
sdhc	SWA	0.00350298	0.000133521	26.2355	504	/work/cyu/stickleback_nuclear_only.fa	1
si:dkey-31b16.7	THE	0.000217287	6.44806e-05	3.36981	858	/work/cyu/stickleback_nuclear_only.fa	1
si:dkey-31b16.7	JOE	0.00102209	0.000165489	6.17616	858	/work/cyu/stickleback_nuclear_only.fa	1
si:dkey-31b16.7	BEA	0.00300501	5.35776e-05	56.087	858	/work/cyu/stickleback_nuclear_only.fa	1
si:dkey-31b16.7	MUC	0.00027765	6.45945e-05	4.29835	858	/work/cyu/stickleback_nuclear_only.fa	1
si:dkey-31b16.7	PYE	0.000204926	6.98077e-05	2.93558	858	/work/cyu/stickleback_nuclear_only.fa	1
si:dkey-31b16.7	AMO	0.00266086	0.000624859	4.25834	858	/work/cyu/stickleback_nuclear_only.fa	1
si:dkey-31b16.7	SAY	0.000662291	0.000103317	6.41025	858	/work/cyu/stickleback_nuclear_only.fa	1
si:dkey-31b16.7	GOS	0.000260363	2.95754e-05	8.80334	858	/work/cyu/stickleback_nuclear_only.fa	1
si:dkey-31b16.7	ROB	0.000619642	0.000156471	3.96012	858	/work/cyu/stickleback_nuclear_only.fa	1
si:dkey-31b16.7	FG	0.000185203	3.64763e-05	5.07736	858	/work/cyu/stickleback_nuclear_only.fa	1
si:dkey-31b16.7	BOOT	0.0002094	0	NA	858	/work/cyu/stickleback_nuclear_only.fa	1
si:dkey-31b16.7	ECHO	0.000267508	7.22253e-05	3.7038	858	/work/cyu/stickleback_nuclear_only.fa	1
si:dkey-31b16.7	FRED	0.000245595	8.4758e-05	2.8976	858	/work/cyu/stickleback_nuclear_only.fa	1
si:dkey-31b16.7	LAW	0.000383431	0.000177977	2.15439	858	/work/cyu/stickleback_nuclear_only.fa	1
si:dkey-31b16.7	PACH	0.000188107	4.9673e-05	3.78691	858	/work/cyu/stickleback_nuclear_only.fa	1
si:dkey-31b16.7	RS	0.00116453	0.00031925	3.6477	858	/work/cyu/stickleback_nuclear_only.fa	1
si:dkey-31b16.7	SC	0.000442211	5.19669e-05	8.50947	858	/work/cyu/stickleback_nuclear_only.fa	1
si:dkey-31b16.7	LB	0.000454852	0.000104551	4.35054	858	/work/cyu/stickleback_nuclear_only.fa	1
si:dkey-31b16.7	CH	0.000322042	7.7479e-05	4.15651	858	/work/cyu/stickleback_nuclear_only.fa	1
si:dkey-31b16.7	LG	0.000511252	0.000104125	4.90997	858	/work/cyu/stickleback_nuclear_only.fa	1
si:dkey-31b16.7	SR	0.000144801	8.92036e-05	1.62326	858	/work/cyu/stickleback_nuclear_only.fa	1
si:dkey-31b16.7	SL	0.000641927	9.49557e-05	6.76028	858	/work/cyu/stickleback_nuclear_only.fa	1
si:dkey-31b16.7	TL	0.000126755	6.0995e-05	2.07812	858	/work/cyu/stickleback_nuclear_only.fa	1
si:dkey-31b16.7	WB	8.88988e-05	6.62338e-05	1.3422	858	/work/cyu/stickleback_nuclear_only.fa	1
si:dkey-31b16.7	WT	0.00077226	5.01627e-05	15.3951	858	/work/cyu/stickleback_nuclear_only.fa	1
si:dkey-31b16.7	WK	0.000479661	2.00227e-05	23.9558	858	/work/cyu/stickleback_nuclear_only.fa	1
si:dkey-31b16.7	SWA	0.00146353	7.53654e-05	19.4192	858	/work/cyu/stickleback_nuclear_only.fa	1
surf1	THE	0.00387535	0.00133403	2.90501	903	/work/cyu/stickleback_nuclear_only.fa	1
surf1	JOE	0.00308019	0.00171066	1.80058	903	/work/cyu/stickleback_nuclear_only.fa	1
surf1	BEA	0.000330583	0.000206129	1.60377	903	/work/cyu/stickleback_nuclear_only.fa	1
surf1	MUC	0.00281319	0.00209795	1.34092	903	/work/cyu/stickleback_nuclear_only.fa	1
surf1	PYE	0.00610032	0.00207791	2.9358	903	/work/cyu/stickleback_nuclear_only.fa	1
surf1	AMO	0.00268335	0.00104077	2.57822	903	/work/cyu/stickleback_nuclear_only.fa	1
surf1	SAY	0.00435466	0.00119921	3.63128	903	/work/cyu/stickleback_nuclear_only.fa	1
surf1	GOS	0.00273891	0.00127237	2.15261	903	/work/cyu/stickleback_nuclear_only.fa	1
surf1	ROB	0.00406332	0.00069763	5.82447	903	/work/cyu/stickleback_nuclear_only.fa	1
surf1	FG	0.00452352	0.00114035	3.96679	903	/work/cyu/stickleback_nuclear_only.fa	1
surf1	BOOT	0.00441648	0.00104262	4.23592	903	/work/cyu/stickleback_nuclear_only.fa	1
surf1	ECHO	0.00204019	0.000964014	2.11635	903	/work/cyu/stickleback_nuclear_only.fa	1
surf1	FRED	0.00334821	0.000150315	22.2746	903	/work/cyu/stickleback_nuclear_only.fa	1
surf1	LAW	0.00302154	0.00120714	2.50306	903	/work/cyu/stickleback_nuclear_only.fa	1
surf1	PACH	0.00205227	0.000602745	3.40487	903	/work/cyu/stickleback_nuclear_only.fa	1
surf1	RS	0.00486616	0.0015709	3.09769	903	/work/cyu/stickleback_nuclear_only.fa	1
surf1	SC	0.00445316	0.00127559	3.49107	903	/work/cyu/stickleback_nuclear_only.fa	1
surf1	LB	0.00354189	0.00121974	2.90382	903	/work/cyu/stickleback_nuclear_only.fa	1
surf1	CH	0.0039167	0.00133942	2.92417	903	/work/cyu/stickleback_nuclear_only.fa	1
surf1	LG	0.0050906	0.00136936	3.71751	903	/work/cyu/stickleback_nuclear_only.fa	1
surf1	SR	0.0046513	0.000684414	6.79603	903	/work/cyu/stickleback_nuclear_only.fa	1
surf1	SL	0.00589202	0.000829755	7.10092	903	/work/cyu/stickleback_nuclear_only.fa	1
surf1	TL	0.0013958	0.00125835	1.10923	903	/work/cyu/stickleback_nuclear_only.fa	1
surf1	WB	0.00457723	0.00101913	4.49132	903	/work/cyu/stickleback_nuclear_only.fa	1
surf1	WT	0.00513828	0.00108906	4.71808	903	/work/cyu/stickleback_nuclear_only.fa	1
surf1	WK	0.00567087	0.000990765	5.72372	903	/work/cyu/stickleback_nuclear_only.fa	1
surf1	SWA	0.00508576	0.00206817	2.45907	903	/work/cyu/stickleback_nuclear_only.fa	1
taco1	THE	0.000301585	0.000115855	2.60312	945	/work/cyu/stickleback_nuclear_only.fa	1
taco1	JOE	0.000979865	0.000536752	1.82554	945	/work/cyu/stickleback_nuclear_only.fa	1
taco1	BEA	0.000156962	0.000124505	1.26069	945	/work/cyu/stickleback_nuclear_only.fa	1
taco1	MUC	0.00102866	0.000453643	2.26756	945	/work/cyu/stickleback_nuclear_only.fa	1
taco1	PYE	0.000602455	0.00017188	3.50509	945	/work/cyu/stickleback_nuclear_only.fa	1
taco1	AMO	0.000338217	0.000105358	3.21018	945	/work/cyu/stickleback_nuclear_only.fa	1
taco1	SAY	0.000978901	0.000474409	2.06341	945	/work/cyu/stickleback_nuclear_only.fa	1
taco1	GOS	0.000209693	0.000106286	1.97292	945	/work/cyu/stickleback_nuclear_only.fa	1
taco1	ROB	0.000712429	0.000281322	2.53243	945	/work/cyu/stickleback_nuclear_only.fa	1
taco1	FG	0.000630542	0.000103846	6.07191	945	/work/cyu/stickleback_nuclear_only.fa	1
taco1	BOOT	0.000465506	9.16619e-05	5.07851	945	/work/cyu/stickleback_nuclear_only.fa	1
taco1	ECHO	0.000301283	0.000109918	2.74098	945	/work/cyu/stickleback_nuclear_only.fa	1
taco1	FRED	0.000299775	0.00020521	1.46082	945	/work/cyu/stickleback_nuclear_only.fa	1
taco1	LAW	0.000535503	8.367e-05	6.40018	945	/work/cyu/stickleback_nuclear_only.fa	1
taco1	PACH	0.000188104	4.96872e-05	3.78577	945	/work/cyu/stickleback_nuclear_only.fa	1
taco1	RS	0.00133415	0.000824536	1.61806	945	/work/cyu/stickleback_nuclear_only.fa	1
taco1	SC	0.000932828	0.000397652	2.34584	945	/work/cyu/stickleback_nuclear_only.fa	1
taco1	LB	0.00110698	0.00055616	1.99041	945	/work/cyu/stickleback_nuclear_only.fa	1
taco1	CH	0.000810912	0.000786633	1.03087	945	/work/cyu/stickleback_nuclear_only.fa	1
taco1	LG	0.00077131	0.000684842	1.12626	945	/work/cyu/stickleback_nuclear_only.fa	1
taco1	SR	0.000811644	0.00140073	0.579443	945	/work/cyu/stickleback_nuclear_only.fa	1
taco1	SL	0.000381285	0.000128797	2.96035	945	/work/cyu/stickleback_nuclear_only.fa	1
taco1	TL	0.000215712	0.0004847	0.445042	945	/work/cyu/stickleback_nuclear_only.fa	1
taco1	WB	0.00120029	0.000189781	6.3246	945	/work/cyu/stickleback_nuclear_only.fa	1
taco1	WT	0.000846952	0.00096865	0.874364	945	/work/cyu/stickleback_nuclear_only.fa	1
taco1	WK	0.000451418	0.00207205	0.217861	945	/work/cyu/stickleback_nuclear_only.fa	1
taco1	SWA	0.0015714	0.0015428	1.01854	945	/work/cyu/stickleback_nuclear_only.fa	1
tars	THE	0.000599918	0.000764967	0.78424	2163	/work/cyu/stickleback_nuclear_only.fa	1
tars	JOE	0.000436436	0.00035312	1.23594	2163	/work/cyu/stickleback_nuclear_only.fa	1
tars	BEA	0.000625869	0.000280064	2.23473	2163	/work/cyu/stickleback_nuclear_only.fa	1
tars	MUC	0.000198403	9.7489e-05	2.03514	2163	/work/cyu/stickleback_nuclear_only.fa	1
tars	PYE	0.000496169	0.000753935	0.658106	2163	/work/cyu/stickleback_nuclear_only.fa	1
tars	AMO	0.00050766	0.0004272	1.18834	2163	/work/cyu/stickleback_nuclear_only.fa	1
tars	SAY	0.000788965	0.000684666	1.15234	2163	/work/cyu/stickleback_nuclear_only.fa	1
tars	GOS	0.000580487	0.000755305	0.768547	2163	/work/cyu/stickleback_nuclear_only.fa	1
tars	ROB	0.000718692	0.00034182	2.10254	2163	/work/cyu/stickleback_nuclear_only.fa	1
tars	FG	0.000803926	0.000633685	1.26865	2163	/work/cyu/stickleback_nuclear_only.fa	1
tars	BOOT	0.000408336	0.000645265	0.632818	2163	/work/cyu/stickleback_nuclear_only.fa	1
tars	ECHO	0.000558687	0.000724789	0.770827	2163	/work/cyu/stickleback_nuclear_only.fa	1
tars	FRED	0.000533222	0.00090297	0.59052	2163	/work/cyu/stickleback_nuclear_only.fa	1
tars	LAW	0.000791193	0.000580489	1.36298	2163	/work/cyu/stickleback_nuclear_only.fa	1
tars	PACH	0.000238243	0.000332383	0.716771	2163	/work/cyu/stickleback_nuclear_only.fa	1
tars	RS	0.00136637	0.00120045	1.13821	2163	/work/cyu/stickleback_nuclear_only.fa	1
tars	SC	0.000726998	0.00078295	0.928537	2163	/work/cyu/stickleback_nuclear_only.fa	1
tars	LB	0.000820855	0.000961216	0.853976	2163	/work/cyu/stickleback_nuclear_only.fa	1
tars	CH	0.00096616	0.000927004	1.04224	2163	/work/cyu/stickleback_nuclear_only.fa	1
tars	LG	0.000846237	0.000749579	1.12895	2163	/work/cyu/stickleback_nuclear_only.fa	1
tars	SR	0.000490777	0.000706876	0.694291	2163	/work/cyu/stickleback_nuclear_only.fa	1
tars	SL	0.0011789	0.000737596	1.5983	2163	/work/cyu/stickleback_nuclear_only.fa	1
tars	TL	0.000898005	0.000454204	1.9771	2163	/work/cyu/stickleback_nuclear_only.fa	1
tars	WB	0.000511114	0.000781411	0.654091	2163	/work/cyu/stickleback_nuclear_only.fa	1
tars	WT	0.00105447	0.000727601	1.44924	2163	/work/cyu/stickleback_nuclear_only.fa	1
tars	WK	0.000707608	0.00058171	1.21643	2163	/work/cyu/stickleback_nuclear_only.fa	1
tars	SWA	0.000189542	0.000209006	0.906877	2163	/work/cyu/stickleback_nuclear_only.fa	1
timmdc1	THE	0.000202814	0.000504944	0.401657	936	/work/cyu/stickleback_nuclear_only.fa	1
timmdc1	JOE	0.000566323	0.000847614	0.668137	936	/work/cyu/stickleback_nuclear_only.fa	1
timmdc1	BEA	0.00082463	0.00113158	0.728742	936	/work/cyu/stickleback_nuclear_only.fa	1
timmdc1	MUC	0.000306313	6.35373e-05	4.821	936	/work/cyu/stickleback_nuclear_only.fa	1
timmdc1	PYE	0.000866206	0.00145181	0.596638	936	/work/cyu/stickleback_nuclear_only.fa	1
timmdc1	AMO	0.00186429	0.000876544	2.12686	936	/work/cyu/stickleback_nuclear_only.fa	1
timmdc1	SAY	0.00148939	0.00122773	1.21313	936	/work/cyu/stickleback_nuclear_only.fa	1
timmdc1	GOS	0.00112786	0.000943698	1.19515	936	/work/cyu/stickleback_nuclear_only.fa	1
timmdc1	ROB	0.00121817	0.00130428	0.933981	936	/work/cyu/stickleback_nuclear_only.fa	1
timmdc1	FG	0.000444919	0.000429899	1.03494	936	/work/cyu/stickleback_nuclear_only.fa	1
timmdc1	BOOT	0.000910749	0.00110167	0.826699	936	/work/cyu/stickleback_nuclear_only.fa	1
timmdc1	ECHO	0.00016867	0.000150689	1.11932	936	/work/cyu/stickleback_nuclear_only.fa	1
timmdc1	FRED	0.000328717	5.37332e-05	6.11758	936	/work/cyu/stickleback_nuclear_only.fa	1
timmdc1	LAW	0.00123451	0.00142669	0.865299	936	/work/cyu/stickleback_nuclear_only.fa	1
timmdc1	PACH	0.000353216	0.000171756	2.0565	936	/work/cyu/stickleback_nuclear_only.fa	1
timmdc1	RS	0.00244123	0.0015325	1.59297	936	/work/cyu/stickleback_nuclear_only.fa	1
timmdc1	SC	0.00107755	0.00134343	0.802094	936	/work/cyu/stickleback_nuclear_only.fa	1
timmdc1	LB	0.00210638	0.00114894	1.83332	936	/work/cyu/stickleback_nuclear_only.fa	1
timmdc1	CH	0.00149268	0.00153735	0.970945	936	/work/cyu/stickleback_nuclear_only.fa	1
timmdc1	LG	0.00138862	0.00129095	1.07566	936	/work/cyu/stickleback_nuclear_only.fa	1
timmdc1	SR	0.000848758	0.000638569	1.32916	936	/work/cyu/stickleback_nuclear_only.fa	1
timmdc1	SL	0.00109578	0.0012091	0.906276	936	/work/cyu/stickleback_nuclear_only.fa	1
timmdc1	TL	0.00129071	0.000512734	2.5173	936	/work/cyu/stickleback_nuclear_only.fa	1
timmdc1	WB	0.00143787	0.00121505	1.18338	936	/work/cyu/stickleback_nuclear_only.fa	1
timmdc1	WT	0.0019143	0.0015025	1.27408	936	/work/cyu/stickleback_nuclear_only.fa	1
timmdc1	WK	0.00152273	0.00133241	1.14284	936	/work/cyu/stickleback_nuclear_only.fa	1
timmdc1	SWA	8.51315e-05	0.000871605	0.097672	936	/work/cyu/stickleback_nuclear_only.fa	1
tmem126a	THE	0.000147872	9.15951e-05	1.61441	594	/work/cyu/stickleback_nuclear_only.fa	1
tmem126a	JOE	0.000333498	0.000203818	1.63625	594	/work/cyu/stickleback_nuclear_only.fa	1
tmem126a	BEA	0.000247101	0.00283575	0.0871378	594	/work/cyu/stickleback_nuclear_only.fa	1
tmem126a	MUC	0.000101148	0.000101015	1.00132	594	/work/cyu/stickleback_nuclear_only.fa	1
tmem126a	PYE	0.000205648	0.00262387	0.078376	594	/work/cyu/stickleback_nuclear_only.fa	1
tmem126a	AMO	0.000262058	0.000130237	2.01216	594	/work/cyu/stickleback_nuclear_only.fa	1
tmem126a	SAY	0.000443836	0.00186704	0.237722	594	/work/cyu/stickleback_nuclear_only.fa	1
tmem126a	GOS	7.22121e-05	6.64083e-05	1.0874	594	/work/cyu/stickleback_nuclear_only.fa	1
tmem126a	ROB	0.000260452	0.000309971	0.840246	594	/work/cyu/stickleback_nuclear_only.fa	1
tmem126a	FG	0.000517256	0.00197973	0.261277	594	/work/cyu/stickleback_nuclear_only.fa	1
tmem126a	BOOT	7.08305e-05	0.00118157	0.0599459	594	/work/cyu/stickleback_nuclear_only.fa	1
tmem126a	ECHO	0.000125749	3.69786e-05	3.40058	594	/work/cyu/stickleback_nuclear_only.fa	1
tmem126a	FRED	0.000253488	0.000563605	0.449761	594	/work/cyu/stickleback_nuclear_only.fa	1
tmem126a	LAW	0.000387169	0.000267442	1.44767	594	/work/cyu/stickleback_nuclear_only.fa	1
tmem126a	PACH	0.000156062	0.000610649	0.255568	594	/work/cyu/stickleback_nuclear_only.fa	1
tmem126a	RS	0.000768165	0.000511373	1.50216	594	/work/cyu/stickleback_nuclear_only.fa	1
tmem126a	SC	0.000135731	0.00265395	0.0511429	594	/work/cyu/stickleback_nuclear_only.fa	1
tmem126a	LB	0.000306959	0.0010477	0.292984	594	/work/cyu/stickleback_nuclear_only.fa	1
tmem126a	CH	0.000120057	0.00245333	0.0489363	594	/work/cyu/stickleback_nuclear_only.fa	1
tmem126a	LG	0.000302728	0.000792827	0.381834	594	/work/cyu/stickleback_nuclear_only.fa	1
tmem126a	SR	9.17893e-05	0.00185326	0.0495286	594	/work/cyu/stickleback_nuclear_only.fa	1
tmem126a	SL	0.000245262	0.000571538	0.429126	594	/work/cyu/stickleback_nuclear_only.fa	1
tmem126a	TL	0.00048778	8.06201e-05	6.05035	594	/work/cyu/stickleback_nuclear_only.fa	1
tmem126a	WB	7.06878e-05	0.000903141	0.0782689	594	/work/cyu/stickleback_nuclear_only.fa	1
tmem126a	WT	0.000427289	0.00102685	0.416115	594	/work/cyu/stickleback_nuclear_only.fa	1
tmem126a	WK	0.000194266	0.000760705	0.255377	594	/work/cyu/stickleback_nuclear_only.fa	1
tmem126a	SWA	0.000198343	0.000857531	0.231295	594	/work/cyu/stickleback_nuclear_only.fa	1
tmem177	THE	0.000317606	0.00131483	0.241558	960	/work/cyu/stickleback_nuclear_only.fa	1
tmem177	JOE	0.000463324	0.000670537	0.690976	960	/work/cyu/stickleback_nuclear_only.fa	1
tmem177	BEA	0.00037375	0.00037401	0.999303	960	/work/cyu/stickleback_nuclear_only.fa	1
tmem177	MUC	0.000244882	0.000400928	0.610789	960	/work/cyu/stickleback_nuclear_only.fa	1
tmem177	PYE	0.000374986	0.00187699	0.199781	960	/work/cyu/stickleback_nuclear_only.fa	1
tmem177	AMO	0.00099934	0.00287914	0.347097	960	/work/cyu/stickleback_nuclear_only.fa	1
tmem177	SAY	0.000354852	0.00215703	0.16451	960	/work/cyu/stickleback_nuclear_only.fa	1
tmem177	GOS	0.000224992	0.000300214	0.749437	960	/work/cyu/stickleback_nuclear_only.fa	1
tmem177	ROB	0.000426629	0.00157122	0.271528	960	/work/cyu/stickleback_nuclear_only.fa	1
tmem177	FG	0.000490416	0.00064553	0.759711	960	/work/cyu/stickleback_nuclear_only.fa	1
tmem177	BOOT	0.000331524	0.000556986	0.595211	960	/work/cyu/stickleback_nuclear_only.fa	1
tmem177	ECHO	0.000546401	0.000182565	2.99291	960	/work/cyu/stickleback_nuclear_only.fa	1
tmem177	FRED	0.000329106	0.000389939	0.843993	960	/work/cyu/stickleback_nuclear_only.fa	1
tmem177	LAW	0.000750371	0.000773584	0.969993	960	/work/cyu/stickleback_nuclear_only.fa	1
tmem177	PACH	0.000343019	0.000156118	2.19717	960	/work/cyu/stickleback_nuclear_only.fa	1
tmem177	RS	0.00108851	0.00269953	0.40322	960	/work/cyu/stickleback_nuclear_only.fa	1
tmem177	SC	0.000494863	0.00235946	0.209736	960	/work/cyu/stickleback_nuclear_only.fa	1
tmem177	LB	0.000431098	0.00143749	0.299897	960	/work/cyu/stickleback_nuclear_only.fa	1
tmem177	CH	0.000456114	0.0020815	0.219128	960	/work/cyu/stickleback_nuclear_only.fa	1
tmem177	LG	0.000755407	0.00110383	0.684353	960	/work/cyu/stickleback_nuclear_only.fa	1
tmem177	SR	0.000392751	0.000210662	1.86437	960	/work/cyu/stickleback_nuclear_only.fa	1
tmem177	SL	0.000367593	0.00115074	0.31944	960	/work/cyu/stickleback_nuclear_only.fa	1
tmem177	TL	0.000351631	0.000499612	0.703808	960	/work/cyu/stickleback_nuclear_only.fa	1
tmem177	WB	0.000549323	0.00155401	0.353488	960	/work/cyu/stickleback_nuclear_only.fa	1
tmem177	WT	0.000198099	0.000798126	0.248206	960	/work/cyu/stickleback_nuclear_only.fa	1
tmem177	WK	0.000310509	0.000557561	0.556906	960	/work/cyu/stickleback_nuclear_only.fa	1
tmem177	SWA	0.000274794	0.000602165	0.456343	960	/work/cyu/stickleback_nuclear_only.fa	1
tmem70	THE	0.000897797	7.41786e-05	12.1032	414	/work/cyu/stickleback_nuclear_only.fa	1
tmem70	JOE	0.000386583	0.000261872	1.47623	414	/work/cyu/stickleback_nuclear_only.fa	1
tmem70	BEA	0.000344091	0.000118185	2.91146	414	/work/cyu/stickleback_nuclear_only.fa	1
tmem70	MUC	0	8.1065e-05	0	414	/work/cyu/stickleback_nuclear_only.fa	1
tmem70	PYE	0.00223881	8.73982e-05	25.6162	414	/work/cyu/stickleback_nuclear_only.fa	1
tmem70	AMO	0.000744404	7.72809e-05	9.63244	414	/work/cyu/stickleback_nuclear_only.fa	1
tmem70	SAY	0.00219066	0.000105647	20.7356	414	/work/cyu/stickleback_nuclear_only.fa	1
tmem70	GOS	0.000517345	0	NA	414	/work/cyu/stickleback_nuclear_only.fa	1
tmem70	ROB	0.000757256	5.4409e-05	13.9179	414	/work/cyu/stickleback_nuclear_only.fa	1
tmem70	FG	0.000936912	3.12801e-05	29.9524	414	/work/cyu/stickleback_nuclear_only.fa	1
tmem70	BOOT	0.00117531	0.000223417	5.26061	414	/work/cyu/stickleback_nuclear_only.fa	1
tmem70	ECHO	0.000232401	0	NA	414	/work/cyu/stickleback_nuclear_only.fa	1
tmem70	FRED	0.000332746	0	NA	414	/work/cyu/stickleback_nuclear_only.fa	1
tmem70	LAW	0.00238978	9.75947e-05	24.4868	414	/work/cyu/stickleback_nuclear_only.fa	1
tmem70	PACH	0.00235192	0	NA	414	/work/cyu/stickleback_nuclear_only.fa	1
tmem70	RS	0.00249591	0.000319742	7.806	414	/work/cyu/stickleback_nuclear_only.fa	1
tmem70	SC	0.00144973	7.71492e-05	18.7912	414	/work/cyu/stickleback_nuclear_only.fa	1
tmem70	LB	0.00172179	7.5617e-05	22.7699	414	/work/cyu/stickleback_nuclear_only.fa	1
tmem70	CH	0.00190822	8.13625e-05	23.4533	414	/work/cyu/stickleback_nuclear_only.fa	1
tmem70	LG	0.00178781	5.04995e-05	35.4025	414	/work/cyu/stickleback_nuclear_only.fa	1
tmem70	SR	0.00211844	8.09398e-05	26.173	414	/work/cyu/stickleback_nuclear_only.fa	1
tmem70	SL	0.00175949	8.22603e-05	21.3893	414	/work/cyu/stickleback_nuclear_only.fa	1
tmem70	TL	0.000213404	3.74934e-05	5.69177	414	/work/cyu/stickleback_nuclear_only.fa	1
tmem70	WB	0.00111471	4.45486e-05	25.0223	414	/work/cyu/stickleback_nuclear_only.fa	1
tmem70	WT	0.000755752	0	NA	414	/work/cyu/stickleback_nuclear_only.fa	1
tmem70	WK	0.000377766	3.82294e-05	9.88156	414	/work/cyu/stickleback_nuclear_only.fa	1
tmem70	SWA	0.00252377	0.000115272	21.894	414	/work/cyu/stickleback_nuclear_only.fa	1
ttc19	THE	0.000854105	7.91383e-05	10.7926	960	/work/cyu/stickleback_nuclear_only.fa	1
ttc19	JOE	0.00119969	0.000184436	6.50464	960	/work/cyu/stickleback_nuclear_only.fa	1
ttc19	BEA	0.000771906	0.000119913	6.43724	960	/work/cyu/stickleback_nuclear_only.fa	1
ttc19	MUC	0.000718014	0.000438572	1.63716	960	/work/cyu/stickleback_nuclear_only.fa	1
ttc19	PYE	0.000678913	0.00013365	5.07978	960	/work/cyu/stickleback_nuclear_only.fa	1
ttc19	AMO	0.000486003	0.000268268	1.81163	960	/work/cyu/stickleback_nuclear_only.fa	1
ttc19	SAY	0.00154766	5.04529e-05	30.6753	960	/work/cyu/stickleback_nuclear_only.fa	1
ttc19	GOS	0.000506289	5.86414e-05	8.63364	960	/work/cyu/stickleback_nuclear_only.fa	1
ttc19	ROB	0.000625843	0.000139591	4.48341	960	/work/cyu/stickleback_nuclear_only.fa	1
ttc19	FG	0.000775076	0.000118312	6.55109	960	/work/cyu/stickleback_nuclear_only.fa	1
ttc19	BOOT	0.000554799	0.00013262	4.18338	960	/work/cyu/stickleback_nuclear_only.fa	1
ttc19	ECHO	0.000202036	4.96758e-05	4.0671	960	/work/cyu/stickleback_nuclear_only.fa	1
ttc19	FRED	0.000253802	6.01042e-05	4.2227	960	/work/cyu/stickleback_nuclear_only.fa	1
ttc19	LAW	0.00111774	5.46819e-05	20.4407	960	/work/cyu/stickleback_nuclear_only.fa	1
ttc19	PACH	0.000432866	6.9408e-05	6.23655	960	/work/cyu/stickleback_nuclear_only.fa	1
ttc19	RS	0.00198346	0.000397775	4.98639	960	/work/cyu/stickleback_nuclear_only.fa	1
ttc19	SC	0.0011909	7.1575e-05	16.6385	960	/work/cyu/stickleback_nuclear_only.fa	1
ttc19	LB	0.00103985	0.000160464	6.48027	960	/work/cyu/stickleback_nuclear_only.fa	1
ttc19	CH	0.00137877	0.000104148	13.2386	960	/work/cyu/stickleback_nuclear_only.fa	1
ttc19	LG	0.000811417	0.000136772	5.93264	960	/work/cyu/stickleback_nuclear_only.fa	1
ttc19	SR	0.0011259	0.000252618	4.45691	960	/work/cyu/stickleback_nuclear_only.fa	1
ttc19	SL	0.000969119	3.02908e-05	31.9938	960	/work/cyu/stickleback_nuclear_only.fa	1
ttc19	TL	0.000644455	4.14154e-05	15.5608	960	/work/cyu/stickleback_nuclear_only.fa	1
ttc19	WB	0.000594331	3.21071e-05	18.5109	960	/work/cyu/stickleback_nuclear_only.fa	1
ttc19	WT	0.00104357	6.53222e-05	15.9758	960	/work/cyu/stickleback_nuclear_only.fa	1
ttc19	WK	0.00103206	6.91788e-05	14.9188	960	/work/cyu/stickleback_nuclear_only.fa	1
ttc19	SWA	0.00069768	3.06423e-05	22.7685	960	/work/cyu/stickleback_nuclear_only.fa	1
uba52	THE	0.000548978	3.64005e-05	15.0816	384	/work/cyu/stickleback_nuclear_only.fa	1
uba52	JOE	0.00121217	6.71986e-05	18.0387	384	/work/cyu/stickleback_nuclear_only.fa	1
uba52	BEA	0.000120316	4.82171e-05	2.4953	384	/work/cyu/stickleback_nuclear_only.fa	1
uba52	MUC	0.000116687	0.000102971	1.1332	384	/work/cyu/stickleback_nuclear_only.fa	1
uba52	PYE	0.00114629	0	NA	384	/work/cyu/stickleback_nuclear_only.fa	1
uba52	AMO	0.000287506	3.88969e-05	7.39148	384	/work/cyu/stickleback_nuclear_only.fa	1
uba52	SAY	0.000437073	0.000212087	2.06082	384	/work/cyu/stickleback_nuclear_only.fa	1
uba52	GOS	0.000765707	6.77985e-05	11.2939	384	/work/cyu/stickleback_nuclear_only.fa	1
uba52	ROB	0.000496787	7.79133e-05	6.37615	384	/work/cyu/stickleback_nuclear_only.fa	1
uba52	FG	0.000637078	5.3885e-05	11.8229	384	/work/cyu/stickleback_nuclear_only.fa	1
uba52	BOOT	0.000890335	0.000133308	6.67878	384	/work/cyu/stickleback_nuclear_only.fa	1
uba52	ECHO	0.00104874	5.9129e-05	17.7364	384	/work/cyu/stickleback_nuclear_only.fa	1
uba52	FRED	0.00034807	0	NA	384	/work/cyu/stickleback_nuclear_only.fa	1
uba52	LAW	0.000230787	0	NA	384	/work/cyu/stickleback_nuclear_only.fa	1
uba52	PACH	0.000213735	0.000215977	0.989618	384	/work/cyu/stickleback_nuclear_only.fa	1
uba52	RS	0.0015547	0.000319676	4.86337	384	/work/cyu/stickleback_nuclear_only.fa	1
uba52	SC	0.000791282	4.1214e-05	19.1994	384	/work/cyu/stickleback_nuclear_only.fa	1
uba52	LB	0.000955285	9.07607e-05	10.5253	384	/work/cyu/stickleback_nuclear_only.fa	1
uba52	CH	0.000940493	0.000102346	9.18932	384	/work/cyu/stickleback_nuclear_only.fa	1
uba52	LG	0.00050676	0	NA	384	/work/cyu/stickleback_nuclear_only.fa	1
uba52	SR	0.00109335	0.000157387	6.94688	384	/work/cyu/stickleback_nuclear_only.fa	1
uba52	SL	0.000267672	3.91304e-05	6.84052	384	/work/cyu/stickleback_nuclear_only.fa	1
uba52	TL	0.000149165	0.000161005	0.926457	384	/work/cyu/stickleback_nuclear_only.fa	1
uba52	WB	4.59227e-05	0	NA	384	/work/cyu/stickleback_nuclear_only.fa	1
uba52	WT	0.00104623	0	NA	384	/work/cyu/stickleback_nuclear_only.fa	1
uba52	WK	0.000142992	0.000103934	1.37579	384	/work/cyu/stickleback_nuclear_only.fa	1
uba52	SWA	0	9.09674e-05	0	384	/work/cyu/stickleback_nuclear_only.fa	1
uqcr10	THE	0.000201815	0.000128337	1.57254	198	/work/cyu/stickleback_nuclear_only.fa	1
uqcr10	JOE	0	8.6155e-05	0	198	/work/cyu/stickleback_nuclear_only.fa	1
uqcr10	BEA	7.38633e-05	0	NA	198	/work/cyu/stickleback_nuclear_only.fa	1
uqcr10	MUC	8.4901e-05	0	NA	198	/work/cyu/stickleback_nuclear_only.fa	1
uqcr10	PYE	7.84551e-05	0.000164958	0.475606	198	/work/cyu/stickleback_nuclear_only.fa	1
uqcr10	AMO	0.000421241	0.000264558	1.59225	198	/work/cyu/stickleback_nuclear_only.fa	1
uqcr10	SAY	0	0	NA	198	/work/cyu/stickleback_nuclear_only.fa	1
uqcr10	GOS	0.000279944	0	NA	198	/work/cyu/stickleback_nuclear_only.fa	1
uqcr10	ROB	0.000436399	0.000153393	2.84497	198	/work/cyu/stickleback_nuclear_only.fa	1
uqcr10	FG	0.000174897	8.10988e-05	2.15659	198	/work/cyu/stickleback_nuclear_only.fa	1
uqcr10	BOOT	0.000256142	0.000143736	1.78203	198	/work/cyu/stickleback_nuclear_only.fa	1
uqcr10	ECHO	0.000816213	0.000419608	1.94518	198	/work/cyu/stickleback_nuclear_only.fa	1
uqcr10	FRED	0.000150143	0.000126055	1.1911	198	/work/cyu/stickleback_nuclear_only.fa	1
uqcr10	LAW	0.000221898	0.000229465	0.967025	198	/work/cyu/stickleback_nuclear_only.fa	1
uqcr10	PACH	0.000222071	0.000117193	1.89491	198	/work/cyu/stickleback_nuclear_only.fa	1
uqcr10	RS	0.000626696	0.000633084	0.98991	198	/work/cyu/stickleback_nuclear_only.fa	1
uqcr10	SC	0.000225434	3.65167e-05	6.17344	198	/work/cyu/stickleback_nuclear_only.fa	1
uqcr10	LB	0.000363444	3.84531e-05	9.45162	198	/work/cyu/stickleback_nuclear_only.fa	1
uqcr10	CH	3.47659e-05	0.000106531	0.326345	198	/work/cyu/stickleback_nuclear_only.fa	1
uqcr10	LG	0.000274396	0.000104501	2.62576	198	/work/cyu/stickleback_nuclear_only.fa	1
uqcr10	SR	0.000103612	0.000161149	0.642956	198	/work/cyu/stickleback_nuclear_only.fa	1
uqcr10	SL	0.000170956	0	NA	198	/work/cyu/stickleback_nuclear_only.fa	1
uqcr10	TL	0	0.000103989	0	198	/work/cyu/stickleback_nuclear_only.fa	1
uqcr10	WB	0.000284713	9.06524e-05	3.14071	198	/work/cyu/stickleback_nuclear_only.fa	1
uqcr10	WT	0	0	NA	198	/work/cyu/stickleback_nuclear_only.fa	1
uqcr10	WK	0.000367821	0.000278083	1.3227	198	/work/cyu/stickleback_nuclear_only.fa	1
uqcr10	SWA	0.000375292	8.69307e-05	4.31715	198	/work/cyu/stickleback_nuclear_only.fa	1
uqcrb	THE	0.00107787	0	NA	327	/work/cyu/stickleback_nuclear_only.fa	1
uqcrb	JOE	0.000629366	0.000101776	6.18385	327	/work/cyu/stickleback_nuclear_only.fa	1
uqcrb	BEA	0.000233374	0	NA	327	/work/cyu/stickleback_nuclear_only.fa	1
uqcrb	MUC	0.000193459	0.00019095	1.01314	327	/work/cyu/stickleback_nuclear_only.fa	1
uqcrb	PYE	0.000475877	5.01863e-05	9.48221	327	/work/cyu/stickleback_nuclear_only.fa	1
uqcrb	AMO	0.000992403	9.42807e-05	10.526	327	/work/cyu/stickleback_nuclear_only.fa	1
uqcrb	SAY	0.000546988	0.000437794	1.24942	327	/work/cyu/stickleback_nuclear_only.fa	1
uqcrb	GOS	0.00161132	0	NA	327	/work/cyu/stickleback_nuclear_only.fa	1
uqcrb	ROB	0.00159851	0	NA	327	/work/cyu/stickleback_nuclear_only.fa	1
uqcrb	FG	0.000502542	7.05492e-05	7.12329	327	/work/cyu/stickleback_nuclear_only.fa	1
uqcrb	BOOT	0.00142089	8.23928e-05	17.2453	327	/work/cyu/stickleback_nuclear_only.fa	1
uqcrb	ECHO	0.00160527	0	NA	327	/work/cyu/stickleback_nuclear_only.fa	1
uqcrb	FRED	9.09124e-05	0	NA	327	/work/cyu/stickleback_nuclear_only.fa	1
uqcrb	LAW	0.00149739	0	NA	327	/work/cyu/stickleback_nuclear_only.fa	1
uqcrb	PACH	0.000203545	6.11271e-05	3.32986	327	/work/cyu/stickleback_nuclear_only.fa	1
uqcrb	RS	0.00136974	0.000150189	9.12012	327	/work/cyu/stickleback_nuclear_only.fa	1
uqcrb	SC	0.00102405	0	NA	327	/work/cyu/stickleback_nuclear_only.fa	1
uqcrb	LB	0.00068829	0.000175729	3.91677	327	/work/cyu/stickleback_nuclear_only.fa	1
uqcrb	CH	0.0012728	6.26914e-05	20.3026	327	/work/cyu/stickleback_nuclear_only.fa	1
uqcrb	LG	0.000531848	0	NA	327	/work/cyu/stickleback_nuclear_only.fa	1
uqcrb	SR	0.000173428	0	NA	327	/work/cyu/stickleback_nuclear_only.fa	1
uqcrb	SL	0.00140225	0	NA	327	/work/cyu/stickleback_nuclear_only.fa	1
uqcrb	TL	0.000189016	0	NA	327	/work/cyu/stickleback_nuclear_only.fa	1
uqcrb	WB	0.00156726	0.000753743	2.0793	327	/work/cyu/stickleback_nuclear_only.fa	1
uqcrb	WT	0.00163081	6.33914e-05	25.726	327	/work/cyu/stickleback_nuclear_only.fa	1
uqcrb	WK	0.00123001	0	NA	327	/work/cyu/stickleback_nuclear_only.fa	1
uqcrb	SWA	0.00162464	0.000114202	14.2261	327	/work/cyu/stickleback_nuclear_only.fa	1
uqcrc1	THE	0.000794938	0.000593403	1.33963	1485	/work/cyu/stickleback_nuclear_only.fa	1
uqcrc1	JOE	0.00111809	0.000556277	2.00995	1485	/work/cyu/stickleback_nuclear_only.fa	1
uqcrc1	BEA	0.000596598	0.00021386	2.78966	1485	/work/cyu/stickleback_nuclear_only.fa	1
uqcrc1	MUC	0.000411391	0.000209583	1.9629	1485	/work/cyu/stickleback_nuclear_only.fa	1
uqcrc1	PYE	0.00101778	0.00103061	0.987555	1485	/work/cyu/stickleback_nuclear_only.fa	1
uqcrc1	AMO	0.000888603	0.000445723	1.99362	1485	/work/cyu/stickleback_nuclear_only.fa	1
uqcrc1	SAY	0.000970555	0.000778493	1.24671	1485	/work/cyu/stickleback_nuclear_only.fa	1
uqcrc1	GOS	0.000539505	3.50694e-05	15.384	1485	/work/cyu/stickleback_nuclear_only.fa	1
uqcrc1	ROB	0.00127225	0.000748353	1.70007	1485	/work/cyu/stickleback_nuclear_only.fa	1
uqcrc1	FG	0.000903549	0.000897616	1.00661	1485	/work/cyu/stickleback_nuclear_only.fa	1
uqcrc1	BOOT	0.000252189	0.000180961	1.39361	1485	/work/cyu/stickleback_nuclear_only.fa	1
uqcrc1	ECHO	0.000345915	7.73191e-05	4.47386	1485	/work/cyu/stickleback_nuclear_only.fa	1
uqcrc1	FRED	0.00108972	0.000317158	3.43589	1485	/work/cyu/stickleback_nuclear_only.fa	1
uqcrc1	LAW	0.00114771	0.000888402	1.29188	1485	/work/cyu/stickleback_nuclear_only.fa	1
uqcrc1	PACH	0.000739776	0.000455106	1.6255	1485	/work/cyu/stickleback_nuclear_only.fa	1
uqcrc1	RS	0.00167933	0.00105383	1.59355	1485	/work/cyu/stickleback_nuclear_only.fa	1
uqcrc1	SC	0.00098965	0.000739074	1.33904	1485	/work/cyu/stickleback_nuclear_only.fa	1
uqcrc1	LB	0.0011003	0.000667407	1.64861	1485	/work/cyu/stickleback_nuclear_only.fa	1
uqcrc1	CH	0.000719669	0.00068889	1.04468	1485	/work/cyu/stickleback_nuclear_only.fa	1
uqcrc1	LG	0.000647521	0.000443127	1.46125	1485	/work/cyu/stickleback_nuclear_only.fa	1
uqcrc1	SR	0.000335822	0.000196874	1.70577	1485	/work/cyu/stickleback_nuclear_only.fa	1
uqcrc1	SL	0.00101958	0.000928259	1.09838	1485	/work/cyu/stickleback_nuclear_only.fa	1
uqcrc1	TL	0.000480705	0.000175673	2.73636	1485	/work/cyu/stickleback_nuclear_only.fa	1
uqcrc1	WB	0.000843758	0.000828777	1.01808	1485	/work/cyu/stickleback_nuclear_only.fa	1
uqcrc1	WT	0.00112654	0.000732873	1.53715	1485	/work/cyu/stickleback_nuclear_only.fa	1
uqcrc1	WK	0.00110669	0.000805273	1.3743	1485	/work/cyu/stickleback_nuclear_only.fa	1
uqcrc1	SWA	0.000473328	0.000107597	4.39906	1485	/work/cyu/stickleback_nuclear_only.fa	1
uqcrc2b	THE	0.00152759	0.00117784	1.29694	1353	/work/cyu/stickleback_nuclear_only.fa	1
uqcrc2b	JOE	0.000866785	0.000796126	1.08875	1353	/work/cyu/stickleback_nuclear_only.fa	1
uqcrc2b	BEA	0.00173502	0.00076435	2.26993	1353	/work/cyu/stickleback_nuclear_only.fa	1
uqcrc2b	MUC	0.000542858	0.000469799	1.15551	1353	/work/cyu/stickleback_nuclear_only.fa	1
uqcrc2b	PYE	0.00183452	0.00090365	2.03012	1353	/work/cyu/stickleback_nuclear_only.fa	1
uqcrc2b	AMO	0.00171171	0.000911183	1.87855	1353	/work/cyu/stickleback_nuclear_only.fa	1
uqcrc2b	SAY	0.00222532	0.00148867	1.49484	1353	/work/cyu/stickleback_nuclear_only.fa	1
uqcrc2b	GOS	0.000387802	0.000395439	0.980688	1353	/work/cyu/stickleback_nuclear_only.fa	1
uqcrc2b	ROB	0.00173459	0.00142939	1.21352	1353	/work/cyu/stickleback_nuclear_only.fa	1
uqcrc2b	FG	0.00129985	0.00153218	0.848371	1353	/work/cyu/stickleback_nuclear_only.fa	1
uqcrc2b	BOOT	0.00198651	0.000869069	2.2858	1353	/work/cyu/stickleback_nuclear_only.fa	1
uqcrc2b	ECHO	0.000293161	0.000134693	2.17652	1353	/work/cyu/stickleback_nuclear_only.fa	1
uqcrc2b	FRED	0.00151503	0.000728686	2.07912	1353	/work/cyu/stickleback_nuclear_only.fa	1
uqcrc2b	LAW	0.00175764	0.000761141	2.30921	1353	/work/cyu/stickleback_nuclear_only.fa	1
uqcrc2b	PACH	0.000160777	0.000256147	0.627677	1353	/work/cyu/stickleback_nuclear_only.fa	1
uqcrc2b	RS	0.00278031	0.00205551	1.35261	1353	/work/cyu/stickleback_nuclear_only.fa	1
uqcrc2b	SC	0.00184623	0.00182028	1.01425	1353	/work/cyu/stickleback_nuclear_only.fa	1
uqcrc2b	LB	0.00146089	0.00154846	0.943451	1353	/work/cyu/stickleback_nuclear_only.fa	1
uqcrc2b	CH	0.0022173	0.00148571	1.49242	1353	/work/cyu/stickleback_nuclear_only.fa	1
uqcrc2b	LG	0.00144826	0.00132249	1.0951	1353	/work/cyu/stickleback_nuclear_only.fa	1
uqcrc2b	SR	0.000733259	0.00148771	0.492878	1353	/work/cyu/stickleback_nuclear_only.fa	1
uqcrc2b	SL	0.00184233	0.00159493	1.15512	1353	/work/cyu/stickleback_nuclear_only.fa	1
uqcrc2b	TL	0.00137635	0.000935583	1.47111	1353	/work/cyu/stickleback_nuclear_only.fa	1
uqcrc2b	WB	0.00149416	0.00160896	0.92865	1353	/work/cyu/stickleback_nuclear_only.fa	1
uqcrc2b	WT	0.00179859	0.00159733	1.12599	1353	/work/cyu/stickleback_nuclear_only.fa	1
uqcrc2b	WK	0.00129843	0.00110329	1.17687	1353	/work/cyu/stickleback_nuclear_only.fa	1
uqcrc2b	SWA	0.0016295	0.000105596	15.4315	1353	/work/cyu/stickleback_nuclear_only.fa	1
uqcrfs1	THE	0.00107143	0.000196025	5.46575	774	/work/cyu/stickleback_nuclear_only.fa	1
uqcrfs1	JOE	0.000485485	0.000194652	2.49411	774	/work/cyu/stickleback_nuclear_only.fa	1
uqcrfs1	BEA	0.000744561	0.000760287	0.979315	774	/work/cyu/stickleback_nuclear_only.fa	1
uqcrfs1	MUC	0.000211919	0	NA	774	/work/cyu/stickleback_nuclear_only.fa	1
uqcrfs1	PYE	0.00127592	0.000112059	11.3861	774	/work/cyu/stickleback_nuclear_only.fa	1
uqcrfs1	AMO	0.00145024	0.000310642	4.66853	774	/work/cyu/stickleback_nuclear_only.fa	1
uqcrfs1	SAY	0.00129313	0.000271572	4.76166	774	/work/cyu/stickleback_nuclear_only.fa	1
uqcrfs1	GOS	0.000822301	3.12057e-05	26.351	774	/work/cyu/stickleback_nuclear_only.fa	1
uqcrfs1	ROB	0.00157408	0.000244228	6.4451	774	/work/cyu/stickleback_nuclear_only.fa	1
uqcrfs1	FG	0.00150044	0.000144965	10.3504	774	/work/cyu/stickleback_nuclear_only.fa	1
uqcrfs1	BOOT	0.000575926	3.62592e-05	15.8836	774	/work/cyu/stickleback_nuclear_only.fa	1
uqcrfs1	ECHO	0.00112031	9.21418e-05	12.1585	774	/work/cyu/stickleback_nuclear_only.fa	1
uqcrfs1	FRED	0.00114438	3.10952e-05	36.8024	774	/work/cyu/stickleback_nuclear_only.fa	1
uqcrfs1	LAW	0.00104497	0.00011769	8.87904	774	/work/cyu/stickleback_nuclear_only.fa	1
uqcrfs1	PACH	0.000590307	2.71698e-05	21.7266	774	/work/cyu/stickleback_nuclear_only.fa	1
uqcrfs1	RS	0.0022155	0.000480106	4.61462	774	/work/cyu/stickleback_nuclear_only.fa	1
uqcrfs1	SC	0.00159031	0.000182098	8.73329	774	/work/cyu/stickleback_nuclear_only.fa	1
uqcrfs1	LB	0.00178676	0.000174914	10.2151	774	/work/cyu/stickleback_nuclear_only.fa	1
uqcrfs1	CH	0.00139525	0.000171323	8.144	774	/work/cyu/stickleback_nuclear_only.fa	1
uqcrfs1	LG	0.00181456	0.000396939	4.57137	774	/work/cyu/stickleback_nuclear_only.fa	1
uqcrfs1	SR	0.00193225	0.000458533	4.21399	774	/work/cyu/stickleback_nuclear_only.fa	1
uqcrfs1	SL	0.00160744	0.000117463	13.6847	774	/work/cyu/stickleback_nuclear_only.fa	1
uqcrfs1	TL	0.000658028	0.000141102	4.66349	774	/work/cyu/stickleback_nuclear_only.fa	1
uqcrfs1	WB	0.00185384	2.47359e-05	74.9455	774	/work/cyu/stickleback_nuclear_only.fa	1
uqcrfs1	WT	0.0016378	0.000410902	3.98586	774	/work/cyu/stickleback_nuclear_only.fa	1
uqcrfs1	WK	0.00131946	5.05432e-05	26.1056	774	/work/cyu/stickleback_nuclear_only.fa	1
uqcrfs1	SWA	0.000183097	2.28232e-05	8.02239	774	/work/cyu/stickleback_nuclear_only.fa	1
uqcrh	THE	0.00068921	0.000539333	1.27789	270	/work/cyu/stickleback_nuclear_only.fa	1
uqcrh	JOE	0.000216168	0.000184803	1.16972	270	/work/cyu/stickleback_nuclear_only.fa	1
uqcrh	BEA	0.000851802	0.000285634	2.98214	270	/work/cyu/stickleback_nuclear_only.fa	1
uqcrh	MUC	0.000385058	6.67073e-05	5.77236	270	/work/cyu/stickleback_nuclear_only.fa	1
uqcrh	PYE	0.00227357	0.00223375	1.01783	270	/work/cyu/stickleback_nuclear_only.fa	1
uqcrh	AMO	0.000789785	0.000994041	0.79452	270	/work/cyu/stickleback_nuclear_only.fa	1
uqcrh	SAY	0.00204562	0.00229668	0.890686	270	/work/cyu/stickleback_nuclear_only.fa	1
uqcrh	GOS	0.000119742	0.000438942	0.272796	270	/work/cyu/stickleback_nuclear_only.fa	1
uqcrh	ROB	0.00192531	0.00219324	0.877838	270	/work/cyu/stickleback_nuclear_only.fa	1
uqcrh	FG	0.000497309	0	NA	270	/work/cyu/stickleback_nuclear_only.fa	1
uqcrh	BOOT	0.00143131	0	NA	270	/work/cyu/stickleback_nuclear_only.fa	1
uqcrh	ECHO	0.000522987	0	NA	270	/work/cyu/stickleback_nuclear_only.fa	1
uqcrh	FRED	0.000305865	0	NA	270	/work/cyu/stickleback_nuclear_only.fa	1
uqcrh	LAW	0.00210845	0.0012997	1.62226	270	/work/cyu/stickleback_nuclear_only.fa	1
uqcrh	PACH	0.00022695	0.000238399	0.951977	270	/work/cyu/stickleback_nuclear_only.fa	1
uqcrh	RS	0.00138328	0.00139787	0.989566	270	/work/cyu/stickleback_nuclear_only.fa	1
uqcrh	SC	0.000394789	0.000593502	0.665186	270	/work/cyu/stickleback_nuclear_only.fa	1
uqcrh	LB	0.00210418	0.000641487	3.28016	270	/work/cyu/stickleback_nuclear_only.fa	1
uqcrh	CH	0.000642628	0.000730338	0.879905	270	/work/cyu/stickleback_nuclear_only.fa	1
uqcrh	LG	0.00168566	0.000319796	5.27104	270	/work/cyu/stickleback_nuclear_only.fa	1
uqcrh	SR	0.000199377	0.00118335	0.168485	270	/work/cyu/stickleback_nuclear_only.fa	1
uqcrh	SL	0.00222831	0.00187773	1.18671	270	/work/cyu/stickleback_nuclear_only.fa	1
uqcrh	TL	0.00056907	0.00110164	0.516564	270	/work/cyu/stickleback_nuclear_only.fa	1
uqcrh	WB	0.00144402	0.00259887	0.555635	270	/work/cyu/stickleback_nuclear_only.fa	1
uqcrh	WT	0.0019814	0.00129352	1.53179	270	/work/cyu/stickleback_nuclear_only.fa	1
uqcrh	WK	0.000487913	0.00187895	0.259673	270	/work/cyu/stickleback_nuclear_only.fa	1
uqcrh	SWA	0.000119914	0.00173169	0.0692466	270	/work/cyu/stickleback_nuclear_only.fa	1
uqcrq	THE	0	0.00165853	0	243	/work/cyu/stickleback_nuclear_only.fa	1
uqcrq	JOE	0.000262618	0.00193402	0.135788	243	/work/cyu/stickleback_nuclear_only.fa	1
uqcrq	BEA	0	0	NA	243	/work/cyu/stickleback_nuclear_only.fa	1
uqcrq	MUC	0.000175232	0.00029262	0.598838	243	/work/cyu/stickleback_nuclear_only.fa	1
uqcrq	PYE	0.00149045	0	NA	243	/work/cyu/stickleback_nuclear_only.fa	1
uqcrq	AMO	0.000726025	0.000473469	1.53342	243	/work/cyu/stickleback_nuclear_only.fa	1
uqcrq	SAY	0.00130492	0.00209185	0.623811	243	/work/cyu/stickleback_nuclear_only.fa	1
uqcrq	GOS	9.59295e-05	0.00142964	0.0671004	243	/work/cyu/stickleback_nuclear_only.fa	1
uqcrq	ROB	0.000432864	0.000361918	1.19603	243	/work/cyu/stickleback_nuclear_only.fa	1
uqcrq	FG	0.000367243	0.00196936	0.186478	243	/work/cyu/stickleback_nuclear_only.fa	1
uqcrq	BOOT	0.000127924	0.00266878	0.0479334	243	/work/cyu/stickleback_nuclear_only.fa	1
uqcrq	ECHO	0.000100191	0.000184729	0.542368	243	/work/cyu/stickleback_nuclear_only.fa	1
uqcrq	FRED	0.000559159	0.00014342	3.89876	243	/work/cyu/stickleback_nuclear_only.fa	1
uqcrq	LAW	0.000186877	0.00246331	0.075864	243	/work/cyu/stickleback_nuclear_only.fa	1
uqcrq	PACH	0.000278198	0	NA	243	/work/cyu/stickleback_nuclear_only.fa	1
uqcrq	RS	0.000870369	0.00028303	3.07519	243	/work/cyu/stickleback_nuclear_only.fa	1
uqcrq	SC	0.000172137	4.49542e-05	3.82916	243	/work/cyu/stickleback_nuclear_only.fa	1
uqcrq	LB	0.00035596	0.00228792	0.155583	243	/work/cyu/stickleback_nuclear_only.fa	1
uqcrq	CH	0.000769317	0.00415365	0.185215	243	/work/cyu/stickleback_nuclear_only.fa	1
uqcrq	LG	0.000566293	0.00205739	0.275248	243	/work/cyu/stickleback_nuclear_only.fa	1
uqcrq	SR	0.000147935	0.00104424	0.141668	243	/work/cyu/stickleback_nuclear_only.fa	1
uqcrq	SL	0.00195312	0.00160867	1.21412	243	/work/cyu/stickleback_nuclear_only.fa	1
uqcrq	TL	0.000494816	0.000374121	1.32261	243	/work/cyu/stickleback_nuclear_only.fa	1
uqcrq	WB	0.000102127	0.000250469	0.407742	243	/work/cyu/stickleback_nuclear_only.fa	1
uqcrq	WT	0.00211201	0.00272942	0.773796	243	/work/cyu/stickleback_nuclear_only.fa	1
uqcrq	WK	6.12724e-05	0.00106656	0.0574488	243	/work/cyu/stickleback_nuclear_only.fa	1
uqcrq	SWA	7.53392e-05	8.28716e-05	0.909107	243	/work/cyu/stickleback_nuclear_only.fa	1
vars	THE	0.000638142	0.000374326	1.70478	3648	/work/cyu/stickleback_nuclear_only.fa	1
vars	JOE	0.000827152	0.000472142	1.75191	3648	/work/cyu/stickleback_nuclear_only.fa	1
vars	BEA	0.000258933	6.65052e-05	3.89343	3648	/work/cyu/stickleback_nuclear_only.fa	1
vars	MUC	0.00096065	0.00071525	1.3431	3648	/work/cyu/stickleback_nuclear_only.fa	1
vars	PYE	0.000786351	0.000460051	1.70927	3648	/work/cyu/stickleback_nuclear_only.fa	1
vars	AMO	0.000904086	0.000464338	1.94704	3648	/work/cyu/stickleback_nuclear_only.fa	1
vars	SAY	0.00120559	0.000378706	3.18345	3648	/work/cyu/stickleback_nuclear_only.fa	1
vars	GOS	0.000407664	0.000205057	1.98805	3648	/work/cyu/stickleback_nuclear_only.fa	1
vars	ROB	0.00099533	0.000566518	1.75693	3648	/work/cyu/stickleback_nuclear_only.fa	1
vars	FG	0.000578365	0.00037855	1.52784	3648	/work/cyu/stickleback_nuclear_only.fa	1
vars	BOOT	0.000372123	0.000263288	1.41337	3648	/work/cyu/stickleback_nuclear_only.fa	1
vars	ECHO	0.000362168	0.000238914	1.51589	3648	/work/cyu/stickleback_nuclear_only.fa	1
vars	FRED	0.000634029	0.000206846	3.06523	3648	/work/cyu/stickleback_nuclear_only.fa	1
vars	LAW	0.000527419	0.000288081	1.8308	3648	/work/cyu/stickleback_nuclear_only.fa	1
vars	PACH	0.000279785	8.2982e-05	3.37163	3648	/work/cyu/stickleback_nuclear_only.fa	1
vars	RS	0.00112096	0.000379167	2.95637	3648	/work/cyu/stickleback_nuclear_only.fa	1
vars	SC	0.000651809	0.000224397	2.90471	3648	/work/cyu/stickleback_nuclear_only.fa	1
vars	LB	0.00154971	0.000970968	1.59605	3648	/work/cyu/stickleback_nuclear_only.fa	1
vars	CH	0.000581127	0.000245742	2.36479	3648	/work/cyu/stickleback_nuclear_only.fa	1
vars	LG	0.000580026	0.000361077	1.60638	3648	/work/cyu/stickleback_nuclear_only.fa	1
vars	SR	0.000297073	0.000184526	1.60993	3648	/work/cyu/stickleback_nuclear_only.fa	1
vars	SL	0.000821477	0.000559286	1.4688	3648	/work/cyu/stickleback_nuclear_only.fa	1
vars	TL	0.000708028	0.000199699	3.54547	3648	/work/cyu/stickleback_nuclear_only.fa	1
vars	WB	0.0013539	0.00100636	1.34535	3648	/work/cyu/stickleback_nuclear_only.fa	1
vars	WT	0.00102634	0.000640668	1.60199	3648	/work/cyu/stickleback_nuclear_only.fa	1
vars	WK	0.000937841	0.000594786	1.57677	3648	/work/cyu/stickleback_nuclear_only.fa	1
vars	SWA	0.00254082	0.00112918	2.25015	3648	/work/cyu/stickleback_nuclear_only.fa	1
vars2	THE	0.000878075	0.000184482	4.75967	2934	/work/cyu/stickleback_nuclear_only.fa	1
vars2	JOE	0.000422811	0.000128381	3.2934	2934	/work/cyu/stickleback_nuclear_only.fa	1
vars2	BEA	0.000760163	0.000428062	1.77582	2934	/work/cyu/stickleback_nuclear_only.fa	1
vars2	MUC	0.000296974	5.28699e-05	5.61708	2934	/work/cyu/stickleback_nuclear_only.fa	1
vars2	PYE	0.00106211	0.000155	6.85229	2934	/work/cyu/stickleback_nuclear_only.fa	1
vars2	AMO	0.000741879	0.000459702	1.61382	2934	/work/cyu/stickleback_nuclear_only.fa	1
vars2	SAY	0.000801544	0.000313332	2.55814	2934	/work/cyu/stickleback_nuclear_only.fa	1
vars2	GOS	0.000586268	0.000393576	1.48959	2934	/work/cyu/stickleback_nuclear_only.fa	1
vars2	ROB	0.000998401	0.000325753	3.0649	2934	/work/cyu/stickleback_nuclear_only.fa	1
vars2	FG	0.000903076	0.000120675	7.48356	2934	/work/cyu/stickleback_nuclear_only.fa	1
vars2	BOOT	0.0007729	0.000312484	2.4734	2934	/work/cyu/stickleback_nuclear_only.fa	1
vars2	ECHO	0.000405831	0.000309421	1.31158	2934	/work/cyu/stickleback_nuclear_only.fa	1
vars2	FRED	0.000249846	8.15998e-05	3.06184	2934	/work/cyu/stickleback_nuclear_only.fa	1
vars2	LAW	0.000959114	0.000321189	2.98613	2934	/work/cyu/stickleback_nuclear_only.fa	1
vars2	PACH	0.000198491	8.81376e-05	2.25206	2934	/work/cyu/stickleback_nuclear_only.fa	1
vars2	RS	0.00144175	0.000449061	3.21059	2934	/work/cyu/stickleback_nuclear_only.fa	1
vars2	SC	0.000767012	0.000172807	4.43855	2934	/work/cyu/stickleback_nuclear_only.fa	1
vars2	LB	0.000989641	0.000344075	2.87623	2934	/work/cyu/stickleback_nuclear_only.fa	1
vars2	CH	0.000724897	0.000274033	2.64529	2934	/work/cyu/stickleback_nuclear_only.fa	1
vars2	LG	0.000789046	0.000296464	2.66152	2934	/work/cyu/stickleback_nuclear_only.fa	1
vars2	SR	0.000819441	0.000285826	2.86693	2934	/work/cyu/stickleback_nuclear_only.fa	1
vars2	SL	0.000766461	0.000171373	4.47246	2934	/work/cyu/stickleback_nuclear_only.fa	1
vars2	TL	0.000527095	0.000182255	2.89208	2934	/work/cyu/stickleback_nuclear_only.fa	1
vars2	WB	0.000794241	0.000269354	2.94869	2934	/work/cyu/stickleback_nuclear_only.fa	1
vars2	WT	0.000954196	0.000145398	6.56265	2934	/work/cyu/stickleback_nuclear_only.fa	1
vars2	WK	0.000813258	0.000156265	5.20434	2934	/work/cyu/stickleback_nuclear_only.fa	1
vars2	SWA	0.000496933	5.07208e-05	9.79741	2934	/work/cyu/stickleback_nuclear_only.fa	1
wars	THE	0.000212039	0.000546075	0.388296	1419	/work/cyu/stickleback_nuclear_only.fa	1
wars	JOE	0.000454408	0.000442388	1.02717	1419	/work/cyu/stickleback_nuclear_only.fa	1
wars	BEA	0.000315847	0.000302156	1.04531	1419	/work/cyu/stickleback_nuclear_only.fa	1
wars	MUC	0.00055193	8.61423e-05	6.40718	1419	/work/cyu/stickleback_nuclear_only.fa	1
wars	PYE	0.000405802	0.000307683	1.3189	1419	/work/cyu/stickleback_nuclear_only.fa	1
wars	AMO	0.000518293	0.000732195	0.707862	1419	/work/cyu/stickleback_nuclear_only.fa	1
wars	SAY	0.000658926	0.000588614	1.11945	1419	/work/cyu/stickleback_nuclear_only.fa	1
wars	GOS	0.000929662	0.000433602	2.14405	1419	/work/cyu/stickleback_nuclear_only.fa	1
wars	ROB	0.000763446	0.000489649	1.55917	1419	/work/cyu/stickleback_nuclear_only.fa	1
wars	FG	0.000807163	7.00803e-05	11.5177	1419	/work/cyu/stickleback_nuclear_only.fa	1
wars	BOOT	0.000787239	0.000529514	1.48672	1419	/work/cyu/stickleback_nuclear_only.fa	1
wars	ECHO	0.00043129	0.000202838	2.12628	1419	/work/cyu/stickleback_nuclear_only.fa	1
wars	FRED	0.000392047	0.000147285	2.66183	1419	/work/cyu/stickleback_nuclear_only.fa	1
wars	LAW	0.000855652	0.000592951	1.44304	1419	/work/cyu/stickleback_nuclear_only.fa	1
wars	PACH	0.000481776	0.000179107	2.68988	1419	/work/cyu/stickleback_nuclear_only.fa	1
wars	RS	0.00110027	0.000502408	2.19	1419	/work/cyu/stickleback_nuclear_only.fa	1
wars	SC	0.000569042	0.000359393	1.58334	1419	/work/cyu/stickleback_nuclear_only.fa	1
wars	LB	0.000525747	0.000342812	1.53363	1419	/work/cyu/stickleback_nuclear_only.fa	1
wars	CH	0.000655301	0.000200781	3.26376	1419	/work/cyu/stickleback_nuclear_only.fa	1
wars	LG	0.000578127	5.62499e-05	10.2778	1419	/work/cyu/stickleback_nuclear_only.fa	1
wars	SR	0.000264025	0.000228926	1.15332	1419	/work/cyu/stickleback_nuclear_only.fa	1
wars	SL	0.000396886	0.000178958	2.21777	1419	/work/cyu/stickleback_nuclear_only.fa	1
wars	TL	0.000185222	0.000432796	0.427966	1419	/work/cyu/stickleback_nuclear_only.fa	1
wars	WB	0.000649324	4.31872e-05	15.0351	1419	/work/cyu/stickleback_nuclear_only.fa	1
wars	WT	0.000427962	0.000380144	1.12579	1419	/work/cyu/stickleback_nuclear_only.fa	1
wars	WK	0.000605025	0.000162542	3.72226	1419	/work/cyu/stickleback_nuclear_only.fa	1
wars	SWA	0.000108303	0.00041033	0.26394	1419	/work/cyu/stickleback_nuclear_only.fa	1
yars	THE	0.00155795	0.000939682	1.65795	1587	/work/cyu/stickleback_nuclear_only.fa	1
yars	JOE	0.000340313	0.000147599	2.30567	1587	/work/cyu/stickleback_nuclear_only.fa	1
yars	BEA	0.000612061	0.000458281	1.33556	1587	/work/cyu/stickleback_nuclear_only.fa	1
yars	MUC	0.000772381	0.00101493	0.761019	1587	/work/cyu/stickleback_nuclear_only.fa	1
yars	PYE	0.00152762	0.00105038	1.45435	1587	/work/cyu/stickleback_nuclear_only.fa	1
yars	AMO	0.00180138	0.00124508	1.44679	1587	/work/cyu/stickleback_nuclear_only.fa	1
yars	SAY	0.00168575	0.00126133	1.33648	1587	/work/cyu/stickleback_nuclear_only.fa	1
yars	GOS	0.000983496	0.00042438	2.31749	1587	/work/cyu/stickleback_nuclear_only.fa	1
yars	ROB	0.00195054	0.00120787	1.61486	1587	/work/cyu/stickleback_nuclear_only.fa	1
yars	FG	0.000996246	0.00097028	1.02676	1587	/work/cyu/stickleback_nuclear_only.fa	1
yars	BOOT	0.00104598	0.000541117	1.933	1587	/work/cyu/stickleback_nuclear_only.fa	1
yars	ECHO	0.000616145	0.000317747	1.93911	1587	/work/cyu/stickleback_nuclear_only.fa	1
yars	FRED	0.000594221	0.000332878	1.7851	1587	/work/cyu/stickleback_nuclear_only.fa	1
yars	LAW	0.000903861	0.000492319	1.83592	1587	/work/cyu/stickleback_nuclear_only.fa	1
yars	PACH	0.000492101	4.78294e-05	10.2887	1587	/work/cyu/stickleback_nuclear_only.fa	1
yars	RS	0.00210709	0.001658	1.27086	1587	/work/cyu/stickleback_nuclear_only.fa	1
yars	SC	0.00133504	0.00123455	1.0814	1587	/work/cyu/stickleback_nuclear_only.fa	1
yars	LB	0.00144941	0.00125792	1.15223	1587	/work/cyu/stickleback_nuclear_only.fa	1
yars	CH	0.00148525	0.00135305	1.09771	1587	/work/cyu/stickleback_nuclear_only.fa	1
yars	LG	0.00155418	0.00141477	1.09854	1587	/work/cyu/stickleback_nuclear_only.fa	1
yars	SR	0.00110948	0.00148267	0.748296	1587	/work/cyu/stickleback_nuclear_only.fa	1
yars	SL	0.00165954	0.00122272	1.35726	1587	/work/cyu/stickleback_nuclear_only.fa	1
yars	TL	0.000630214	0.000803997	0.783851	1587	/work/cyu/stickleback_nuclear_only.fa	1
yars	WB	0.00124178	0.00108228	1.14737	1587	/work/cyu/stickleback_nuclear_only.fa	1
yars	WT	0.00178437	0.00142292	1.25402	1587	/work/cyu/stickleback_nuclear_only.fa	1
yars	WK	0.0012404	0.00094875	1.30741	1587	/work/cyu/stickleback_nuclear_only.fa	1
yars	SWA	0.0010515	0.000753822	1.39489	1587	/work/cyu/stickleback_nuclear_only.fa	1
yars2	THE	0.000942297	0.000178378	5.2826	1410	/work/cyu/stickleback_nuclear_only.fa	1
yars2	JOE	0.000662205	0.000339297	1.9517	1410	/work/cyu/stickleback_nuclear_only.fa	1
yars2	BEA	0.000931574	0.000458052	2.03378	1410	/work/cyu/stickleback_nuclear_only.fa	1
yars2	MUC	0.000935617	0.000160419	5.83232	1410	/work/cyu/stickleback_nuclear_only.fa	1
yars2	PYE	0.000851826	0.00027294	3.12093	1410	/work/cyu/stickleback_nuclear_only.fa	1
yars2	AMO	0.000820541	0.000103846	7.90152	1410	/work/cyu/stickleback_nuclear_only.fa	1
yars2	SAY	0.00138027	0.000316469	4.36146	1410	/work/cyu/stickleback_nuclear_only.fa	1
yars2	GOS	0.000359849	2.58456e-05	13.9231	1410	/work/cyu/stickleback_nuclear_only.fa	1
yars2	ROB	0.000785	2.53844e-05	30.9246	1410	/work/cyu/stickleback_nuclear_only.fa	1
yars2	FG	0.0010287	6.4998e-05	15.8266	1410	/work/cyu/stickleback_nuclear_only.fa	1
yars2	BOOT	0.000416466	0.000216573	1.92298	1410	/work/cyu/stickleback_nuclear_only.fa	1
yars2	ECHO	0.000203666	0.000243909	0.835008	1410	/work/cyu/stickleback_nuclear_only.fa	1
yars2	FRED	0.000896137	0.000172225	5.20329	1410	/work/cyu/stickleback_nuclear_only.fa	1
yars2	LAW	0.000445007	6.01561e-05	7.39753	1410	/work/cyu/stickleback_nuclear_only.fa	1
yars2	PACH	0.000241486	5.04437e-05	4.78724	1410	/work/cyu/stickleback_nuclear_only.fa	1
yars2	RS	0.00154969	0.00060871	2.54586	1410	/work/cyu/stickleback_nuclear_only.fa	1
yars2	SC	0.000993659	0.000227451	4.36868	1410	/work/cyu/stickleback_nuclear_only.fa	1
yars2	LB	0.00098754	0.000109416	9.02554	1410	/work/cyu/stickleback_nuclear_only.fa	1
yars2	CH	0.00111174	0.000300971	3.69384	1410	/work/cyu/stickleback_nuclear_only.fa	1
yars2	LG	0.000926652	0.000172148	5.38288	1410	/work/cyu/stickleback_nuclear_only.fa	1
yars2	SR	0.000942785	0.00034485	2.7339	1410	/work/cyu/stickleback_nuclear_only.fa	1
yars2	SL	0.000935475	0.000133927	6.98496	1410	/work/cyu/stickleback_nuclear_only.fa	1
yars2	TL	0.000529854	0.000283684	1.86776	1410	/work/cyu/stickleback_nuclear_only.fa	1
yars2	WB	0.000999953	9.78245e-05	10.2219	1410	/work/cyu/stickleback_nuclear_only.fa	1
yars2	WT	0.000821239	0.000208994	3.92949	1410	/work/cyu/stickleback_nuclear_only.fa	1
yars2	WK	0.000604522	0.00023805	2.53947	1410	/work/cyu/stickleback_nuclear_only.fa	1
yars2	SWA	0.00100342	0.00010037	9.99716	1410	/work/cyu/stickleback_nuclear_only.fa	1
